{
  "song_title": "Headphones",
  "writer": "Frith Hilton",
  "release_date": "July 2, 2025",
  "cover": "https://frithhilton.com.ng/pages/musicpool-db/covers/whereIsTheMoodRobot/11.jpg",
  "mp3_url": "https://frithhilton.com.ng/pages/musicpool-db/mp3/whereIsTheMoodRobot/11.mp3",
  "duration": 156,
  "id": "363",
  "lyrics": [
    {
      "line": "[Intro] ",
      "annotations": {},
      "timestamp": "0.00"
    },
    {
      "line": "Hey",
      "annotations": {},
      "timestamp": "1.79"
    },
    {
      "line": "Fresh Boy Chilling",
      "annotations": {},
      "timestamp": "3.84"
    },
    {
      "line": "I'm just tryna chill out on this ",
      "annotations": {},
      "timestamp": "6.58"
    },
    {
      "line": "",
      "annotations": {},
      "timestamp": "0"
    },
    {
      "line": "[Verse 1] ",
      "annotations": {},
      "timestamp": "9.03"
    },
    {
      "line": "I should be proud of her",
      "annotations": {},
      "timestamp": "11.45"
    },
    {
      "line": "How she'll feel that I'm on top of her",
      "annotations": {},
      "timestamp": "15.32"
    },
    {
      "line": "Wherever, I'm feeling real good next to her",
      "annotations": {},
      "timestamp": "21.55"
    },
    {
      "line": "I only need her in my headphones ",
      "annotations": {},
      "timestamp": "27.75"
    },
    {
      "line": "Just to feel this good ",
      "annotations": {},
      "timestamp": "31.96"
    },
    {
      "line": "",
      "annotations": {},
      "timestamp": "0"
    },
    {
      "line": "[Chorus] ",
      "annotations": {},
      "timestamp": "34.77"
    },
    {
      "line": "How she has me feeling",
      "annotations": {},
      "timestamp": "36.17"
    },
    {
      "line": "Won't top no lover's pain",
      "annotations": {},
      "timestamp": "40.47"
    },
    {
      "line": "And I know it ",
      "annotations": {},
      "timestamp": "48.17"
    },
    {
      "line": "And I know it ",
      "annotations": {},
      "timestamp": "50.86"
    },
    {
      "line": "And I know it ",
      "annotations": {},
      "timestamp": "54.22"
    },
    {
      "line": "Once I have my headphones on",
      "annotations": {},
      "timestamp": "57.06"
    },
    {
      "line": "Soon as my friend is on ",
      "annotations": {},
      "timestamp": "60.42"
    },
    {
      "line": "",
      "annotations": {},
      "timestamp": "0"
    },
    {
      "line": "[Verse 2]",
      "annotations": {},
      "timestamp": "67.98"
    },
    {
      "line": "What kind of girl is this",
      "annotations": {},
      "timestamp": "69.78"
    },
    {
      "line": "Something new, the way she walks",
      "annotations": {},
      "timestamp": "74.23"
    },
    {
      "line": "The way she talks ",
      "annotations": {},
      "timestamp": "77.40"
    },
    {
      "line": "",
      "annotations": {},
      "timestamp": "0"
    },
    {
      "line": "[Chorus 2]",
      "annotations": {},
      "timestamp": "79.51"
    },
    {
      "line": "Heavenly, how can I ",
      "annotations": {},
      "timestamp": "81.44"
    },
    {
      "line": "So salve of it",
      "annotations": {},
      "timestamp": "87.81"
    },
    {
      "line": "Something like new to me",
      "annotations": {},
      "timestamp": "90.54"
    },
    {
      "line": "Heavenly, your touch over me here ",
      "annotations": {},
      "timestamp": "93.97"
    },
    {
      "line": "",
      "annotations": {},
      "timestamp": "0"
    },
    {
      "line": "[Verse 3]",
      "annotations": {},
      "timestamp": "103.01"
    },
    {
      "line": "She's definitely different ",
      "annotations": {},
      "timestamp": "105.31"
    },
    {
      "line": "She's definitely different ",
      "annotations": {},
      "timestamp": "110.98"
    },
    {
      "line": "And I'm getting used to it",
      "annotations": {},
      "timestamp": "117.83"
    },
    {
      "line": "Touching me the way you do",
      "annotations": {},
      "timestamp": "122.52"
    },
    {
      "line": "I could be here forever, and a day",
      "annotations": {},
      "timestamp": "128.39"
    },
    {
      "line": "To say a story of a forever has been",
      "annotations": {},
      "timestamp": "136.32"
    },
    {
      "line": "I could be here forever, and a day",
      "annotations": {},
      "timestamp": "141.70"
    },
    {
      "line": "To say, to write what forever has been",
      "annotations": {},
      "timestamp": "147.97"
    }
  ]
}