{
  "lyrics": [
    {
      "line": "[Intro]",
      "annotations": {}
    },
    {
      "line": "Oh oh oh",
      "annotations": {}
    },
    {
      "line": "Yeah",
      "annotations": {}
    },
    {
      "line": "Come on",
      "annotations": {}
    },
    {
      "line": "What you know",
      "annotations": {}
    },
    {
      "line": "They say it",
      "annotations": {}
    },
    {
      "line": "Come on",
      "annotations": {}
    },
    {
      "line": "What you know",
      "annotations": {}
    },
    {
      "line": "They say",
      "annotations": {}
    },
    {
      "line": "I got the manner",
      "annotations": {}
    },
    {
      "line": "(oh)",
      "annotations": {}
    },
    {
      "line": "Felicity, felicity",
      "annotations": {}
    },
    {
      "line": "I got the manner",
      "annotations": {}
    },
    {
      "line": "(oh)",
      "annotations": {}
    },
    {
      "line": "Felicity, felicity",
      "annotations": {}
    },
    {
      "line": "",
      "annotations": {}
    },
    {
      "line": "[Verse 1]",
      "annotations": {}
    },
    {
      "line": "Better when i am on my own",
      "annotations": {}
    },
    {
      "line": "Better when with my own",
      "annotations": {}
    },
    {
      "line": "Better when i am on my own",
      "annotations": {}
    },
    {
      "line": "Better when i’m with my own",
      "annotations": {}
    },
    {
      "line": "(milou)",
      "annotations": {}
    },
    {
      "line": "You can find no skald on me",
      "annotations": {}
    },
    {
      "line": "Just a couple scars",
      "annotations": {}
    },
    {
      "line": "You can find some pretty girls",
      "annotations": {}
    },
    {
      "line": "Oh it’s so nice",
      "annotations": {}
    },
    {
      "line": "Body, body",
      "annotations": {}
    },
    {
      "line": "Come around if you wanna party",
      "annotations": {}
    },
    {
      "line": "Hang by no time",
      "annotations": {}
    },
    {
      "line": "Feeling naughty",
      "annotations": {}
    },
    {
      "line": "Thought i told her",
      "annotations": {}
    },
    {
      "line": "Better be there",
      "annotations": {}
    },
    {
      "line": "If she can make it by 3:30",
      "annotations": {}
    },
    {
      "line": "What you say",
      "annotations": {}
    },
    {
      "line": "What you said, ah",
      "annotations": {}
    },
    {
      "line": "My mind spinning",
      "annotations": {}
    },
    {
      "line": "Feeling like i can’t hit the",
      "annotations": {}
    },
    {
      "line": "Bеd aid, bedding",
      "annotations": {}
    },
    {
      "line": "",
      "annotations": {}
    },
    {
      "line": "[Bridge]",
      "annotations": {}
    },
    {
      "line": "She said, she said",
      "annotations": {}
    },
    {
      "line": "Shе only wanted my, my love",
      "annotations": {}
    },
    {
      "line": "She said, she said",
      "annotations": {}
    },
    {
      "line": "She only wanted my love",
      "annotations": {}
    },
    {
      "line": "",
      "annotations": {}
    },
    {
      "line": "[Aside]",
      "annotations": {}
    },
    {
      "line": "And it went",
      "annotations": {}
    },
    {
      "line": "The first time",
      "annotations": {}
    },
    {
      "line": "When i saw you on the tv",
      "annotations": {}
    },
    {
      "line": "And i said i was",
      "annotations": {}
    },
    {
      "line": "Gonna get kendall as my girl",
      "annotations": {}
    },
    {
      "line": "And just had to walk towards it",
      "annotations": {}
    },
    {
      "line": "",
      "annotations": {}
    },
    {
      "line": "[Verse 3]",
      "annotations": {}
    },
    {
      "line": "Told you i dreamed of you",
      "annotations": {}
    },
    {
      "line": "Told you i dreamed of you",
      "annotations": {}
    },
    {
      "line": "Never day, nor the night",
      "annotations": {}
    },
    {
      "line": "Duh!",
      "annotations": {}
    },
    {
      "line": "(laughter)",
      "annotations": {}
    },
    {
      "line": "",
      "annotations": {}
    },
    {
      "line": "[Outro]",
      "annotations": {}
    },
    {
      "line": "Oh, i love her",
      "annotations": {}
    },
    {
      "line": "I love my baby like jenner kendall",
      "annotations": {}
    },
    {
      "line": "Call her like b",
      "annotations": {}
    },
    {
      "line": "The deal with the witty",
      "annotations": {}
    },
    {
      "line": "I don’t give a f ck",
      "annotations": {}
    },
    {
      "line": "Like these other writer’s get up",
      "annotations": {}
    },
    {
      "line": "I just get around",
      "annotations": {}
    },
    {
      "line": "Feeling like i’ve always cheated",
      "annotations": {}
    }
  ]
}