{
  "lyrics": [
    {
      "line": "[Intro]",
      "annotations": {}
    },
    {
      "line": "Oh, here we go",
      "annotations": {}
    },
    {
      "line": "Oh oh",
      "annotations": {}
    },
    {
      "line": "",
      "annotations": {}
    },
    {
      "line": "[Chorus]",
      "annotations": {}
    },
    {
      "line": "Yo, we wasted on the yawn",
      "annotations": {}
    },
    {
      "line": "I count the heapy wrong",
      "annotations": {}
    },
    {
      "line": "I see it every time",
      "annotations": {}
    },
    {
      "line": "It goes and goes",
      "annotations": {}
    },
    {
      "line": "And we make a round",
      "annotations": {}
    },
    {
      "line": "Youth is wasted on the young",
      "annotations": {}
    },
    {
      "line": "I can’t cede it now",
      "annotations": {}
    },
    {
      "line": "It grows, a nearer echo",
      "annotations": {}
    },
    {
      "line": "Animal, i am on my knees",
      "annotations": {}
    },
    {
      "line": "I need you here",
      "annotations": {}
    },
    {
      "line": "",
      "annotations": {}
    },
    {
      "line": "[Bridge]",
      "annotations": {}
    },
    {
      "line": "Closer, told you that i can’t breathe here",
      "annotations": {}
    },
    {
      "line": "Exclusive, told you",
      "annotations": {}
    },
    {
      "line": "You’re my love",
      "annotations": {}
    },
    {
      "line": "Hey pick it up my love",
      "annotations": {}
    },
    {
      "line": "",
      "annotations": {}
    },
    {
      "line": "[Verse 1]",
      "annotations": {}
    },
    {
      "line": "I was flaming being the hero",
      "annotations": {}
    },
    {
      "line": "How it feels",
      "annotations": {}
    },
    {
      "line": "When i’m stuck in the back of my mind",
      "annotations": {}
    },
    {
      "line": "How it feels",
      "annotations": {}
    },
    {
      "line": "When i’m caught in the wave form",
      "annotations": {}
    },
    {
      "line": "It is dirе",
      "annotations": {}
    },
    {
      "line": "Put me on my jewel, a girl",
      "annotations": {}
    },
    {
      "line": "You got mе lost",
      "annotations": {}
    },
    {
      "line": "In the back of your moves",
      "annotations": {}
    },
    {
      "line": "I don’t ever say it",
      "annotations": {}
    },
    {
      "line": "I just d mn see it again",
      "annotations": {}
    },
    {
      "line": "Singing enough",
      "annotations": {}
    },
    {
      "line": "Can’t get it out of my head",
      "annotations": {}
    },
    {
      "line": "Sometimes, i want to get out",
      "annotations": {}
    },
    {
      "line": "And scream it in the air",
      "annotations": {}
    },
    {
      "line": "Oh, she’s got my love sop and bounded",
      "annotations": {}
    },
    {
      "line": "She’s got my love so grounded",
      "annotations": {}
    },
    {
      "line": "I know river is unpounded",
      "annotations": {}
    },
    {
      "line": "Say that i love you",
      "annotations": {}
    },
    {
      "line": "Our horus, we’ll call it up",
      "annotations": {}
    },
    {
      "line": "Or wait that i will do it wiser",
      "annotations": {}
    },
    {
      "line": "",
      "annotations": {}
    },
    {
      "line": "[Verse 2]",
      "annotations": {}
    },
    {
      "line": "Girl you know",
      "annotations": {}
    },
    {
      "line": "I’m that mason (oh!)",
      "annotations": {}
    },
    {
      "line": "Let me shut you out",
      "annotations": {}
    },
    {
      "line": "Let me touch that pretty ass (mariam)",
      "annotations": {}
    },
    {
      "line": "I kind of love it",
      "annotations": {}
    },
    {
      "line": "If i touch it",
      "annotations": {}
    },
    {
      "line": "I’ma fly",
      "annotations": {}
    },
    {
      "line": "If i feel it",
      "annotations": {}
    },
    {
      "line": "I may get a life",
      "annotations": {}
    },
    {
      "line": "Ah!",
      "annotations": {}
    },
    {
      "line": "Tell me what you want",
      "annotations": {}
    },
    {
      "line": "Feeling like i got it, your door",
      "annotations": {}
    },
    {
      "line": "I’m not right for this job they say",
      "annotations": {}
    },
    {
      "line": "But i know that",
      "annotations": {}
    },
    {
      "line": "I’m on my mode, 3 4 2",
      "annotations": {}
    },
    {
      "line": "Like running through this place like",
      "annotations": {}
    },
    {
      "line": "Bank, i’ma back you",
      "annotations": {}
    },
    {
      "line": "Bank on my money",
      "annotations": {}
    },
    {
      "line": "Code, i think",
      "annotations": {}
    },
    {
      "line": "A jut, through with it",
      "annotations": {}
    },
    {
      "line": "Then say is four, for two",
      "annotations": {}
    },
    {
      "line": "",
      "annotations": {}
    },
    {
      "line": "[Bridge]",
      "annotations": {}
    },
    {
      "line": "Closer, told you that i can’t breathe here",
      "annotations": {}
    },
    {
      "line": "Exclusive, told you",
      "annotations": {}
    },
    {
      "line": "You’re my love",
      "annotations": {}
    },
    {
      "line": "Hey pick it up my love",
      "annotations": {}
    },
    {
      "line": "",
      "annotations": {}
    },
    {
      "line": "[Chorus]",
      "annotations": {}
    },
    {
      "line": "Yo, we wasted on the yawn",
      "annotations": {}
    },
    {
      "line": "I count the heapy wrong",
      "annotations": {}
    },
    {
      "line": "I see it every time",
      "annotations": {}
    },
    {
      "line": "It goes and goes",
      "annotations": {}
    },
    {
      "line": "And we make a round",
      "annotations": {}
    },
    {
      "line": "Youth is wasted on the young",
      "annotations": {}
    },
    {
      "line": "I can’t cede it now",
      "annotations": {}
    },
    {
      "line": "It grows, a nearer echo",
      "annotations": {}
    },
    {
      "line": "Animal, i am on my knees",
      "annotations": {}
    },
    {
      "line": "I need you there",
      "annotations": {}
    }
  ]
}