{
  "lyrics": [
    {
      "line": "[Intro]",
      "annotations": {
        "Intro": "Annotation for [Intro]"
      }
    },
    {
      "line": "Is it true",
      "annotations": {}
    },
    {
      "line": "Like you feel",
      "annotations": {}
    },
    {
      "line": "Something i could seal",
      "annotations": {}
    },
    {
      "line": "",
      "annotations": {}
    },
    {
      "line": "[Chorus]",
      "annotations": {
        "Chorus": "Annotation for [Chorus]"
      }
    },
    {
      "line": "Is it true",
      "annotations": {}
    },
    {
      "line": "You feel",
      "annotations": {}
    },
    {
      "line": "Something i could seal",
      "annotations": {}
    },
    {
      "line": "",
      "annotations": {}
    },
    {
      "line": "[Verse 1]",
      "annotations": {
        "1": "Annotation for 1]",
        "Verse": "Annotation for [Verse"
      }
    },
    {
      "line": "Asking me; hard to say",
      "annotations": {}
    },
    {
      "line": "My emotions are here to stay",
      "annotations": {}
    },
    {
      "line": "Sometimes to love",
      "annotations": {}
    },
    {
      "line": "Sometimes i’m a bore",
      "annotations": {}
    },
    {
      "line": "Sometimes i just want to pour some more",
      "annotations": {}
    },
    {
      "line": "",
      "annotations": {}
    },
    {
      "line": "[Chorus]",
      "annotations": {
        "Chorus": "Annotation for [Chorus]"
      }
    },
    {
      "line": "Is it true",
      "annotations": {}
    },
    {
      "line": "You feel",
      "annotations": {}
    },
    {
      "line": "Something i could seal",
      "annotations": {}
    },
    {
      "line": "(i could say i’ll be the deal)",
      "annotations": {}
    },
    {
      "line": "",
      "annotations": {}
    },
    {
      "line": "[Verse 2]",
      "annotations": {
        "2": "Annotation for 2]",
        "Verse": "Annotation for [Verse"
      }
    },
    {
      "line": "Wishing for some more",
      "annotations": {}
    },
    {
      "line": "For some more time",
      "annotations": {}
    },
    {
      "line": "Hip and up",
      "annotations": {}
    },
    {
      "line": "Keeping up from",
      "annotations": {}
    },
    {
      "line": "I’m in dental",
      "annotations": {}
    },
    {
      "line": "To dent to her",
      "annotations": {}
    },
    {
      "line": "",
      "annotations": {}
    },
    {
      "line": "[Verse 3]",
      "annotations": {
        "3": "Annotation for 3]",
        "Verse": "Annotation for [Verse"
      }
    },
    {
      "line": "Would you love",
      "annotations": {}
    },
    {
      "line": "Love love love",
      "annotations": {}
    },
    {
      "line": "Too too much",
      "annotations": {}
    },
    {
      "line": "(too much)",
      "annotations": {}
    },
    {
      "line": "Dissolving his spur",
      "annotations": {}
    },
    {
      "line": "(too much love)",
      "annotations": {}
    },
    {
      "line": "",
      "annotations": {}
    },
    {
      "line": "[Chorus]",
      "annotations": {
        "Chorus": "Annotation for [Chorus]"
      }
    },
    {
      "line": "Is it true",
      "annotations": {}
    },
    {
      "line": "That you feel",
      "annotations": {}
    },
    {
      "line": "Somеthing i could seal",
      "annotations": {}
    },
    {
      "line": "",
      "annotations": {}
    },
    {
      "line": "[Chorus]",
      "annotations": {
        "Chorus": "Annotation for [Chorus]"
      }
    },
    {
      "line": "Is it true",
      "annotations": {}
    },
    {
      "line": "You feel",
      "annotations": {}
    },
    {
      "line": "Something i could sеal",
      "annotations": {}
    },
    {
      "line": "",
      "annotations": {}
    },
    {
      "line": "[Outro]",
      "annotations": {
        "Outro": "Annotation for [Outro]"
      }
    },
    {
      "line": "Emotions, some more",
      "annotations": {}
    },
    {
      "line": "I’m willing to give all i’ve got",
      "annotations": {}
    },
    {
      "line": "Emotions, some more",
      "annotations": {}
    },
    {
      "line": "I’m willing to give all i’ve got",
      "annotations": {}
    }
  ]
}