{
  "lyrics": [
    {
      "line": "I think i’m above it",
      "annotations": {}
    },
    {
      "line": "I’m tryna find you",
      "annotations": {}
    },
    {
      "line": "Tryna survive",
      "annotations": {}
    },
    {
      "line": "And now i found you",
      "annotations": {}
    },
    {
      "line": "Keep fighting",
      "annotations": {}
    },
    {
      "line": "Get it right",
      "annotations": {}
    },
    {
      "line": "I tell myself",
      "annotations": {}
    },
    {
      "line": "Only i can’t really find myself",
      "annotations": {}
    },
    {
      "line": "Feels like",
      "annotations": {}
    },
    {
      "line": "She want me starting loving mine",
      "annotations": {}
    },
    {
      "line": "Got stuck with you",
      "annotations": {}
    },
    {
      "line": "Cos you always in my rear view",
      "annotations": {}
    },
    {
      "line": "And i’m racing",
      "annotations": {}
    },
    {
      "line": "Right back to you",
      "annotations": {}
    },
    {
      "line": "Feel you crossing through the stairs",
      "annotations": {}
    },
    {
      "line": "I can’t find you",
      "annotations": {}
    },
    {
      "line": "Her seed above it",
      "annotations": {}
    },
    {
      "line": "But i can’t till",
      "annotations": {}
    },
    {
      "line": "Come above it",
      "annotations": {}
    },
    {
      "line": "I’m drowning in deep waters",
      "annotations": {}
    },
    {
      "line": "So you find me in gills",
      "annotations": {}
    },
    {
      "line": "I can’t get enough of this",
      "annotations": {}
    },
    {
      "line": "Julian",
      "annotations": {}
    },
    {
      "line": "….",
      "annotations": {}
    },
    {
      "line": "Tell me if it is real",
      "annotations": {}
    },
    {
      "line": "Look in me",
      "annotations": {}
    },
    {
      "line": "Out my mind",
      "annotations": {}
    },
    {
      "line": "The voices in my head don’t celebrate",
      "annotations": {}
    },
    {
      "line": "And you’re always kinging me like i’m about to go insane",
      "annotations": {}
    },
    {
      "line": "",
      "annotations": {}
    },
    {
      "line": "[The more sane than the sane voice]",
      "annotations": {}
    },
    {
      "line": "But i know",
      "annotations": {}
    },
    {
      "line": "I still feel the pain",
      "annotations": {}
    },
    {
      "line": "When i pick up my phone",
      "annotations": {}
    },
    {
      "line": "When i look at your photos",
      "annotations": {}
    },
    {
      "line": "I really know those",
      "annotations": {}
    },
    {
      "line": "You got mе",
      "annotations": {}
    },
    {
      "line": "Got me stuck in this place",
      "annotations": {}
    },
    {
      "line": "Like i still didn’t hit him back",
      "annotations": {}
    },
    {
      "line": "I got nothing in my brain",
      "annotations": {}
    },
    {
      "line": "You don’t think",
      "annotations": {}
    },
    {
      "line": "That’s rеally jewel",
      "annotations": {}
    },
    {
      "line": "It’s a fvcking brain rut",
      "annotations": {}
    },
    {
      "line": "Got me feeling like",
      "annotations": {}
    },
    {
      "line": "I can’t keep this sh t",
      "annotations": {}
    },
    {
      "line": "On my own",
      "annotations": {}
    },
    {
      "line": "You’re sure my misery",
      "annotations": {}
    },
    {
      "line": "You got me really looking like a show",
      "annotations": {}
    }
  ]
}