{
  "lyrics": [
    {
      "line": "[The more sane than the sane voice]",
      "annotations": {
        "The": "Annotation for [The",
        "voice": "Annotation for voice]"
      }
    },
    {
      "line": "But i know",
      "annotations": {}
    },
    {
      "line": "I still feel the pain",
      "annotations": {}
    },
    {
      "line": "When i pick up my phone",
      "annotations": {}
    },
    {
      "line": "When i look at your photos",
      "annotations": {}
    },
    {
      "line": "I really know those",
      "annotations": {}
    },
    {
      "line": "You got mе",
      "annotations": {}
    },
    {
      "line": "Got me stuck in this place",
      "annotations": {}
    },
    {
      "line": "Like i still didn’t hit him back",
      "annotations": {}
    },
    {
      "line": "I got nothing in my brain",
      "annotations": {}
    },
    {
      "line": "You don’t think",
      "annotations": {}
    },
    {
      "line": "That’s rеally jewel",
      "annotations": {}
    },
    {
      "line": "It’s a fvcking brain rut",
      "annotations": {}
    },
    {
      "line": "Got me feeling like",
      "annotations": {}
    },
    {
      "line": "I can’t keep this sh t",
      "annotations": {}
    },
    {
      "line": "On my own",
      "annotations": {}
    },
    {
      "line": "You’re sure my misery",
      "annotations": {}
    },
    {
      "line": "You got me really looking like a show",
      "annotations": {}
    }
  ]
}