{
  "lyrics": [
    {
      "line": "[Intro]",
      "annotations": {}
    },
    {
      "line": "Whoa oh",
      "annotations": {}
    },
    {
      "line": "Hey",
      "annotations": {}
    },
    {
      "line": "And you know we do it",
      "annotations": {}
    },
    {
      "line": "I’m not over addison",
      "annotations": {}
    },
    {
      "line": "I just had to say it roam",
      "annotations": {}
    },
    {
      "line": "",
      "annotations": {}
    },
    {
      "line": "[Verse 1]",
      "annotations": {}
    },
    {
      "line": "It’s the logophile with another amnion",
      "annotations": {}
    },
    {
      "line": "Whoa oh",
      "annotations": {}
    },
    {
      "line": "Chary with my words",
      "annotations": {}
    },
    {
      "line": "I don’t ever carry",
      "annotations": {}
    },
    {
      "line": "Load of patootie",
      "annotations": {}
    },
    {
      "line": "She’s got me on a ladle",
      "annotations": {}
    },
    {
      "line": "Cordon round my shen",
      "annotations": {}
    },
    {
      "line": "How you bound me with a sn tch",
      "annotations": {}
    },
    {
      "line": "Cortège in the pool",
      "annotations": {}
    },
    {
      "line": "I’m unto her coiffure",
      "annotations": {}
    },
    {
      "line": "Like a winning door",
      "annotations": {}
    },
    {
      "line": "Katharevousa",
      "annotations": {}
    },
    {
      "line": "Come and christian me dior",
      "annotations": {}
    },
    {
      "line": "I quill a poem, if she’ll let me have it",
      "annotations": {}
    },
    {
      "line": "Potpourri her winning answer",
      "annotations": {}
    },
    {
      "line": "Addison ejecting hanker",
      "annotations": {}
    },
    {
      "line": "Bye to the loo",
      "annotations": {}
    },
    {
      "line": "Former thoughts on how i am having you",
      "annotations": {}
    },
    {
      "line": "Doggerel on the shoo",
      "annotations": {}
    },
    {
      "line": "Your bum poky salacious",
      "annotations": {}
    },
    {
      "line": "Attuned to my nature",
      "annotations": {}
    },
    {
      "line": "Acclaiming, you’re voluptuous",
      "annotations": {}
    },
    {
      "line": "Tongue in hеre like i’m newton",
      "annotations": {}
    },
    {
      "line": "Banging likе a new sheen",
      "annotations": {}
    },
    {
      "line": "D mning that’s a new . . . that’s off the grill",
      "annotations": {}
    },
    {
      "line": "",
      "annotations": {}
    },
    {
      "line": "[Verse 2]",
      "annotations": {}
    },
    {
      "line": "Addison, you’ve got me vociferous",
      "annotations": {}
    },
    {
      "line": "Penning so impetuous",
      "annotations": {}
    },
    {
      "line": "Impassioned to a fizzy sprawl",
      "annotations": {}
    },
    {
      "line": "Shrieking off a raki l st",
      "annotations": {}
    },
    {
      "line": "Dreaming this in nature’s chores",
      "annotations": {}
    },
    {
      "line": "Togs off bathing in deliquesce",
      "annotations": {}
    },
    {
      "line": "Pr cking off a page so just",
      "annotations": {}
    },
    {
      "line": "Love you like a granny’s dutch",
      "annotations": {}
    },
    {
      "line": "Here is mummy’s hutch",
      "annotations": {}
    },
    {
      "line": "Be mine, a grokking much",
      "annotations": {}
    },
    {
      "line": "Lunching off your bum hump pad",
      "annotations": {}
    },
    {
      "line": "Beauty like an akimbo stand",
      "annotations": {}
    },
    {
      "line": "Voice, dulcet rose gold",
      "annotations": {}
    },
    {
      "line": "Face stormy petrel dish",
      "annotations": {}
    },
    {
      "line": "I think i hear baby cries",
      "annotations": {}
    }
  ]
}