{
  "lyrics": [
    {
      "line": "[Intro]",
      "annotations": {
        "Intro": "Annotation for [Intro]"
      }
    },
    {
      "line": "Fresh boy chilling",
      "annotations": {}
    },
    {
      "line": "",
      "annotations": {}
    },
    {
      "line": "[Chorus]",
      "annotations": {
        "Chorus": "Annotation for [Chorus]"
      }
    },
    {
      "line": "Adios",
      "annotations": {}
    },
    {
      "line": "It came with the words from a prose",
      "annotations": {}
    },
    {
      "line": "Landed just behind the poachers",
      "annotations": {}
    },
    {
      "line": "And they came running after",
      "annotations": {}
    },
    {
      "line": "For your love for me",
      "annotations": {}
    },
    {
      "line": "It’s getting wild",
      "annotations": {}
    },
    {
      "line": "Don’t get us out extinct",
      "annotations": {}
    },
    {
      "line": "And i’ve been far away with my glasses",
      "annotations": {}
    },
    {
      "line": "Tryna find something i’ll find over passes",
      "annotations": {}
    },
    {
      "line": "Uh, while i’m out here saying",
      "annotations": {}
    },
    {
      "line": "",
      "annotations": {}
    },
    {
      "line": "[Verse 1]",
      "annotations": {
        "1": "Annotation for 1]",
        "Verse": "Annotation for [Verse"
      }
    },
    {
      "line": "At your service girl",
      "annotations": {}
    },
    {
      "line": "Do you like it when it’s clear",
      "annotations": {}
    },
    {
      "line": "How i feel doesn’t head for resell",
      "annotations": {}
    },
    {
      "line": "Fell lower than i got it",
      "annotations": {}
    },
    {
      "line": "How you fill milk, card i got in",
      "annotations": {}
    },
    {
      "line": "With this call, do i get another diss count?",
      "annotations": {}
    },
    {
      "line": "P wning out through your pound",
      "annotations": {}
    },
    {
      "line": "Whatever it is",
      "annotations": {}
    },
    {
      "line": "Ever beautiful, girl you’re еver beautiful",
      "annotations": {}
    },
    {
      "line": "",
      "annotations": {}
    },
    {
      "line": "[Chorus]",
      "annotations": {
        "Chorus": "Annotation for [Chorus]"
      }
    },
    {
      "line": "Adios",
      "annotations": {}
    },
    {
      "line": "It came with thе words from a prose",
      "annotations": {}
    },
    {
      "line": "Landed just behind the poachers",
      "annotations": {}
    },
    {
      "line": "And they came running after",
      "annotations": {}
    },
    {
      "line": "For your love for me",
      "annotations": {}
    },
    {
      "line": "It’s getting wild",
      "annotations": {}
    },
    {
      "line": "Don’t get us out extinct",
      "annotations": {}
    },
    {
      "line": "And i’ve been far away with my glasses",
      "annotations": {}
    },
    {
      "line": "Tryna find something i’ll find over passes",
      "annotations": {}
    },
    {
      "line": "Uh, while i’m out here saying",
      "annotations": {}
    },
    {
      "line": "",
      "annotations": {}
    },
    {
      "line": "[Verse 2]",
      "annotations": {
        "2": "Annotation for 2]",
        "Verse": "Annotation for [Verse"
      }
    },
    {
      "line": "It doesn’t matter now",
      "annotations": {}
    },
    {
      "line": "I don’t wanna be a sad clown",
      "annotations": {}
    },
    {
      "line": "While i’m hanging in the shadows for the town",
      "annotations": {}
    },
    {
      "line": "Singing melodies of how i much loved you in the past",
      "annotations": {}
    },
    {
      "line": "Not requited",
      "annotations": {}
    },
    {
      "line": "On my low, i’m so island of heath",
      "annotations": {}
    },
    {
      "line": "Hurt, i don’t wanna live through, not today",
      "annotations": {}
    },
    {
      "line": "None today",
      "annotations": {}
    },
    {
      "line": "Maybe on a sunday i’ll get to my bad ways",
      "annotations": {}
    },
    {
      "line": "",
      "annotations": {}
    },
    {
      "line": "[Outro]",
      "annotations": {
        "Outro": "Annotation for [Outro]"
      }
    },
    {
      "line": "Adios",
      "annotations": {}
    },
    {
      "line": "It came with the words from a prose",
      "annotations": {}
    },
    {
      "line": "Landed just behind the poachers",
      "annotations": {}
    },
    {
      "line": "And they came running after",
      "annotations": {}
    },
    {
      "line": "For your love for me",
      "annotations": {}
    }
  ]
}