{
  "lyrics": [
    {
      "line": "[Voice note]",
      "annotations": {
        "Voice": "Annotation for [Voice",
        "note": "Annotation for note]"
      }
    },
    {
      "line": "Basically this song is like … i don’t know, yesterday i was in a totally bad mood, and i was like ok! i am going to write a song to be called admissible emotions and i don’t know right now, i am just like just like how am i going to like sing this? like i can’t even like put my emotions behind it … i don’t know so let’s see how it goes",
      "annotations": {}
    },
    {
      "line": "",
      "annotations": {}
    },
    {
      "line": "[Verse 1]",
      "annotations": {
        "1": "Annotation for 1]",
        "Verse": "Annotation for [Verse"
      }
    },
    {
      "line": "Sorry i’m offended now",
      "annotations": {}
    },
    {
      "line": "Blurry you come with the end’s wind out",
      "annotations": {}
    },
    {
      "line": "Attainable intentions",
      "annotations": {}
    },
    {
      "line": "Sh ll sheave off the wall",
      "annotations": {}
    },
    {
      "line": "Admissible emotions",
      "annotations": {}
    },
    {
      "line": "It’s all i’m asking for all the",
      "annotations": {}
    },
    {
      "line": "Time time",
      "annotations": {}
    },
    {
      "line": "Band out",
      "annotations": {}
    },
    {
      "line": "Around whose hussy?",
      "annotations": {}
    },
    {
      "line": "Building buzz",
      "annotations": {}
    },
    {
      "line": "I can’t",
      "annotations": {}
    },
    {
      "line": "We can’t get out of this love",
      "annotations": {}
    },
    {
      "line": "Wane on evеrything",
      "annotations": {}
    },
    {
      "line": "One thing i can’t kept pondering",
      "annotations": {}
    },
    {
      "line": "Is how i’m gonna gеt out of this love",
      "annotations": {}
    },
    {
      "line": "Oh it hurts just as a memory",
      "annotations": {}
    },
    {
      "line": "",
      "annotations": {}
    },
    {
      "line": "[Bridge]",
      "annotations": {
        "Bridge": "Annotation for [Bridge]"
      }
    },
    {
      "line": "Got me festering all along all along",
      "annotations": {}
    },
    {
      "line": "Can’t get this right",
      "annotations": {}
    },
    {
      "line": "Got me festering all along all along",
      "annotations": {}
    },
    {
      "line": "Can’t get this right",
      "annotations": {}
    },
    {
      "line": "",
      "annotations": {}
    },
    {
      "line": "[Chorus]",
      "annotations": {
        "Chorus": "Annotation for [Chorus]"
      }
    },
    {
      "line": "Admissible emotions",
      "annotations": {}
    },
    {
      "line": "Emotions",
      "annotations": {}
    },
    {
      "line": "Is all i’m asking",
      "annotations": {}
    },
    {
      "line": "I can’t keep up with these dole",
      "annotations": {}
    },
    {
      "line": "Admissible emotions",
      "annotations": {}
    },
    {
      "line": "Emotions",
      "annotations": {}
    },
    {
      "line": "Is all i’m asking",
      "annotations": {}
    },
    {
      "line": "I can’t keep up with these dole",
      "annotations": {}
    },
    {
      "line": "",
      "annotations": {}
    },
    {
      "line": "[Outro]",
      "annotations": {
        "Outro": "Annotation for [Outro]"
      }
    },
    {
      "line": "Still very certain with my pride",
      "annotations": {}
    },
    {
      "line": "Hulling in a . . . dip in",
      "annotations": {}
    }
  ]
}