{
  "lyrics": [
    {
      "line": "[Verse 1]",
      "annotations": {}
    },
    {
      "line": "Do you find it amusing",
      "annotations": {}
    },
    {
      "line": "That i am here",
      "annotations": {}
    },
    {
      "line": "Musing over our thoughts",
      "annotations": {}
    },
    {
      "line": "Over here, i’m the only horror",
      "annotations": {}
    },
    {
      "line": "I wonder if you’ll ever have me take it back",
      "annotations": {}
    },
    {
      "line": "I wonder if you’ll ever have me",
      "annotations": {}
    },
    {
      "line": "Retrace my steps",
      "annotations": {}
    },
    {
      "line": "Raising my voice a little bit",
      "annotations": {}
    },
    {
      "line": "A little bit higher",
      "annotations": {}
    },
    {
      "line": "Take my words back",
      "annotations": {}
    },
    {
      "line": "Word i saved",
      "annotations": {}
    },
    {
      "line": "I love her",
      "annotations": {}
    },
    {
      "line": "And lose it over her with another",
      "annotations": {}
    },
    {
      "line": "Won’t say i love her",
      "annotations": {}
    },
    {
      "line": "And lose it over another",
      "annotations": {}
    },
    {
      "line": "Even if it’s you",
      "annotations": {}
    },
    {
      "line": "",
      "annotations": {}
    },
    {
      "line": "[Chorus]",
      "annotations": {}
    },
    {
      "line": "Do you find it amusing",
      "annotations": {}
    },
    {
      "line": "I’m owing my scream",
      "annotations": {}
    },
    {
      "line": "I’m painting the scene",
      "annotations": {}
    },
    {
      "line": "Leaving out nothing",
      "annotations": {}
    },
    {
      "line": "I fell over everything",
      "annotations": {}
    },
    {
      "line": "I assailed",
      "annotations": {}
    },
    {
      "line": "I took down my arbitrary train",
      "annotations": {}
    },
    {
      "line": "",
      "annotations": {}
    },
    {
      "line": "[Verse 2]",
      "annotations": {}
    },
    {
      "line": "It hurts",
      "annotations": {}
    },
    {
      "line": "It’s burdening than the words",
      "annotations": {}
    },
    {
      "line": "It breaks my thoughts",
      "annotations": {}
    },
    {
      "line": "Showing mule . .",
      "annotations": {}
    },
    {
      "line": "Am i having a mirth",
      "annotations": {}
    },
    {
      "line": "She can sue my nerve",
      "annotations": {}
    },
    {
      "line": "For a soul with sighing",
      "annotations": {}
    },
    {
      "line": "Have my words with my past",
      "annotations": {}
    },
    {
      "line": "It’s like how i’m honest to share my worst",
      "annotations": {}
    },
    {
      "line": "To repel the beauty and the fancy",
      "annotations": {}
    },
    {
      "line": "Does it get scarier",
      "annotations": {}
    },
    {
      "line": "When you take away the comforts",
      "annotations": {}
    },
    {
      "line": "",
      "annotations": {}
    },
    {
      "line": "[Chorus]",
      "annotations": {}
    },
    {
      "line": "Do you find it amusing",
      "annotations": {}
    },
    {
      "line": "I’m owing my scream",
      "annotations": {}
    },
    {
      "line": "I’m painting the scene",
      "annotations": {}
    },
    {
      "line": "Leaving out nothing",
      "annotations": {}
    },
    {
      "line": "I fell over everything",
      "annotations": {}
    },
    {
      "line": "I assailed",
      "annotations": {}
    },
    {
      "line": "I took down my arbitrary train",
      "annotations": {}
    }
  ]
}