{
  "lyrics": [
    {
      "line": "[Intro]",
      "annotations": {}
    },
    {
      "line": "(cl!cking)",
      "annotations": {}
    },
    {
      "line": "Yeah",
      "annotations": {}
    },
    {
      "line": "I just felt i had to record this",
      "annotations": {}
    },
    {
      "line": "Cos i always forget sh t all the time",
      "annotations": {}
    },
    {
      "line": "(clears throat)",
      "annotations": {}
    },
    {
      "line": "Hold me down with that sh t tomorrow",
      "annotations": {}
    },
    {
      "line": "You know",
      "annotations": {}
    },
    {
      "line": "Just have a go",
      "annotations": {}
    },
    {
      "line": "The way it visually goes",
      "annotations": {}
    },
    {
      "line": "That’s . . .",
      "annotations": {}
    },
    {
      "line": "With the probable virtual machine in the works",
      "annotations": {}
    },
    {
      "line": "",
      "annotations": {}
    },
    {
      "line": "[Verse 1]",
      "annotations": {}
    },
    {
      "line": "And i’m still here the best ambrosia for these girls",
      "annotations": {}
    },
    {
      "line": "And taylor still gets it",
      "annotations": {}
    },
    {
      "line": "Hold up",
      "annotations": {}
    },
    {
      "line": "Ain’t no but",
      "annotations": {}
    },
    {
      "line": "Everybody wants me on something different",
      "annotations": {}
    },
    {
      "line": "So i guess i’ma go for this sh t",
      "annotations": {}
    },
    {
      "line": "You want to be on that sh t now",
      "annotations": {}
    },
    {
      "line": "Lead . . . like like",
      "annotations": {}
    },
    {
      "line": "F ck all these sh t ’em n ggers be saying",
      "annotations": {}
    },
    {
      "line": "I’m still back with these words",
      "annotations": {}
    },
    {
      "line": "And they know he isn’t playing",
      "annotations": {}
    },
    {
      "line": "My man all freaking",
      "annotations": {}
    },
    {
      "line": "Rеal . . . all seen",
      "annotations": {}
    },
    {
      "line": "And i’m still on this f cking reel lotion",
      "annotations": {}
    },
    {
      "line": "I feel like taylor hears me, whеn i spit the d mn bars",
      "annotations": {}
    },
    {
      "line": "But i’m not that man",
      "annotations": {}
    },
    {
      "line": "I’m the d mn man with the nice shoe",
      "annotations": {}
    },
    {
      "line": "I’m still chilling like i got no clues",
      "annotations": {}
    },
    {
      "line": "And my love still on no prove",
      "annotations": {}
    },
    {
      "line": "No period",
      "annotations": {}
    },
    {
      "line": "No prude",
      "annotations": {}
    },
    {
      "line": "If go on this sh t",
      "annotations": {}
    },
    {
      "line": "They say i talk too much",
      "annotations": {}
    },
    {
      "line": "And if i pick the ball up",
      "annotations": {}
    },
    {
      "line": "They say he works too much",
      "annotations": {}
    },
    {
      "line": "Talk to me when you’re feeling nice",
      "annotations": {}
    },
    {
      "line": "Too many words in my head it’s feeling like a flow",
      "annotations": {}
    },
    {
      "line": "But i’m not down for this sh t",
      "annotations": {}
    },
    {
      "line": "I might just pick my pen up and write some sh t",
      "annotations": {}
    },
    {
      "line": "Cos, it goes better that way",
      "annotations": {}
    },
    {
      "line": "Flows better",
      "annotations": {}
    },
    {
      "line": "Talking to my girl like she was my ex",
      "annotations": {}
    },
    {
      "line": "Talking to her head",
      "annotations": {}
    },
    {
      "line": "She’ll never catch me with a brexit",
      "annotations": {}
    },
    {
      "line": "Like deal",
      "annotations": {}
    },
    {
      "line": "Like",
      "annotations": {}
    },
    {
      "line": "Court enough",
      "annotations": {}
    },
    {
      "line": "Court enough",
      "annotations": {}
    },
    {
      "line": "Cutting off all my f cking overt sieve",
      "annotations": {}
    },
    {
      "line": "And i’ll still go with the same sh t all the time",
      "annotations": {}
    },
    {
      "line": "And she know a boy drained out",
      "annotations": {}
    },
    {
      "line": "But i knock, knocked “knock knock”",
      "annotations": {}
    },
    {
      "line": "I keep knocking on this d mn sh t",
      "annotations": {}
    },
    {
      "line": "Keep holding back on my old sh t",
      "annotations": {}
    },
    {
      "line": "I’m still buying down all my old beats",
      "annotations": {}
    },
    {
      "line": "Yeah . .",
      "annotations": {}
    },
    {
      "line": "(sn ggering)",
      "annotations": {}
    },
    {
      "line": "",
      "annotations": {}
    },
    {
      "line": "[Verse 2]",
      "annotations": {}
    },
    {
      "line": "Yeah, yeah, yeah",
      "annotations": {}
    },
    {
      "line": "Who is lame in this b tch?",
      "annotations": {}
    },
    {
      "line": "Who is tryna act like they got crave in this b tch?",
      "annotations": {}
    },
    {
      "line": "Cos i ain’t got no juice",
      "annotations": {}
    },
    {
      "line": "Cos i ain’t got no juice",
      "annotations": {}
    },
    {
      "line": "Some walking around with a frown",
      "annotations": {}
    },
    {
      "line": "Acting like i got a motherf cker a round",
      "annotations": {}
    },
    {
      "line": "I’m not even down for the f cking bounce",
      "annotations": {}
    },
    {
      "line": "Bounce, bounce, bounce",
      "annotations": {}
    },
    {
      "line": "Still dancing with a step that looks simpler",
      "annotations": {}
    },
    {
      "line": "Eh!",
      "annotations": {}
    },
    {
      "line": "Wanna talk to me",
      "annotations": {}
    },
    {
      "line": "Better talk words",
      "annotations": {}
    },
    {
      "line": "Cos i don’t talk willing with the  rs  accent",
      "annotations": {}
    },
    {
      "line": "But i might just pick up the bar i’ve seen",
      "annotations": {}
    },
    {
      "line": "Yeah! took her out the while",
      "annotations": {}
    },
    {
      "line": "N gga feeling like it’s not about the wile",
      "annotations": {}
    },
    {
      "line": "H, while they chase with the poems or the rap",
      "annotations": {}
    },
    {
      "line": "But i’m not down for that",
      "annotations": {}
    },
    {
      "line": "So you better get it right cos",
      "annotations": {}
    },
    {
      "line": "(derision)",
      "annotations": {}
    },
    {
      "line": "I’ma write on this sh t you know",
      "annotations": {}
    },
    {
      "line": "Just to feel good with your own",
      "annotations": {}
    },
    {
      "line": "I guess it’s time you know",
      "annotations": {}
    },
    {
      "line": "To say sh t you know",
      "annotations": {}
    },
    {
      "line": "More!",
      "annotations": {}
    },
    {
      "line": "I’ma write on this sh t",
      "annotations": {}
    },
    {
      "line": "Like i write every time anyway",
      "annotations": {}
    },
    {
      "line": "Look how he be acting like he can’t write on this sh t",
      "annotations": {}
    },
    {
      "line": "You li’l trifle b tch",
      "annotations": {}
    },
    {
      "line": "(cl!cking)",
      "annotations": {}
    }
  ]
}