{
  "lyrics": [
    {
      "line": "[Intro]",
      "annotations": {
        "Intro": "Annotation for [Intro]"
      }
    },
    {
      "line": "These weasels still",
      "annotations": {}
    },
    {
      "line": "(laughs)",
      "annotations": {}
    },
    {
      "line": "Hang by the airwaves",
      "annotations": {}
    },
    {
      "line": "Say i shouldn’t see",
      "annotations": {}
    },
    {
      "line": "Hmm ..",
      "annotations": {}
    },
    {
      "line": "You say?",
      "annotations": {}
    },
    {
      "line": "",
      "annotations": {}
    },
    {
      "line": "[Chorus]",
      "annotations": {
        "Chorus": "Annotation for [Chorus]"
      }
    },
    {
      "line": "You should tag it anon",
      "annotations": {}
    },
    {
      "line": "Till they bust it anon",
      "annotations": {}
    },
    {
      "line": "My thoughts on:",
      "annotations": {}
    },
    {
      "line": "You’re not holding",
      "annotations": {}
    },
    {
      "line": "And another calls me",
      "annotations": {}
    },
    {
      "line": "My hands don’t feel nothing",
      "annotations": {}
    },
    {
      "line": "My calling is on you",
      "annotations": {}
    },
    {
      "line": "",
      "annotations": {}
    },
    {
      "line": "[Verse 1]",
      "annotations": {
        "1": "Annotation for 1]",
        "Verse": "Annotation for [Verse"
      }
    },
    {
      "line": "Tick tock",
      "annotations": {}
    },
    {
      "line": "Tick top",
      "annotations": {}
    },
    {
      "line": "Big block",
      "annotations": {}
    },
    {
      "line": "Big buck",
      "annotations": {}
    },
    {
      "line": "H  rding for something",
      "annotations": {}
    },
    {
      "line": "That feels like",
      "annotations": {}
    },
    {
      "line": "Another tick in the block",
      "annotations": {}
    },
    {
      "line": "When i’m lurking on the faucet",
      "annotations": {}
    },
    {
      "line": "I can’t get this right in the night",
      "annotations": {}
    },
    {
      "line": "My love in this not adding up",
      "annotations": {}
    },
    {
      "line": "Put the hurrying",
      "annotations": {}
    },
    {
      "line": "An add on",
      "annotations": {}
    },
    {
      "line": "Cos you’re . .",
      "annotations": {}
    },
    {
      "line": "Now you’re older",
      "annotations": {}
    },
    {
      "line": "A toiling",
      "annotations": {}
    },
    {
      "line": "The soul rein",
      "annotations": {}
    },
    {
      "line": "Putting in on nothing",
      "annotations": {}
    },
    {
      "line": "All this is real",
      "annotations": {}
    },
    {
      "line": "My commas",
      "annotations": {}
    },
    {
      "line": "Don’t say what i wanna say",
      "annotations": {}
    },
    {
      "line": "",
      "annotations": {}
    },
    {
      "line": "[Chorus]",
      "annotations": {
        "Chorus": "Annotation for [Chorus]"
      }
    },
    {
      "line": "You should tag it anon",
      "annotations": {}
    },
    {
      "line": "Till they bust it anon",
      "annotations": {}
    },
    {
      "line": "My thoughts on:",
      "annotations": {}
    },
    {
      "line": "You’re not holding",
      "annotations": {}
    },
    {
      "line": "And another calls me",
      "annotations": {}
    },
    {
      "line": "My hands don’t feel nothing",
      "annotations": {}
    },
    {
      "line": "My calling is on you",
      "annotations": {}
    },
    {
      "line": "",
      "annotations": {}
    },
    {
      "line": "[Verse 2]",
      "annotations": {
        "2": "Annotation for 2]",
        "Verse": "Annotation for [Verse"
      }
    },
    {
      "line": "We should never let it go",
      "annotations": {}
    },
    {
      "line": "This peace",
      "annotations": {}
    },
    {
      "line": "This ease",
      "annotations": {}
    },
    {
      "line": "We should never let it go",
      "annotations": {}
    },
    {
      "line": "The week",
      "annotations": {}
    },
    {
      "line": "My beam",
      "annotations": {}
    },
    {
      "line": "You hold me nutter",
      "annotations": {}
    },
    {
      "line": "You hold me under",
      "annotations": {}
    },
    {
      "line": "",
      "annotations": {}
    },
    {
      "line": "[Chorus]",
      "annotations": {
        "Chorus": "Annotation for [Chorus]"
      }
    },
    {
      "line": "You should tag it anon",
      "annotations": {}
    },
    {
      "line": "Till they bust it anon",
      "annotations": {}
    },
    {
      "line": "My thoughts on:",
      "annotations": {}
    },
    {
      "line": "You’re not holding",
      "annotations": {}
    },
    {
      "line": "And another calls me",
      "annotations": {}
    },
    {
      "line": "My hands don’t feel nothing",
      "annotations": {}
    },
    {
      "line": "My calling is on you",
      "annotations": {}
    },
    {
      "line": "",
      "annotations": {}
    },
    {
      "line": "[Outro]",
      "annotations": {
        "Outro": "Annotation for [Outro]"
      }
    },
    {
      "line": "Whoa o o o o o o",
      "annotations": {}
    },
    {
      "line": ". . . no i don’t want it by",
      "annotations": {}
    },
    {
      "line": "I wanna go a different way",
      "annotations": {}
    },
    {
      "line": "Aw, aw . .",
      "annotations": {}
    }
  ]
}