{
  "lyrics": [
    {
      "line": "[Intro]",
      "annotations": {
        "Intro": "Annotation for [Intro]"
      }
    },
    {
      "line": "It’s a bad habit",
      "annotations": {}
    },
    {
      "line": "Looking down",
      "annotations": {}
    },
    {
      "line": "It’s a bad habit",
      "annotations": {}
    },
    {
      "line": "",
      "annotations": {}
    },
    {
      "line": "[Verse 1]",
      "annotations": {
        "1": "Annotation for 1]",
        "Verse": "Annotation for [Verse"
      }
    },
    {
      "line": "I don’t want her love",
      "annotations": {}
    },
    {
      "line": "I don’t want her touch",
      "annotations": {}
    },
    {
      "line": "Child is what i’m lobbying",
      "annotations": {}
    },
    {
      "line": "I’ll be tryna lure the dub",
      "annotations": {}
    },
    {
      "line": "I don’t want her sob",
      "annotations": {}
    },
    {
      "line": "I don’t want her tour",
      "annotations": {}
    },
    {
      "line": "I just want her loving coming out from the top",
      "annotations": {}
    },
    {
      "line": "Is it enough?",
      "annotations": {}
    },
    {
      "line": "Is it enough?",
      "annotations": {}
    },
    {
      "line": "Looking for something that bites from the top",
      "annotations": {}
    },
    {
      "line": "Is it enough?",
      "annotations": {}
    },
    {
      "line": "Is it enough?",
      "annotations": {}
    },
    {
      "line": "Looking for something that bites with a notch",
      "annotations": {}
    },
    {
      "line": "And i’m down",
      "annotations": {}
    },
    {
      "line": "Guess i’m putting down",
      "annotations": {}
    },
    {
      "line": "With the love",
      "annotations": {}
    },
    {
      "line": "If she down",
      "annotations": {}
    },
    {
      "line": "If she ain’t f cking down with the love",
      "annotations": {}
    },
    {
      "line": "And i bounce",
      "annotations": {}
    },
    {
      "line": "If you aren’t f cking down with the love",
      "annotations": {}
    },
    {
      "line": "And it bounce",
      "annotations": {}
    },
    {
      "line": "And it bounce",
      "annotations": {}
    },
    {
      "line": "And it switches like a drum",
      "annotations": {}
    },
    {
      "line": "And i’m hanging with the crew",
      "annotations": {}
    },
    {
      "line": "And they never had a ride",
      "annotations": {}
    },
    {
      "line": "Looking that",
      "annotations": {}
    },
    {
      "line": "It’s a gag",
      "annotations": {}
    },
    {
      "line": "It’s a dart",
      "annotations": {}
    },
    {
      "line": "It’s a bat",
      "annotations": {}
    },
    {
      "line": "I who never had a club",
      "annotations": {}
    },
    {
      "line": "I just told thеm they hey to ride",
      "annotations": {}
    },
    {
      "line": "And i nеver took a girl",
      "annotations": {}
    },
    {
      "line": "But i made her f cking ride",
      "annotations": {}
    },
    {
      "line": "And a smile up",
      "annotations": {}
    },
    {
      "line": "And a smile up",
      "annotations": {}
    },
    {
      "line": "Put it on f cking ride",
      "annotations": {}
    },
    {
      "line": "Like it is that touch",
      "annotations": {}
    },
    {
      "line": "And she had her dud",
      "annotations": {}
    },
    {
      "line": "And she had her dud",
      "annotations": {}
    },
    {
      "line": "Making that sh t bounce like a habit",
      "annotations": {}
    },
    {
      "line": "It’s a bad habit",
      "annotations": {}
    },
    {
      "line": "It’s a bad habit",
      "annotations": {}
    },
    {
      "line": "N ggers can’t . .",
      "annotations": {}
    },
    {
      "line": "Hold it down",
      "annotations": {}
    },
    {
      "line": "Fifteen",
      "annotations": {}
    },
    {
      "line": "It’s a bad habit",
      "annotations": {}
    },
    {
      "line": "It’s a bad habit",
      "annotations": {}
    },
    {
      "line": "N ggers can’t . .",
      "annotations": {}
    },
    {
      "line": "Hold it down",
      "annotations": {}
    },
    {
      "line": "Down, down, down",
      "annotations": {}
    },
    {
      "line": "Twenty three",
      "annotations": {}
    },
    {
      "line": "",
      "annotations": {}
    },
    {
      "line": "[Verse 2]",
      "annotations": {
        "2": "Annotation for 2]",
        "Verse": "Annotation for [Verse"
      }
    },
    {
      "line": "My cell in a accord",
      "annotations": {}
    },
    {
      "line": "Your soul in an undone",
      "annotations": {}
    },
    {
      "line": "I know i’m all yours",
      "annotations": {}
    },
    {
      "line": "But you still hold me down",
      "annotations": {}
    },
    {
      "line": "Put it to the . . . left",
      "annotations": {}
    },
    {
      "line": "For sound",
      "annotations": {}
    },
    {
      "line": "I’m not gonna let it go down",
      "annotations": {}
    },
    {
      "line": "This song is from my heart",
      "annotations": {}
    },
    {
      "line": "Looking for you",
      "annotations": {}
    },
    {
      "line": "Like another touch is all i need",
      "annotations": {}
    },
    {
      "line": "I’m calling on your name",
      "annotations": {}
    },
    {
      "line": "Cos i’m an orphan from a bar",
      "annotations": {}
    },
    {
      "line": "My touch is enough",
      "annotations": {}
    },
    {
      "line": "Is it enough?",
      "annotations": {}
    },
    {
      "line": "My touch is enough",
      "annotations": {}
    },
    {
      "line": "Is it enough?",
      "annotations": {}
    },
    {
      "line": "I’m asking",
      "annotations": {}
    },
    {
      "line": "I’m asking",
      "annotations": {}
    },
    {
      "line": "Oh o o o",
      "annotations": {}
    }
  ]
}