{
  "lyrics": [
    {
      "line": "[Intro]",
      "annotations": {}
    },
    {
      "line": "(hiccup)",
      "annotations": {}
    },
    {
      "line": "Whoa oh she not giver",
      "annotations": {}
    },
    {
      "line": "My girl, she a lover",
      "annotations": {}
    },
    {
      "line": "Two fingers down",
      "annotations": {}
    },
    {
      "line": "I’m feeling like i might always be a dealer of art",
      "annotations": {}
    },
    {
      "line": "You make me a dealer",
      "annotations": {}
    },
    {
      "line": "",
      "annotations": {}
    },
    {
      "line": "[Verse 1]",
      "annotations": {}
    },
    {
      "line": "I swear you wanna see her",
      "annotations": {}
    },
    {
      "line": "Making you feel like this ain’t n0body",
      "annotations": {}
    },
    {
      "line": "Eh!",
      "annotations": {}
    },
    {
      "line": "My demons and my fate",
      "annotations": {}
    },
    {
      "line": "They ain’t n0body",
      "annotations": {}
    },
    {
      "line": "She has my mind jut up like a lover",
      "annotations": {}
    },
    {
      "line": "I’m always so self conscious",
      "annotations": {}
    },
    {
      "line": "I think i lost a thought",
      "annotations": {}
    },
    {
      "line": "Back to the plot",
      "annotations": {}
    },
    {
      "line": "Never got an evil girl",
      "annotations": {}
    },
    {
      "line": "That’s what this is on",
      "annotations": {}
    },
    {
      "line": "All my dawn is always about you",
      "annotations": {}
    },
    {
      "line": "Sweet chop",
      "annotations": {}
    },
    {
      "line": "L!cking it up",
      "annotations": {}
    },
    {
      "line": "Tweaking my soul",
      "annotations": {}
    },
    {
      "line": "Is that a read up?",
      "annotations": {}
    },
    {
      "line": "I’m always caught up in your knead up",
      "annotations": {}
    },
    {
      "line": "And she knows that i’ma linking it up",
      "annotations": {}
    },
    {
      "line": "Oh oh",
      "annotations": {}
    },
    {
      "line": "Don’t you leave me",
      "annotations": {}
    },
    {
      "line": "I’ll be calling in an no ozone",
      "annotations": {}
    },
    {
      "line": "Oh, oh, hmm",
      "annotations": {}
    },
    {
      "line": "Picking me out",
      "annotations": {}
    },
    {
      "line": "She’s picking my label",
      "annotations": {}
    },
    {
      "line": "I’m not sorry, the lay on",
      "annotations": {}
    },
    {
      "line": "You say you’ll . . . i’ll be on it too",
      "annotations": {}
    },
    {
      "line": "Too we can level it up",
      "annotations": {}
    },
    {
      "line": "Round it lever of two",
      "annotations": {}
    },
    {
      "line": "",
      "annotations": {}
    },
    {
      "line": "[Chorus]",
      "annotations": {}
    },
    {
      "line": "You’re my aperient flow",
      "annotations": {}
    },
    {
      "line": "My aperient flow",
      "annotations": {}
    },
    {
      "line": "You’re my aperient flow",
      "annotations": {}
    },
    {
      "line": "You make me lose it all",
      "annotations": {}
    },
    {
      "line": "",
      "annotations": {}
    },
    {
      "line": "[Chorus]",
      "annotations": {}
    },
    {
      "line": "You’re my aperient flow",
      "annotations": {}
    },
    {
      "line": "My aperient flow",
      "annotations": {}
    },
    {
      "line": "You’re my aperient flow",
      "annotations": {}
    },
    {
      "line": "You make me lose it all",
      "annotations": {}
    },
    {
      "line": "",
      "annotations": {}
    },
    {
      "line": "[Chorus]",
      "annotations": {}
    },
    {
      "line": "You’re my aperient flow",
      "annotations": {}
    },
    {
      "line": "My aperient flow",
      "annotations": {}
    },
    {
      "line": "You’re my aperient flow",
      "annotations": {}
    },
    {
      "line": "You make me lose it all",
      "annotations": {}
    }
  ]
}