{
  "lyrics": [
    {
      "line": "[Intro]",
      "annotations": {
        "Intro": "Annotation for [Intro]"
      }
    },
    {
      "line": "I can’t deny a chance to roll it on",
      "annotations": {}
    },
    {
      "line": "I can’t find my wrongs, not right",
      "annotations": {}
    },
    {
      "line": "Oh bed!",
      "annotations": {}
    },
    {
      "line": "I get it the hurting",
      "annotations": {}
    },
    {
      "line": "",
      "annotations": {}
    },
    {
      "line": "[Verse 1]",
      "annotations": {
        "1": "Annotation for 1]",
        "Verse": "Annotation for [Verse"
      }
    },
    {
      "line": "I can afford shears to right my wrongs",
      "annotations": {}
    },
    {
      "line": "Love on your toe",
      "annotations": {}
    },
    {
      "line": "Give me a reason, none",
      "annotations": {}
    },
    {
      "line": "More pain",
      "annotations": {}
    },
    {
      "line": "Mine is for nothing",
      "annotations": {}
    },
    {
      "line": "You’re up in there",
      "annotations": {}
    },
    {
      "line": "A butcher to everything",
      "annotations": {}
    },
    {
      "line": "I can’t get in that for anything",
      "annotations": {}
    },
    {
      "line": "And i’m stuck in your herb",
      "annotations": {}
    },
    {
      "line": "When i’m stuck on the song",
      "annotations": {}
    },
    {
      "line": "It is the sum that is shooting me down",
      "annotations": {}
    },
    {
      "line": "Eye on air",
      "annotations": {}
    },
    {
      "line": "I can get away now",
      "annotations": {}
    },
    {
      "line": "Oh i need that air",
      "annotations": {}
    },
    {
      "line": "I need that air",
      "annotations": {}
    },
    {
      "line": "In your clothes were you down",
      "annotations": {}
    },
    {
      "line": "It never change, not this time around",
      "annotations": {}
    },
    {
      "line": "Stay here for a change",
      "annotations": {}
    },
    {
      "line": "Oh! does he have her changed",
      "annotations": {}
    },
    {
      "line": "No, he doesn’t own this ham",
      "annotations": {}
    },
    {
      "line": "No, he doesn’t screw her",
      "annotations": {}
    },
    {
      "line": "This town i’m bound",
      "annotations": {}
    },
    {
      "line": "Hide his music",
      "annotations": {}
    },
    {
      "line": "It will have a change",
      "annotations": {}
    },
    {
      "line": "Creole, did it ever change",
      "annotations": {}
    }
  ]
}