{
  "lyrics": [
    {
      "line": "[Intro]",
      "annotations": {
        "Intro": "Annotation for [Intro]"
      }
    },
    {
      "line": "I am",
      "annotations": {}
    },
    {
      "line": "",
      "annotations": {}
    },
    {
      "line": "[Verse 1]",
      "annotations": {
        "1": "Annotation for 1]",
        "Verse": "Annotation for [Verse"
      }
    },
    {
      "line": "Sometimes i feel our assets been the same",
      "annotations": {}
    },
    {
      "line": "Sometimes i feel i’m by myself",
      "annotations": {}
    },
    {
      "line": "And i met you",
      "annotations": {}
    },
    {
      "line": "Match you",
      "annotations": {}
    },
    {
      "line": "Hope",
      "annotations": {}
    },
    {
      "line": "It was the end of it all",
      "annotations": {}
    },
    {
      "line": "It’s the end of it; dome",
      "annotations": {}
    },
    {
      "line": "Chip",
      "annotations": {}
    },
    {
      "line": "Dongle, i got no dongle",
      "annotations": {}
    },
    {
      "line": "Ah!",
      "annotations": {}
    },
    {
      "line": "Putting on the lot; on the line now",
      "annotations": {}
    },
    {
      "line": "Par",
      "annotations": {}
    },
    {
      "line": "I’m putting all my lot on the line now",
      "annotations": {}
    },
    {
      "line": "Park",
      "annotations": {}
    },
    {
      "line": "Going back",
      "annotations": {}
    },
    {
      "line": "My kinda like back",
      "annotations": {}
    },
    {
      "line": "Like an hack",
      "annotations": {}
    },
    {
      "line": "Danky hack",
      "annotations": {}
    },
    {
      "line": "Switching up on the map",
      "annotations": {}
    },
    {
      "line": "Mark, chorography",
      "annotations": {}
    },
    {
      "line": "Offering off a lark",
      "annotations": {}
    },
    {
      "line": "Tripping, suddenly",
      "annotations": {}
    },
    {
      "line": "I’m back at you",
      "annotations": {}
    },
    {
      "line": "Whoa",
      "annotations": {}
    },
    {
      "line": "Never could find it that hard",
      "annotations": {}
    },
    {
      "line": "",
      "annotations": {}
    },
    {
      "line": "[Verse 2]",
      "annotations": {
        "2": "Annotation for 2]",
        "Verse": "Annotation for [Verse"
      }
    },
    {
      "line": "Tripping off a line",
      "annotations": {}
    },
    {
      "line": "Hidden, anywhere it goes back",
      "annotations": {}
    },
    {
      "line": "Dreaming of a dart",
      "annotations": {}
    },
    {
      "line": "Never could find another hack",
      "annotations": {}
    },
    {
      "line": "So i put in her mail",
      "annotations": {}
    },
    {
      "line": "Put it in the main",
      "annotations": {}
    },
    {
      "line": "It says, it is where we at",
      "annotations": {}
    },
    {
      "line": "Yo i put it on the main",
      "annotations": {}
    },
    {
      "line": "Says, it is where i’m at",
      "annotations": {}
    },
    {
      "line": "Fine, it is you",
      "annotations": {}
    },
    {
      "line": "Cold therapy with my girl",
      "annotations": {}
    },
    {
      "line": "This ends the veil",
      "annotations": {}
    },
    {
      "line": "Her p is in the care",
      "annotations": {}
    },
    {
      "line": "Her love; it’s in the veil like a bent thot",
      "annotations": {}
    },
    {
      "line": "The light’s up",
      "annotations": {}
    },
    {
      "line": "So that means i’m now another dada?",
      "annotations": {}
    },
    {
      "line": "Ah!",
      "annotations": {}
    },
    {
      "line": "Pervert, you’re in",
      "annotations": {}
    },
    {
      "line": "Brethren",
      "annotations": {}
    },
    {
      "line": "I like it",
      "annotations": {}
    },
    {
      "line": "You might also like",
      "annotations": {}
    }
  ]
}