{
  "lyrics": [
    {
      "line": "[Intro]",
      "annotations": {}
    },
    {
      "line": "Hey yo",
      "annotations": {}
    },
    {
      "line": "Come around and see",
      "annotations": {}
    },
    {
      "line": "Fresh boy chilling",
      "annotations": {}
    },
    {
      "line": "",
      "annotations": {}
    },
    {
      "line": "[Verse 1]",
      "annotations": {}
    },
    {
      "line": "Many minks on me",
      "annotations": {}
    },
    {
      "line": "Many eyes on my girl",
      "annotations": {}
    },
    {
      "line": "Fly away with me",
      "annotations": {}
    },
    {
      "line": "We could go aureole sigh",
      "annotations": {}
    },
    {
      "line": "Fly away with me",
      "annotations": {}
    },
    {
      "line": "We could go running town",
      "annotations": {}
    },
    {
      "line": "Coot in now",
      "annotations": {}
    },
    {
      "line": "Could now",
      "annotations": {}
    },
    {
      "line": "Pin down, pen down",
      "annotations": {}
    },
    {
      "line": "Everything i feel about",
      "annotations": {}
    },
    {
      "line": "I’m good now",
      "annotations": {}
    },
    {
      "line": "I’m coot now",
      "annotations": {}
    },
    {
      "line": "Penning down",
      "annotations": {}
    },
    {
      "line": "On everything i feel about you",
      "annotations": {}
    },
    {
      "line": "",
      "annotations": {}
    },
    {
      "line": "[Verse 2]",
      "annotations": {}
    },
    {
      "line": "And i know what stops me",
      "annotations": {}
    },
    {
      "line": "When i get to it",
      "annotations": {}
    },
    {
      "line": "To where you at",
      "annotations": {}
    },
    {
      "line": "I love how you bring your phone",
      "annotations": {}
    },
    {
      "line": "And get to wave",
      "annotations": {}
    },
    {
      "line": "Here to wet",
      "annotations": {}
    },
    {
      "line": "When you put your thoughts and fade",
      "annotations": {}
    },
    {
      "line": "I say to it",
      "annotations": {}
    },
    {
      "line": "I’m not letting go",
      "annotations": {}
    },
    {
      "line": "Not letting go",
      "annotations": {}
    },
    {
      "line": "With you by side",
      "annotations": {}
    },
    {
      "line": "",
      "annotations": {}
    },
    {
      "line": "[Chorus]",
      "annotations": {}
    },
    {
      "line": "Up in the air is where i’m living it up",
      "annotations": {}
    },
    {
      "line": "Not down here",
      "annotations": {}
    },
    {
      "line": "Old sins my down on the horde",
      "annotations": {}
    },
    {
      "line": "I say, never been on earth",
      "annotations": {}
    },
    {
      "line": "Up in the air is where i’m living it up",
      "annotations": {}
    },
    {
      "line": "The soap don’t harm my soul",
      "annotations": {}
    },
    {
      "line": "Never been on earth",
      "annotations": {}
    },
    {
      "line": "Up in the air",
      "annotations": {}
    },
    {
      "line": "Up in you",
      "annotations": {}
    },
    {
      "line": "Just living it up",
      "annotations": {}
    },
    {
      "line": "",
      "annotations": {}
    },
    {
      "line": "[Verse 3]",
      "annotations": {}
    },
    {
      "line": "Shy, trivial sh t",
      "annotations": {}
    },
    {
      "line": "Blabber sh t",
      "annotations": {}
    },
    {
      "line": "I get off fun linking all your hull",
      "annotations": {}
    },
    {
      "line": "I get my foot in there",
      "annotations": {}
    },
    {
      "line": "I’m meaning to say",
      "annotations": {}
    },
    {
      "line": "I love you worst than i could say",
      "annotations": {}
    },
    {
      "line": "I cry to find a power way",
      "annotations": {}
    },
    {
      "line": "To let my seep carry it in",
      "annotations": {}
    },
    {
      "line": "",
      "annotations": {}
    },
    {
      "line": "[Chorus]",
      "annotations": {}
    },
    {
      "line": "Up in the air is where i’m living it up",
      "annotations": {}
    },
    {
      "line": "Not down here",
      "annotations": {}
    },
    {
      "line": "Old sins my down on the horde",
      "annotations": {}
    },
    {
      "line": "I say, never been on earth",
      "annotations": {}
    },
    {
      "line": "Up in the air is where i’m living it up",
      "annotations": {}
    },
    {
      "line": "The soap don’t harm my soul",
      "annotations": {}
    },
    {
      "line": "Never been on earth",
      "annotations": {}
    },
    {
      "line": "Up in the air",
      "annotations": {}
    },
    {
      "line": "Up in you",
      "annotations": {}
    },
    {
      "line": "Just living it up",
      "annotations": {}
    },
    {
      "line": "",
      "annotations": {}
    },
    {
      "line": "[Outro]",
      "annotations": {}
    },
    {
      "line": "Oh oh",
      "annotations": {}
    },
    {
      "line": "I can ride for certain",
      "annotations": {}
    },
    {
      "line": "My foot",
      "annotations": {}
    }
  ]
}