{
  "lyrics": [
    {
      "line": "[Verse 1]",
      "annotations": {
        "1": "Annotation for 1]",
        "Verse": "Annotation for [Verse"
      }
    },
    {
      "line": "She’s the kinda girl who wants you",
      "annotations": {}
    },
    {
      "line": "Don’t want you loving her back",
      "annotations": {}
    },
    {
      "line": "So i ignite my world",
      "annotations": {}
    },
    {
      "line": "Bite my bullet",
      "annotations": {}
    },
    {
      "line": "Brand your stereo jack",
      "annotations": {}
    },
    {
      "line": "She’s so fomo",
      "annotations": {}
    },
    {
      "line": "Never leaving her alone",
      "annotations": {}
    },
    {
      "line": "On my kneels",
      "annotations": {}
    },
    {
      "line": "Like oh my doll",
      "annotations": {}
    },
    {
      "line": "",
      "annotations": {}
    },
    {
      "line": "[Chorus]",
      "annotations": {
        "Chorus": "Annotation for [Chorus]"
      }
    },
    {
      "line": "I can’t let you go",
      "annotations": {}
    },
    {
      "line": "Feels like i’m on some bad trip",
      "annotations": {}
    },
    {
      "line": "I just took some acid",
      "annotations": {}
    },
    {
      "line": "Why is our love so plastic?",
      "annotations": {}
    },
    {
      "line": "My brain just hit automatic",
      "annotations": {}
    },
    {
      "line": "",
      "annotations": {}
    },
    {
      "line": "[Verse 2]",
      "annotations": {
        "2": "Annotation for 2]",
        "Verse": "Annotation for [Verse"
      }
    },
    {
      "line": "Oh my my",
      "annotations": {}
    },
    {
      "line": "I wish you could be mine",
      "annotations": {}
    },
    {
      "line": "Done this already",
      "annotations": {}
    },
    {
      "line": "Beat up",
      "annotations": {}
    },
    {
      "line": "‘fore the bag",
      "annotations": {}
    },
    {
      "line": "Why . . . what to meet up for this pall",
      "annotations": {}
    },
    {
      "line": "Nerve! nerve! nerve!",
      "annotations": {}
    },
    {
      "line": "Is it all right if i let you go",
      "annotations": {}
    },
    {
      "line": "Be the bad liar bonding over a petty pool",
      "annotations": {}
    },
    {
      "line": "Pour my coke",
      "annotations": {}
    },
    {
      "line": "Lip service for a penny connection",
      "annotations": {}
    },
    {
      "line": "Nirvana won the election",
      "annotations": {}
    },
    {
      "line": "",
      "annotations": {}
    },
    {
      "line": "[Bridge]",
      "annotations": {
        "Bridge": "Annotation for [Bridge]"
      }
    },
    {
      "line": "Why i know you run this way",
      "annotations": {}
    },
    {
      "line": "Gild the page",
      "annotations": {}
    },
    {
      "line": "For me it’s all the same",
      "annotations": {}
    },
    {
      "line": "Why i know you run this way",
      "annotations": {}
    },
    {
      "line": "Gild the page",
      "annotations": {}
    },
    {
      "line": "For me it’s all the same",
      "annotations": {}
    },
    {
      "line": "",
      "annotations": {}
    },
    {
      "line": "[Chorus]",
      "annotations": {
        "Chorus": "Annotation for [Chorus]"
      }
    },
    {
      "line": "I can’t let you go",
      "annotations": {}
    },
    {
      "line": "Feels like i’m on some bad trip",
      "annotations": {}
    },
    {
      "line": "I just took some acid",
      "annotations": {}
    },
    {
      "line": "Why is our love so plastic?",
      "annotations": {}
    },
    {
      "line": "My brain just hit automatic",
      "annotations": {}
    },
    {
      "line": "",
      "annotations": {}
    },
    {
      "line": "[Verse 3]",
      "annotations": {
        "3": "Annotation for 3]",
        "Verse": "Annotation for [Verse"
      }
    },
    {
      "line": "She trifle",
      "annotations": {}
    },
    {
      "line": "She beat it up anyway",
      "annotations": {}
    },
    {
      "line": "She doubt it",
      "annotations": {}
    },
    {
      "line": "Her pittance out my way",
      "annotations": {}
    },
    {
      "line": "But i meant it",
      "annotations": {}
    },
    {
      "line": "Can’t get her out my brain",
      "annotations": {}
    },
    {
      "line": "I just want her down the drain",
      "annotations": {}
    },
    {
      "line": "Where it is all inane",
      "annotations": {}
    },
    {
      "line": "Eenie meenie miney mo",
      "annotations": {}
    },
    {
      "line": "I took her first",
      "annotations": {}
    },
    {
      "line": "Bloat up worse",
      "annotations": {}
    },
    {
      "line": "Bother . . .",
      "annotations": {}
    },
    {
      "line": "Can’t truce to a phrase",
      "annotations": {}
    },
    {
      "line": "It’s all the same thing",
      "annotations": {}
    },
    {
      "line": "Beanie on a ghost",
      "annotations": {}
    },
    {
      "line": "I took her first",
      "annotations": {}
    },
    {
      "line": "Bloat up worse",
      "annotations": {}
    },
    {
      "line": "Bother",
      "annotations": {}
    },
    {
      "line": "Can’t truce to a phrase",
      "annotations": {}
    },
    {
      "line": "It’s all the same thing",
      "annotations": {}
    },
    {
      "line": "",
      "annotations": {}
    },
    {
      "line": "[Bridge]",
      "annotations": {
        "Bridge": "Annotation for [Bridge]"
      }
    },
    {
      "line": "Why i know you run this way",
      "annotations": {}
    },
    {
      "line": "Gild the page",
      "annotations": {}
    },
    {
      "line": "For me it’s all the same",
      "annotations": {}
    },
    {
      "line": "Why i know you run this way",
      "annotations": {}
    },
    {
      "line": "Gild the page",
      "annotations": {}
    },
    {
      "line": "For me it’s all the same",
      "annotations": {}
    },
    {
      "line": "",
      "annotations": {}
    },
    {
      "line": "[Chorus]",
      "annotations": {
        "Chorus": "Annotation for [Chorus]"
      }
    },
    {
      "line": "I can’t let you go",
      "annotations": {}
    },
    {
      "line": "Feels like i’m on some bad trip",
      "annotations": {}
    },
    {
      "line": "I just took some acid",
      "annotations": {}
    },
    {
      "line": "Why is our love so plastic?",
      "annotations": {}
    },
    {
      "line": "My brain just hit automatic",
      "annotations": {}
    },
    {
      "line": "",
      "annotations": {}
    },
    {
      "line": "[Outro]",
      "annotations": {
        "Outro": "Annotation for [Outro]"
      }
    },
    {
      "line": "Fond of the scene",
      "annotations": {}
    },
    {
      "line": "Never got enough",
      "annotations": {}
    },
    {
      "line": "Clutched on your evil",
      "annotations": {}
    },
    {
      "line": "Come and pick me up",
      "annotations": {}
    },
    {
      "line": "Now i’m popped on the thrill",
      "annotations": {}
    },
    {
      "line": "A crop of your bill",
      "annotations": {}
    },
    {
      "line": "Yeah i’m popped on the thrill",
      "annotations": {}
    }
  ]
}