{
  "lyrics": [
    {
      "line": "[Verse 1]",
      "annotations": {}
    },
    {
      "line": "Cliff",
      "annotations": {}
    },
    {
      "line": "Pledge at the end of my bachelorhood",
      "annotations": {}
    },
    {
      "line": "Be a man past the boy he was",
      "annotations": {}
    },
    {
      "line": "Paris, got me dangling from wishing on a certain fairy",
      "annotations": {}
    },
    {
      "line": "Fair he goes",
      "annotations": {}
    },
    {
      "line": "Here’s a rose",
      "annotations": {}
    },
    {
      "line": "Duty on a dollar spray",
      "annotations": {}
    },
    {
      "line": "Won’t you love to hear me say",
      "annotations": {}
    },
    {
      "line": "",
      "annotations": {}
    },
    {
      "line": "[Chorus]",
      "annotations": {}
    },
    {
      "line": "Lurid, movie, won’t you watch it play",
      "annotations": {}
    },
    {
      "line": "Lurid, movie, won’t you watch it play",
      "annotations": {}
    },
    {
      "line": "",
      "annotations": {}
    },
    {
      "line": "[Verse 2]",
      "annotations": {}
    },
    {
      "line": "I can’t get enough of this",
      "annotations": {}
    },
    {
      "line": "Losing my mind just to take a couple tavern",
      "annotations": {}
    },
    {
      "line": "Looking my name",
      "annotations": {}
    },
    {
      "line": "(hilton)",
      "annotations": {}
    },
    {
      "line": "Oh make it serious, like a list of mono my year",
      "annotations": {}
    },
    {
      "line": "(am i here?)",
      "annotations": {}
    },
    {
      "line": "Surreal one in silk in",
      "annotations": {}
    },
    {
      "line": "Hurry through the pavement",
      "annotations": {}
    },
    {
      "line": "I want to seek your avalon",
      "annotations": {}
    },
    {
      "line": "",
      "annotations": {}
    },
    {
      "line": "[Outro]",
      "annotations": {}
    },
    {
      "line": "Mehn i don’t really know what’s really changed",
      "annotations": {}
    },
    {
      "line": "Apart from getting sеrious with a lady",
      "annotations": {}
    },
    {
      "line": "That sh t half sucks and puts a lot of bulk on you",
      "annotations": {}
    }
  ]
}