{
  "lyrics": [
    {
      "line": "[Intro]",
      "annotations": {}
    },
    {
      "line": "Hmm, hey",
      "annotations": {}
    },
    {
      "line": "",
      "annotations": {}
    },
    {
      "line": "[Verse 1]",
      "annotations": {}
    },
    {
      "line": "Do i ever pick on fate",
      "annotations": {}
    },
    {
      "line": "Do i ever say i know my fate",
      "annotations": {}
    },
    {
      "line": "I keep holding on",
      "annotations": {}
    },
    {
      "line": "Begging isn’t it the last day",
      "annotations": {}
    },
    {
      "line": "Fay, answer i have been on my way",
      "annotations": {}
    },
    {
      "line": "I can’t take it out this day",
      "annotations": {}
    },
    {
      "line": "But i know that everything is out my way",
      "annotations": {}
    },
    {
      "line": "Would i take this the right way",
      "annotations": {}
    },
    {
      "line": "She’s my lover sending hers overt",
      "annotations": {}
    },
    {
      "line": "Chase my love, does it never arrive",
      "annotations": {}
    },
    {
      "line": "",
      "annotations": {}
    },
    {
      "line": "[Verse 2]",
      "annotations": {}
    },
    {
      "line": "Past the station",
      "annotations": {}
    },
    {
      "line": "Feeling like i got no occupation",
      "annotations": {}
    },
    {
      "line": "All i ever do",
      "annotations": {}
    },
    {
      "line": "Well, i ever do is mention",
      "annotations": {}
    },
    {
      "line": "That i’m on my way",
      "annotations": {}
    },
    {
      "line": "Right here, right here on my way",
      "annotations": {}
    },
    {
      "line": "Said i’ve been on my way",
      "annotations": {}
    },
    {
      "line": "Right here, right here on my way",
      "annotations": {}
    },
    {
      "line": "Where it’s ever felt the same",
      "annotations": {}
    },
    {
      "line": "All the love in my face",
      "annotations": {}
    },
    {
      "line": "It’s her",
      "annotations": {}
    },
    {
      "line": "",
      "annotations": {}
    },
    {
      "line": "[Bridge]",
      "annotations": {}
    },
    {
      "line": "Who’ll never get enough",
      "annotations": {}
    },
    {
      "line": "",
      "annotations": {}
    },
    {
      "line": "[Verse 3]",
      "annotations": {}
    },
    {
      "line": "He’s dead in the way of our l st",
      "annotations": {}
    },
    {
      "line": "I’m core on the diet in your own words",
      "annotations": {}
    },
    {
      "line": "Cuddled up in your love",
      "annotations": {}
    },
    {
      "line": "Don’t you take it back",
      "annotations": {}
    },
    {
      "line": "I can’t stand away",
      "annotations": {}
    },
    {
      "line": "Stand away",
      "annotations": {}
    },
    {
      "line": "Backstage friday",
      "annotations": {}
    }
  ]
}