{
  "lyrics": [
    {
      "line": "[Intro]",
      "annotations": {}
    },
    {
      "line": "Fresh boy chilling",
      "annotations": {}
    },
    {
      "line": "We could fly to the party of the night",
      "annotations": {}
    },
    {
      "line": "",
      "annotations": {}
    },
    {
      "line": "[Verse 1]",
      "annotations": {}
    },
    {
      "line": "I feel my time always frays away",
      "annotations": {}
    },
    {
      "line": "When i’m with you, my lover",
      "annotations": {}
    },
    {
      "line": "I feel that my overrate is not for revving",
      "annotations": {}
    },
    {
      "line": "My number is still the same",
      "annotations": {}
    },
    {
      "line": "",
      "annotations": {}
    },
    {
      "line": "[Chorus]",
      "annotations": {}
    },
    {
      "line": "But i always hear you",
      "annotations": {}
    },
    {
      "line": "How you call my name",
      "annotations": {}
    },
    {
      "line": "How you say",
      "annotations": {}
    },
    {
      "line": "You held the same way too",
      "annotations": {}
    },
    {
      "line": "I get off the ground",
      "annotations": {}
    },
    {
      "line": "And i say",
      "annotations": {}
    },
    {
      "line": "Are you coming back to the store",
      "annotations": {}
    },
    {
      "line": "Cos i want something from here",
      "annotations": {}
    },
    {
      "line": "Back there, i hear it’s better at the start",
      "annotations": {}
    },
    {
      "line": "",
      "annotations": {}
    },
    {
      "line": "[Verse 2]",
      "annotations": {}
    },
    {
      "line": "We’re out of spin",
      "annotations": {}
    },
    {
      "line": "Tell me about it",
      "annotations": {}
    },
    {
      "line": "Cos you’re never around",
      "annotations": {}
    },
    {
      "line": "I’m always about it",
      "annotations": {}
    },
    {
      "line": "When i hear you got a frown",
      "annotations": {}
    },
    {
      "line": "And when i see you smilе",
      "annotations": {}
    },
    {
      "line": "I want something from the store",
      "annotations": {}
    },
    {
      "line": "Is it somеthing beasty",
      "annotations": {}
    },
    {
      "line": "I’m on my mane",
      "annotations": {}
    },
    {
      "line": "Oh, it’ll work",
      "annotations": {}
    },
    {
      "line": "",
      "annotations": {}
    },
    {
      "line": "[Chorus]",
      "annotations": {}
    },
    {
      "line": "But i always hear you",
      "annotations": {}
    },
    {
      "line": "How you call my name",
      "annotations": {}
    },
    {
      "line": "How you say",
      "annotations": {}
    },
    {
      "line": "You held the same way too",
      "annotations": {}
    },
    {
      "line": "I get off the ground",
      "annotations": {}
    },
    {
      "line": "And i say",
      "annotations": {}
    },
    {
      "line": "Are you coming back to the store",
      "annotations": {}
    },
    {
      "line": "Cos i want something from here",
      "annotations": {}
    },
    {
      "line": "Back there, i hear it’s better at the start",
      "annotations": {}
    }
  ]
}