{
  "lyrics": [
    {
      "line": "[Chorus]",
      "annotations": {
        "Chorus": "Annotation for [Chorus]"
      }
    },
    {
      "line": "I said all i ever was fed as a baby",
      "annotations": {}
    },
    {
      "line": "Was bad vibes",
      "annotations": {}
    },
    {
      "line": "The bad vibes",
      "annotations": {}
    },
    {
      "line": "All she ever knew as a kid",
      "annotations": {}
    },
    {
      "line": "Was crime stats",
      "annotations": {}
    },
    {
      "line": "The grind hard",
      "annotations": {}
    },
    {
      "line": "She’s k!lling em slowly",
      "annotations": {}
    },
    {
      "line": "Tryna die fast",
      "annotations": {}
    },
    {
      "line": "It’s my life",
      "annotations": {}
    },
    {
      "line": "The high life",
      "annotations": {}
    },
    {
      "line": "Cos all i ever knew as a baby",
      "annotations": {}
    },
    {
      "line": "Was bad vibes",
      "annotations": {}
    },
    {
      "line": "The bad vibes",
      "annotations": {}
    },
    {
      "line": "Bad vibes (they ain’t hay)",
      "annotations": {}
    },
    {
      "line": "",
      "annotations": {}
    },
    {
      "line": "[Verse 1]",
      "annotations": {
        "1": "Annotation for 1]",
        "Verse": "Annotation for [Verse"
      }
    },
    {
      "line": "Righting all your wrongs in dyslexia",
      "annotations": {}
    },
    {
      "line": "Cos he left ya",
      "annotations": {}
    },
    {
      "line": "Now you got dementia",
      "annotations": {}
    },
    {
      "line": "What’s to mention?",
      "annotations": {}
    },
    {
      "line": "Is it the way he left your heart on your sleeve",
      "annotations": {}
    },
    {
      "line": "Or the way he left you to bleed",
      "annotations": {}
    },
    {
      "line": "You’re awake but you can’t see",
      "annotations": {}
    },
    {
      "line": "Caught up in a swirl and it burdens me",
      "annotations": {}
    },
    {
      "line": "He put your heart on a pedestal",
      "annotations": {}
    },
    {
      "line": "Just to crash it down",
      "annotations": {}
    },
    {
      "line": "Now the comedown leaves you with a frown",
      "annotations": {}
    },
    {
      "line": "And a tussle with your demons",
      "annotations": {}
    },
    {
      "line": "You try to place a call",
      "annotations": {}
    },
    {
      "line": "But he never answers",
      "annotations": {}
    },
    {
      "line": "All of the memories of the past time",
      "annotations": {}
    },
    {
      "line": "Hurts so deep",
      "annotations": {}
    },
    {
      "line": "So you down another pill",
      "annotations": {}
    },
    {
      "line": "What do you know",
      "annotations": {}
    },
    {
      "line": "You feel better with the chill",
      "annotations": {}
    },
    {
      "line": "Better with this thrill",
      "annotations": {}
    },
    {
      "line": "What do i know",
      "annotations": {}
    },
    {
      "line": "I feel better with this thrill",
      "annotations": {}
    },
    {
      "line": "I feel better when i chill cos",
      "annotations": {}
    },
    {
      "line": "",
      "annotations": {}
    },
    {
      "line": "[Chorus]",
      "annotations": {
        "Chorus": "Annotation for [Chorus]"
      }
    },
    {
      "line": "I said all i ever was fed as a baby",
      "annotations": {}
    },
    {
      "line": "Was bad vibes",
      "annotations": {}
    },
    {
      "line": "The bad vibes",
      "annotations": {}
    },
    {
      "line": "All she ever knew as a kid",
      "annotations": {}
    },
    {
      "line": "Was crime stats",
      "annotations": {}
    },
    {
      "line": "The grind hard",
      "annotations": {}
    },
    {
      "line": "She’s k!lling em slowly",
      "annotations": {}
    },
    {
      "line": "Tryna die fast",
      "annotations": {}
    },
    {
      "line": "It’s my life",
      "annotations": {}
    },
    {
      "line": "The high life",
      "annotations": {}
    },
    {
      "line": "Cos all i ever knew as a baby",
      "annotations": {}
    },
    {
      "line": "Was bad vibes",
      "annotations": {}
    },
    {
      "line": "The bad vibes",
      "annotations": {}
    },
    {
      "line": "Bad vibes (they ain’t hay)",
      "annotations": {}
    }
  ]
}