{
  "lyrics": [
    {
      "line": "[Intro]",
      "annotations": {
        "Intro": "Annotation for [Intro]"
      }
    },
    {
      "line": "Fresh boy chilling",
      "annotations": {}
    },
    {
      "line": "",
      "annotations": {}
    },
    {
      "line": "[Verse 1]",
      "annotations": {
        "1": "Annotation for 1]",
        "Verse": "Annotation for [Verse"
      }
    },
    {
      "line": "Maybe i’ll take time",
      "annotations": {}
    },
    {
      "line": "To let this heart",
      "annotations": {}
    },
    {
      "line": "Say what falls under",
      "annotations": {}
    },
    {
      "line": "",
      "annotations": {}
    },
    {
      "line": "[Verse 2]",
      "annotations": {
        "2": "Annotation for 2]",
        "Verse": "Annotation for [Verse"
      }
    },
    {
      "line": "Just some bag grips",
      "annotations": {}
    },
    {
      "line": "Got to get a grip",
      "annotations": {}
    },
    {
      "line": "Looking for beats",
      "annotations": {}
    },
    {
      "line": "That’s another fit",
      "annotations": {}
    },
    {
      "line": "Looking for me that’s another kick",
      "annotations": {}
    },
    {
      "line": "I think i found another weave",
      "annotations": {}
    },
    {
      "line": "Sipping on these waving tears",
      "annotations": {}
    },
    {
      "line": "I get the stairs",
      "annotations": {}
    },
    {
      "line": "Oh am i on your nerve",
      "annotations": {}
    },
    {
      "line": "I fear i am going now",
      "annotations": {}
    },
    {
      "line": "And i say",
      "annotations": {}
    },
    {
      "line": "I keep it with the cults",
      "annotations": {}
    },
    {
      "line": "And i say, i’m not real in this shot",
      "annotations": {}
    },
    {
      "line": "Maybe it’s another shot",
      "annotations": {}
    },
    {
      "line": "Another calling heart",
      "annotations": {}
    },
    {
      "line": "Maybe it’s another falling nugget",
      "annotations": {}
    },
    {
      "line": "",
      "annotations": {}
    },
    {
      "line": "[Verse 3]",
      "annotations": {
        "3": "Annotation for 3]",
        "Verse": "Annotation for [Verse"
      }
    },
    {
      "line": "I just took time to see",
      "annotations": {}
    },
    {
      "line": "What’s heart",
      "annotations": {}
    },
    {
      "line": "What’s for asunder",
      "annotations": {}
    },
    {
      "line": "A lover, a brother, a homie, your weather",
      "annotations": {}
    },
    {
      "line": "A lover, a brother, a homie, your weather",
      "annotations": {}
    },
    {
      "line": "I just took time to see it",
      "annotations": {}
    },
    {
      "line": "",
      "annotations": {}
    },
    {
      "line": "[Outro]",
      "annotations": {
        "Outro": "Annotation for [Outro]"
      }
    },
    {
      "line": "Fresh boy chilling",
      "annotations": {}
    }
  ]
}