{
  "lyrics": [
    {
      "line": "[Intro]",
      "annotations": {}
    },
    {
      "line": "Fresh boy chilling",
      "annotations": {}
    },
    {
      "line": "",
      "annotations": {}
    },
    {
      "line": "[Chorus]",
      "annotations": {}
    },
    {
      "line": "Headed for what i want",
      "annotations": {}
    },
    {
      "line": "Clambering up these rungs",
      "annotations": {}
    },
    {
      "line": "Hail me, i’m your runt",
      "annotations": {}
    },
    {
      "line": "How you got me burnt",
      "annotations": {}
    },
    {
      "line": "Torch my life",
      "annotations": {}
    },
    {
      "line": "Share what you shun",
      "annotations": {}
    },
    {
      "line": "I’m not letting it go",
      "annotations": {}
    },
    {
      "line": "I’m bagging this home",
      "annotations": {}
    },
    {
      "line": "Bagging this home",
      "annotations": {}
    },
    {
      "line": "Bagging your heart home",
      "annotations": {}
    },
    {
      "line": "",
      "annotations": {}
    },
    {
      "line": "[Verse 1]",
      "annotations": {}
    },
    {
      "line": "No matter how many they are",
      "annotations": {}
    },
    {
      "line": "Their broken heart",
      "annotations": {}
    },
    {
      "line": "I’ll find every bit",
      "annotations": {}
    },
    {
      "line": "Take you right there",
      "annotations": {}
    },
    {
      "line": "To their start",
      "annotations": {}
    },
    {
      "line": "To the start",
      "annotations": {}
    },
    {
      "line": "To the start",
      "annotations": {}
    },
    {
      "line": "Where it all begun",
      "annotations": {}
    },
    {
      "line": "",
      "annotations": {}
    },
    {
      "line": "[Chorus]",
      "annotations": {}
    },
    {
      "line": "Headed for what i want",
      "annotations": {}
    },
    {
      "line": "Clambering up these rungs",
      "annotations": {}
    },
    {
      "line": "Hail me, i’m your runt",
      "annotations": {}
    },
    {
      "line": "How you got me burnt",
      "annotations": {}
    },
    {
      "line": "Torch my life",
      "annotations": {}
    },
    {
      "line": "Share what you shun",
      "annotations": {}
    },
    {
      "line": "I’m not letting it go",
      "annotations": {}
    },
    {
      "line": "I’m bagging this home",
      "annotations": {}
    },
    {
      "line": "",
      "annotations": {}
    },
    {
      "line": "[Outro]",
      "annotations": {}
    },
    {
      "line": "Feel it, dizzying",
      "annotations": {}
    },
    {
      "line": "Are they ever gonna see a man in reason",
      "annotations": {}
    },
    {
      "line": "When her will the fortitude",
      "annotations": {}
    },
    {
      "line": "I’ve been hurting",
      "annotations": {}
    },
    {
      "line": "Every time i tried",
      "annotations": {}
    }
  ]
}