{
  "lyrics": [
    {
      "line": "[Intro]",
      "annotations": {
        "Intro": "Annotation for [Intro]"
      }
    },
    {
      "line": "Fresh boy chilling",
      "annotations": {}
    },
    {
      "line": "It’s a smooth ride",
      "annotations": {}
    },
    {
      "line": "With you by my side",
      "annotations": {}
    },
    {
      "line": "And i’m dreaming more than half the time",
      "annotations": {}
    },
    {
      "line": "If this will be forever",
      "annotations": {}
    },
    {
      "line": "",
      "annotations": {}
    },
    {
      "line": "[Chorus]",
      "annotations": {
        "Chorus": "Annotation for [Chorus]"
      }
    },
    {
      "line": "Say it, place it, how it plays the song",
      "annotations": {}
    },
    {
      "line": "Say it, place it, for where our song starts",
      "annotations": {}
    },
    {
      "line": "",
      "annotations": {}
    },
    {
      "line": "[Verse 1]",
      "annotations": {
        "1": "Annotation for 1]",
        "Verse": "Annotation for [Verse"
      }
    },
    {
      "line": "The queue comes on",
      "annotations": {}
    },
    {
      "line": "I hear our songs play through the strings strumming in my headphone",
      "annotations": {}
    },
    {
      "line": "Thinking of you got me feeling",
      "annotations": {}
    },
    {
      "line": "Barefoot headed to you",
      "annotations": {}
    },
    {
      "line": "This fight, this night",
      "annotations": {}
    },
    {
      "line": "It’s gone to ruminating",
      "annotations": {}
    },
    {
      "line": "Joy if the song comes on",
      "annotations": {}
    },
    {
      "line": "And i don’t want it to be morning",
      "annotations": {}
    },
    {
      "line": "For me in the know that this is",
      "annotations": {}
    },
    {
      "line": "Just me acting, be it funny",
      "annotations": {}
    },
    {
      "line": "Thinking that it ends in the dark",
      "annotations": {}
    },
    {
      "line": "With my hands at the back",
      "annotations": {}
    },
    {
      "line": "Thinking of what i’ve done wrong",
      "annotations": {}
    },
    {
      "line": "",
      "annotations": {}
    },
    {
      "line": "[Chorus]",
      "annotations": {
        "Chorus": "Annotation for [Chorus]"
      }
    },
    {
      "line": "Say it, place it, how it plays the song",
      "annotations": {}
    },
    {
      "line": "Say it, placе it, for where our song starts",
      "annotations": {}
    },
    {
      "line": "",
      "annotations": {}
    },
    {
      "line": "[Verse 2]",
      "annotations": {
        "2": "Annotation for 2]",
        "Verse": "Annotation for [Verse"
      }
    },
    {
      "line": "I take this oftеn as a joke",
      "annotations": {}
    },
    {
      "line": "My feelings, they are acting so spirally",
      "annotations": {}
    },
    {
      "line": "Bet it comes with the role",
      "annotations": {}
    },
    {
      "line": "Acting so flawed with my little gaze on you",
      "annotations": {}
    },
    {
      "line": "I’m bothered cos",
      "annotations": {}
    },
    {
      "line": "I better count my numbers",
      "annotations": {}
    },
    {
      "line": "I told myself when that mirror was backed to myself",
      "annotations": {}
    },
    {
      "line": "",
      "annotations": {}
    },
    {
      "line": "[Chorus]",
      "annotations": {
        "Chorus": "Annotation for [Chorus]"
      }
    },
    {
      "line": "Say it, place it, how it plays the song",
      "annotations": {}
    },
    {
      "line": "Say it, place it, for where our song starts",
      "annotations": {}
    }
  ]
}