{
  "lyrics": [
    {
      "line": "[Chorus]",
      "annotations": {
        "Chorus": "Annotation for [Chorus]"
      }
    },
    {
      "line": "Beat me down",
      "annotations": {}
    },
    {
      "line": "Isn’t that exactly what you want",
      "annotations": {}
    },
    {
      "line": "Beat me down",
      "annotations": {}
    },
    {
      "line": "All the fuss just a floss for your wrongs",
      "annotations": {}
    },
    {
      "line": "Beat me down",
      "annotations": {}
    },
    {
      "line": "On a foray clowned up for your trust",
      "annotations": {}
    },
    {
      "line": "Beat me down",
      "annotations": {}
    },
    {
      "line": "Unhitched stitches",
      "annotations": {}
    },
    {
      "line": "Beat me down",
      "annotations": {}
    },
    {
      "line": "Isn’t that exactly what you want",
      "annotations": {}
    },
    {
      "line": "Beat me down",
      "annotations": {}
    },
    {
      "line": "All the fuss just a floss for your wrongs",
      "annotations": {}
    },
    {
      "line": "Beat me down",
      "annotations": {}
    },
    {
      "line": "On this foray clowned up for your trust",
      "annotations": {}
    },
    {
      "line": "Beat me down",
      "annotations": {}
    },
    {
      "line": "",
      "annotations": {}
    },
    {
      "line": "[Verse 1]",
      "annotations": {
        "1": "Annotation for 1]",
        "Verse": "Annotation for [Verse"
      }
    },
    {
      "line": "I can’t take it",
      "annotations": {}
    },
    {
      "line": "I can’t pretend i’m fine",
      "annotations": {}
    },
    {
      "line": "Why you riding us down?",
      "annotations": {}
    },
    {
      "line": "We should be flying altitudes high",
      "annotations": {}
    },
    {
      "line": "Carry on for the pride",
      "annotations": {}
    },
    {
      "line": "Sated fine while i cry",
      "annotations": {}
    },
    {
      "line": "Party on while i sit forlorn",
      "annotations": {}
    },
    {
      "line": "Fast to whisk my claws",
      "annotations": {}
    },
    {
      "line": "You keep me on my toes",
      "annotations": {}
    },
    {
      "line": "Writhing on this languid ship",
      "annotations": {}
    },
    {
      "line": "Surely for a wish i’d choose to die alone",
      "annotations": {}
    },
    {
      "line": "Die alone",
      "annotations": {}
    },
    {
      "line": "Die alone",
      "annotations": {}
    },
    {
      "line": "My journal says i don’t fair alone",
      "annotations": {}
    },
    {
      "line": "Fair alone",
      "annotations": {}
    },
    {
      "line": "How you’re my only pheromone",
      "annotations": {}
    },
    {
      "line": "So long you’ve been my gleaming hope",
      "annotations": {}
    },
    {
      "line": "Seething prose",
      "annotations": {}
    },
    {
      "line": "Filled with words",
      "annotations": {}
    },
    {
      "line": "Curse this fissure i loathe",
      "annotations": {}
    },
    {
      "line": "How you’re my",
      "annotations": {}
    },
    {
      "line": "Only pheromone",
      "annotations": {}
    },
    {
      "line": "So long you’ve been my gleaming hope",
      "annotations": {}
    },
    {
      "line": "",
      "annotations": {}
    },
    {
      "line": "[2nd chorus]",
      "annotations": {
        "2nd": "Annotation for [2nd",
        "chorus": "Annotation for chorus]"
      }
    },
    {
      "line": "Beat me down",
      "annotations": {}
    },
    {
      "line": "Isn’t that exactly what you want",
      "annotations": {}
    },
    {
      "line": "Beat me down",
      "annotations": {}
    },
    {
      "line": "On a foray clowned up for your trust",
      "annotations": {}
    },
    {
      "line": "Beat me down",
      "annotations": {}
    },
    {
      "line": "All the fuss just a floss for your wrongs",
      "annotations": {}
    },
    {
      "line": "Beat me down",
      "annotations": {}
    },
    {
      "line": "Unhitch stitches",
      "annotations": {}
    },
    {
      "line": "Beat me down",
      "annotations": {}
    },
    {
      "line": "Isn’t that exactly what you want",
      "annotations": {}
    },
    {
      "line": "Beat me down",
      "annotations": {}
    },
    {
      "line": "On a foray clowned up for your trust",
      "annotations": {}
    },
    {
      "line": "Beat me down",
      "annotations": {}
    },
    {
      "line": "All the fuss just a floss for your wrongs",
      "annotations": {}
    },
    {
      "line": "Beat me down",
      "annotations": {}
    },
    {
      "line": "",
      "annotations": {}
    },
    {
      "line": "[Verse 2]",
      "annotations": {
        "2": "Annotation for 2]",
        "Verse": "Annotation for [Verse"
      }
    },
    {
      "line": "Beat me down",
      "annotations": {}
    },
    {
      "line": "Be on your way why you acting; you don’t care",
      "annotations": {}
    },
    {
      "line": "‘fore it sears leave with the tears",
      "annotations": {}
    },
    {
      "line": "Here’s a scissor i’ll shear all the reasons",
      "annotations": {}
    },
    {
      "line": "The pictures of leisures",
      "annotations": {}
    },
    {
      "line": "No tissues",
      "annotations": {}
    },
    {
      "line": "You should get your soul attended to",
      "annotations": {}
    },
    {
      "line": "Probably don’t know but here is a whole lot to sleep to",
      "annotations": {}
    },
    {
      "line": "Are you tuned in?",
      "annotations": {}
    },
    {
      "line": "Are you tuned in?",
      "annotations": {}
    },
    {
      "line": "How you ruining",
      "annotations": {}
    },
    {
      "line": "Why you call it pruning",
      "annotations": {}
    },
    {
      "line": "Months of duds",
      "annotations": {}
    },
    {
      "line": "Cared that we pulling",
      "annotations": {}
    },
    {
      "line": "Did you care?",
      "annotations": {}
    },
    {
      "line": "Did you ever care that we pulling?",
      "annotations": {}
    },
    {
      "line": "Morning feigned",
      "annotations": {}
    },
    {
      "line": "Heaped the dune in",
      "annotations": {}
    },
    {
      "line": "Now am hanging on",
      "annotations": {}
    },
    {
      "line": "What we ruining",
      "annotations": {}
    },
    {
      "line": "And i’m longing on",
      "annotations": {}
    },
    {
      "line": "All the days the nights that we had",
      "annotations": {}
    },
    {
      "line": "Pulling all the scenes together",
      "annotations": {}
    },
    {
      "line": "How holding on?",
      "annotations": {}
    }
  ]
}