{
  "lyrics": [
    {
      "line": "[Intro]",
      "annotations": {}
    },
    {
      "line": "Fresh boy chilling",
      "annotations": {}
    },
    {
      "line": "",
      "annotations": {}
    },
    {
      "line": "[Verse 1]",
      "annotations": {}
    },
    {
      "line": "Damn it, can you tell me i deserve you",
      "annotations": {}
    },
    {
      "line": "Cos i’m right here",
      "annotations": {}
    },
    {
      "line": "Looking for a better view",
      "annotations": {}
    },
    {
      "line": "By myself looking at my photographs",
      "annotations": {}
    },
    {
      "line": "Thinking how do i match up to the things i am",
      "annotations": {}
    },
    {
      "line": "Lover i know my beep",
      "annotations": {}
    },
    {
      "line": "But whatever comes after",
      "annotations": {}
    },
    {
      "line": "Doesn’t have to be this",
      "annotations": {}
    },
    {
      "line": "Oh another lawn",
      "annotations": {}
    },
    {
      "line": "Another lawn to run on",
      "annotations": {}
    },
    {
      "line": "",
      "annotations": {}
    },
    {
      "line": "[Chorus]",
      "annotations": {}
    },
    {
      "line": "So tell me that lovers don’t come and go",
      "annotations": {}
    },
    {
      "line": "Like they do on the tv",
      "annotations": {}
    },
    {
      "line": "Don’t tell me i’ll be just like",
      "annotations": {}
    },
    {
      "line": "Another boyfriend to beautiful taylor",
      "annotations": {}
    },
    {
      "line": "Cos i’m here with all my heart",
      "annotations": {}
    },
    {
      "line": "Let them rose on my sleeve",
      "annotations": {}
    },
    {
      "line": "Better than these words do",
      "annotations": {}
    },
    {
      "line": "Girl i’m waiting here with all my heart",
      "annotations": {}
    },
    {
      "line": "Pleading to you girl",
      "annotations": {}
    },
    {
      "line": "",
      "annotations": {}
    },
    {
      "line": "[Verse 2]",
      "annotations": {}
    },
    {
      "line": "These days hearts don’t match up enough",
      "annotations": {}
    },
    {
      "line": "Looking like i need something better",
      "annotations": {}
    },
    {
      "line": "To pull it off",
      "annotations": {}
    },
    {
      "line": "Damn girl, damn i think of some bucks",
      "annotations": {}
    },
    {
      "line": "Pushing your spray so something",
      "annotations": {}
    },
    {
      "line": "Like that won’t be enough",
      "annotations": {}
    },
    {
      "line": "So gawd, i’m with share",
      "annotations": {}
    },
    {
      "line": "More tracks i’m building",
      "annotations": {}
    },
    {
      "line": "More stacks i’m building",
      "annotations": {}
    },
    {
      "line": "Looking like i could win her heart",
      "annotations": {}
    },
    {
      "line": "If i’m dreaming",
      "annotations": {}
    },
    {
      "line": "",
      "annotations": {}
    },
    {
      "line": "[Chorus]",
      "annotations": {}
    },
    {
      "line": "So tell me that lovers don’t come and go",
      "annotations": {}
    },
    {
      "line": "Like they do on the tv",
      "annotations": {}
    },
    {
      "line": "Don’t tell me i’ll be just like",
      "annotations": {}
    },
    {
      "line": "Another boyfriend to beautiful taylor",
      "annotations": {}
    },
    {
      "line": "Cos i’m here with all my heart",
      "annotations": {}
    },
    {
      "line": "Let them rose on my sleeve",
      "annotations": {}
    },
    {
      "line": "Better than these words do",
      "annotations": {}
    },
    {
      "line": "Girl i’m waiting here with all my heart",
      "annotations": {}
    },
    {
      "line": "Pleading to you girl",
      "annotations": {}
    },
    {
      "line": "My queen",
      "annotations": {}
    }
  ]
}