{
  "lyrics": [
    {
      "line": "[Intro]",
      "annotations": {
        "Intro": "Annotation for [Intro]"
      }
    },
    {
      "line": "Capsule beautiful",
      "annotations": {}
    },
    {
      "line": "Gateau tender fall",
      "annotations": {}
    },
    {
      "line": "Banderole letter full",
      "annotations": {}
    },
    {
      "line": "Battle miracle",
      "annotations": {}
    },
    {
      "line": "",
      "annotations": {}
    },
    {
      "line": "[Verse 1]",
      "annotations": {
        "1": "Annotation for 1]",
        "Verse": "Annotation for [Verse"
      }
    },
    {
      "line": "It is a beanie on a ghost",
      "annotations": {}
    },
    {
      "line": "Find out we winning",
      "annotations": {}
    },
    {
      "line": "We on our toast",
      "annotations": {}
    },
    {
      "line": "And that’s not a post",
      "annotations": {}
    },
    {
      "line": "Um, her cruise",
      "annotations": {}
    },
    {
      "line": "Ever cared to undress a prose",
      "annotations": {}
    },
    {
      "line": "Take a rose and float a boat",
      "annotations": {}
    },
    {
      "line": "Her pathos, nouveau, my veil",
      "annotations": {}
    },
    {
      "line": "Her romance, fiddle me up in taints",
      "annotations": {}
    },
    {
      "line": "",
      "annotations": {}
    },
    {
      "line": "[Bridge]",
      "annotations": {
        "Bridge": "Annotation for [Bridge]"
      }
    },
    {
      "line": "Please clad to her toes",
      "annotations": {}
    },
    {
      "line": "Tweeds gratuitous down her dose",
      "annotations": {}
    },
    {
      "line": "Oh sully her hands",
      "annotations": {}
    },
    {
      "line": "",
      "annotations": {}
    },
    {
      "line": "[Chorus]",
      "annotations": {
        "Chorus": "Annotation for [Chorus]"
      }
    },
    {
      "line": "Capsule beautiful",
      "annotations": {}
    },
    {
      "line": "Gateau tender fall",
      "annotations": {}
    },
    {
      "line": "Bandеrole letter full",
      "annotations": {}
    },
    {
      "line": "Battlе miracle",
      "annotations": {}
    },
    {
      "line": "",
      "annotations": {}
    },
    {
      "line": "[Chorus]",
      "annotations": {
        "Chorus": "Annotation for [Chorus]"
      }
    },
    {
      "line": "Capsule beautiful",
      "annotations": {}
    },
    {
      "line": "Gateau tender fall",
      "annotations": {}
    },
    {
      "line": "Banderole letter full",
      "annotations": {}
    },
    {
      "line": "Battle miracle",
      "annotations": {}
    },
    {
      "line": "",
      "annotations": {}
    },
    {
      "line": "[Chorus]",
      "annotations": {
        "Chorus": "Annotation for [Chorus]"
      }
    },
    {
      "line": "Capsule beautiful",
      "annotations": {}
    },
    {
      "line": "Gateau tender fall",
      "annotations": {}
    },
    {
      "line": "Banderole letter full",
      "annotations": {}
    },
    {
      "line": "Battle miracle",
      "annotations": {}
    }
  ]
}