{
  "lyrics": [
    {
      "line": "[Chorus]",
      "annotations": {
        "Chorus": "Annotation for [Chorus]"
      }
    },
    {
      "line": "Can i paint the pace a little down",
      "annotations": {}
    },
    {
      "line": "For my heart has lost",
      "annotations": {}
    },
    {
      "line": "Its taste for this rhythm",
      "annotations": {}
    },
    {
      "line": "Can i paint the pace a little down",
      "annotations": {}
    },
    {
      "line": "’cause my heart has lost",
      "annotations": {}
    },
    {
      "line": "Its taste for this rhythm",
      "annotations": {}
    },
    {
      "line": "",
      "annotations": {}
    },
    {
      "line": "[Verse 1]",
      "annotations": {
        "1": "Annotation for 1]",
        "Verse": "Annotation for [Verse"
      }
    },
    {
      "line": "It’s bringing me down everything",
      "annotations": {}
    },
    {
      "line": "Call it how i take the worst straw",
      "annotations": {}
    },
    {
      "line": "Picking on my thoughts",
      "annotations": {}
    },
    {
      "line": "For something more edible",
      "annotations": {}
    },
    {
      "line": "Waiting here it suck",
      "annotations": {}
    },
    {
      "line": "You suck",
      "annotations": {}
    },
    {
      "line": "Every other time, why won’t i try harder",
      "annotations": {}
    },
    {
      "line": "My heart is a mess when you’re around",
      "annotations": {}
    },
    {
      "line": "And it frowns and it frowns at",
      "annotations": {}
    },
    {
      "line": "My heart says something wrong every time",
      "annotations": {}
    },
    {
      "line": "",
      "annotations": {}
    },
    {
      "line": "[Bridge]",
      "annotations": {
        "Bridge": "Annotation for [Bridge]"
      }
    },
    {
      "line": "Can i paint the pace a . . .",
      "annotations": {}
    },
    {
      "line": "",
      "annotations": {}
    },
    {
      "line": "[Verse 2]",
      "annotations": {
        "2": "Annotation for 2]",
        "Verse": "Annotation for [Verse"
      }
    },
    {
      "line": "Come tell me that i could be bеtter",
      "annotations": {}
    },
    {
      "line": "Come tell mе my life could turn down better",
      "annotations": {}
    },
    {
      "line": "Ken is fine, it’s never a fight",
      "annotations": {}
    },
    {
      "line": "When it’s fine",
      "annotations": {}
    },
    {
      "line": "It’s only in sharing",
      "annotations": {}
    },
    {
      "line": "Forever, would i ever let it go",
      "annotations": {}
    },
    {
      "line": "Whenever i feel it picking on my thoughts",
      "annotations": {}
    },
    {
      "line": "Picking on my worst",
      "annotations": {}
    },
    {
      "line": "Have i ever had another thought",
      "annotations": {}
    },
    {
      "line": "And i mean for the worst",
      "annotations": {}
    },
    {
      "line": "",
      "annotations": {}
    },
    {
      "line": "[Outro]",
      "annotations": {
        "Outro": "Annotation for [Outro]"
      }
    },
    {
      "line": "So i saw a man sleeping outside",
      "annotations": {}
    },
    {
      "line": "And i wondered it could be my bedroom",
      "annotations": {}
    },
    {
      "line": "I have felt the room",
      "annotations": {}
    }
  ]
}