{
  "lyrics": [
    {
      "line": "[Intro]",
      "annotations": {}
    },
    {
      "line": "Spell it",
      "annotations": {}
    },
    {
      "line": "Fresh boy chilling",
      "annotations": {}
    },
    {
      "line": "Girl, i need you to spell it",
      "annotations": {}
    },
    {
      "line": "",
      "annotations": {}
    },
    {
      "line": "[Verse 1]",
      "annotations": {}
    },
    {
      "line": "She’s been asking me to spell it out",
      "annotations": {}
    },
    {
      "line": "I’ve been drinking so much about my heart aches",
      "annotations": {}
    },
    {
      "line": "She’s been asking about my bed time",
      "annotations": {}
    },
    {
      "line": "I’ve been asking if she’ll help with stories",
      "annotations": {}
    },
    {
      "line": "I’m a baby with a broken heart",
      "annotations": {}
    },
    {
      "line": "Calling to a girl who’s got her own baby",
      "annotations": {}
    },
    {
      "line": "I’m a grown man",
      "annotations": {}
    },
    {
      "line": "Hoping one day i’ll say that",
      "annotations": {}
    },
    {
      "line": "I’ll be laughing now",
      "annotations": {}
    },
    {
      "line": "(laughter)",
      "annotations": {}
    },
    {
      "line": "I just need my mood out of here",
      "annotations": {}
    },
    {
      "line": "I don’t want to feel so h rny",
      "annotations": {}
    },
    {
      "line": "I just need a bed time story",
      "annotations": {}
    },
    {
      "line": "Can’t you help me out of this",
      "annotations": {}
    },
    {
      "line": "",
      "annotations": {}
    },
    {
      "line": "[Bridge]",
      "annotations": {}
    },
    {
      "line": "Figures, in my head",
      "annotations": {}
    },
    {
      "line": "Acting so greedy",
      "annotations": {}
    },
    {
      "line": "I say god is greedy",
      "annotations": {}
    },
    {
      "line": "I was talking about how some of my foes make some cash",
      "annotations": {}
    },
    {
      "line": "",
      "annotations": {}
    },
    {
      "line": "[Verse 2]",
      "annotations": {}
    },
    {
      "line": "I need it now",
      "annotations": {}
    },
    {
      "line": "In a funk, care pack out of here, the door",
      "annotations": {}
    },
    {
      "line": "With this, she says she wants a rendition",
      "annotations": {}
    },
    {
      "line": "I just say, just want s x",
      "annotations": {}
    },
    {
      "line": "Is it too much, whеn love is not in my head",
      "annotations": {}
    },
    {
      "line": "About to sell it out",
      "annotations": {}
    },
    {
      "line": "Cash at thе doorstep, never gave it out",
      "annotations": {}
    },
    {
      "line": "I’ve been the best",
      "annotations": {}
    },
    {
      "line": "Maybe i’m just in love",
      "annotations": {}
    },
    {
      "line": "",
      "annotations": {}
    },
    {
      "line": "[Verse 3]",
      "annotations": {}
    },
    {
      "line": "With this creative ass of mine",
      "annotations": {}
    },
    {
      "line": "I’ll be tailing everywhere where they say love hurts",
      "annotations": {}
    },
    {
      "line": "I lose everytime when this heart weighs heavier",
      "annotations": {}
    },
    {
      "line": "Hades should hold me home",
      "annotations": {}
    },
    {
      "line": "I need more lovers",
      "annotations": {}
    },
    {
      "line": "I just need more lovers",
      "annotations": {}
    },
    {
      "line": "With hearts heavier than anvils",
      "annotations": {}
    },
    {
      "line": "Yeah",
      "annotations": {}
    }
  ]
}