{
  "lyrics": [
    {
      "line": "[Chorus]",
      "annotations": {}
    },
    {
      "line": "Let’s go back to the beginning",
      "annotations": {}
    },
    {
      "line": "Even for a minute",
      "annotations": {}
    },
    {
      "line": "Can we go",
      "annotations": {}
    },
    {
      "line": "Back to the beginning",
      "annotations": {}
    },
    {
      "line": "Even just a minute",
      "annotations": {}
    },
    {
      "line": "End it, beginning",
      "annotations": {}
    },
    {
      "line": "",
      "annotations": {}
    },
    {
      "line": "[Verse 1]",
      "annotations": {}
    },
    {
      "line": "Having you in my head blurs my thoughts",
      "annotations": {}
    },
    {
      "line": "And it makes me feel like i can’t get another cut",
      "annotations": {}
    },
    {
      "line": "No this this is not the court",
      "annotations": {}
    },
    {
      "line": "It’s real as i feel, when i would say i’d do with the win",
      "annotations": {}
    },
    {
      "line": "I’m lost on my own",
      "annotations": {}
    },
    {
      "line": "Sitting twice don’t mean i have figured it out",
      "annotations": {}
    },
    {
      "line": "A waste",
      "annotations": {}
    },
    {
      "line": "I’m shaming my freaking feelings",
      "annotations": {}
    },
    {
      "line": "Do i think it’s sieving",
      "annotations": {}
    },
    {
      "line": "No whoa",
      "annotations": {}
    },
    {
      "line": "It’s bigger than i had in mind",
      "annotations": {}
    },
    {
      "line": "Oh when you’re not here",
      "annotations": {}
    },
    {
      "line": "I just want to come here and say wish",
      "annotations": {}
    },
    {
      "line": "I’m wishing no i’m not p ssed",
      "annotations": {}
    },
    {
      "line": "I’m just saving this heart of mine",
      "annotations": {}
    },
    {
      "line": "No i’m not d mning not this time",
      "annotations": {}
    },
    {
      "line": "I’m just feeling i can do better if i’m wishing",
      "annotations": {}
    },
    {
      "line": "",
      "annotations": {}
    },
    {
      "line": "[Chorus]",
      "annotations": {}
    },
    {
      "line": "Let’s go back to the beginning",
      "annotations": {}
    },
    {
      "line": "Even for a minute",
      "annotations": {}
    },
    {
      "line": "Can we go",
      "annotations": {}
    },
    {
      "line": "",
      "annotations": {}
    },
    {
      "line": "[Verse 2]",
      "annotations": {}
    },
    {
      "line": "So i will pray today",
      "annotations": {}
    },
    {
      "line": "Everything goes and it comes my way",
      "annotations": {}
    },
    {
      "line": "Yet it fallls on my laps",
      "annotations": {}
    },
    {
      "line": "Like i got the world at the palm of my hands",
      "annotations": {}
    },
    {
      "line": "Even if it’s just mine",
      "annotations": {}
    },
    {
      "line": "And i want you in it",
      "annotations": {}
    },
    {
      "line": "Blaming myself for too long",
      "annotations": {}
    },
    {
      "line": "How would you feel when it’s not me on your songs",
      "annotations": {}
    },
    {
      "line": "Oh my i don’t know i’m towing",
      "annotations": {}
    },
    {
      "line": "I just want you here with me like all the time",
      "annotations": {}
    },
    {
      "line": "Too messed up",
      "annotations": {}
    },
    {
      "line": "’cause i’m too with the sentiments of love",
      "annotations": {}
    },
    {
      "line": "Of this love",
      "annotations": {}
    },
    {
      "line": "Love, this lover gains",
      "annotations": {}
    }
  ]
}