{
  "lyrics": [
    {
      "line": "[Intro]",
      "annotations": {}
    },
    {
      "line": "The day’s pittance",
      "annotations": {}
    },
    {
      "line": "Far tube admittance",
      "annotations": {}
    },
    {
      "line": "Being friends",
      "annotations": {}
    },
    {
      "line": "",
      "annotations": {}
    },
    {
      "line": "[Chorus]",
      "annotations": {}
    },
    {
      "line": "When everything is airy",
      "annotations": {}
    },
    {
      "line": "Tense",
      "annotations": {}
    },
    {
      "line": "Then everything gets scary",
      "annotations": {}
    },
    {
      "line": "Deuces are a thing",
      "annotations": {}
    },
    {
      "line": "Early spiel in sear hill",
      "annotations": {}
    },
    {
      "line": "Fair in chance",
      "annotations": {}
    },
    {
      "line": "Eliciting pearlyville",
      "annotations": {}
    },
    {
      "line": "Something beautiful",
      "annotations": {}
    },
    {
      "line": "",
      "annotations": {}
    },
    {
      "line": "[Verse 1]",
      "annotations": {}
    },
    {
      "line": "I got that part",
      "annotations": {}
    },
    {
      "line": "I got that heart",
      "annotations": {}
    },
    {
      "line": "My love is not poor in getting apart",
      "annotations": {}
    },
    {
      "line": "Tail lit end, tail between legs",
      "annotations": {}
    },
    {
      "line": "High lease end, now you’re gone",
      "annotations": {}
    },
    {
      "line": "Now feeling everything missing in him",
      "annotations": {}
    },
    {
      "line": "A girl to take a chill and deal our chill in dealing",
      "annotations": {}
    },
    {
      "line": "We could have our way",
      "annotations": {}
    },
    {
      "line": "Turbid, how are you living?",
      "annotations": {}
    },
    {
      "line": "Oh oh",
      "annotations": {}
    },
    {
      "line": "Girl a mine in being forward",
      "annotations": {}
    },
    {
      "line": "Other, another",
      "annotations": {}
    },
    {
      "line": "A step after another",
      "annotations": {}
    },
    {
      "line": "I got this",
      "annotations": {}
    },
    {
      "line": "Oh why bother about it",
      "annotations": {}
    },
    {
      "line": "Oh why are you early?",
      "annotations": {}
    },
    {
      "line": ". . . out of it",
      "annotations": {}
    },
    {
      "line": "",
      "annotations": {}
    },
    {
      "line": "[Outro]",
      "annotations": {}
    },
    {
      "line": "A foot, another",
      "annotations": {}
    },
    {
      "line": "Being friends is well with the rose in",
      "annotations": {}
    },
    {
      "line": "Everything is scary",
      "annotations": {}
    },
    {
      "line": "It will all end on the beautiful",
      "annotations": {}
    },
    {
      "line": "Everything is scary",
      "annotations": {}
    },
    {
      "line": "Roaring into beautiful",
      "annotations": {}
    }
  ]
}