{
  "lyrics": [
    {
      "line": "[Verse 1]",
      "annotations": {}
    },
    {
      "line": "Benny on a benny head",
      "annotations": {}
    },
    {
      "line": "Benny in a benny head",
      "annotations": {}
    },
    {
      "line": "Man over on where we at",
      "annotations": {}
    },
    {
      "line": "Id sake you got me in",
      "annotations": {}
    },
    {
      "line": "Benny with the benny head",
      "annotations": {}
    },
    {
      "line": "Been here with a healthy heart",
      "annotations": {}
    },
    {
      "line": "Where i’ve been",
      "annotations": {}
    },
    {
      "line": "I’ve been in the back",
      "annotations": {}
    },
    {
      "line": "How i’ve been in the back",
      "annotations": {}
    },
    {
      "line": "In the class",
      "annotations": {}
    },
    {
      "line": "I’ve been causing h ll",
      "annotations": {}
    },
    {
      "line": "And i know that i can tell",
      "annotations": {}
    },
    {
      "line": "Where it all ends",
      "annotations": {}
    },
    {
      "line": "I’ve been in the back",
      "annotations": {}
    },
    {
      "line": "I’ve been cussing",
      "annotations": {}
    },
    {
      "line": "I’ve been raising up h ll",
      "annotations": {}
    },
    {
      "line": "",
      "annotations": {}
    },
    {
      "line": "[Chorus]",
      "annotations": {}
    },
    {
      "line": "Benny only had",
      "annotations": {}
    },
    {
      "line": "Bеnny with the head",
      "annotations": {}
    },
    {
      "line": "Wherе i have been",
      "annotations": {}
    },
    {
      "line": "I’ve been never never way",
      "annotations": {}
    },
    {
      "line": "Been near my horse hard",
      "annotations": {}
    },
    {
      "line": "",
      "annotations": {}
    },
    {
      "line": "[Verse 2]",
      "annotations": {}
    },
    {
      "line": "Help is so bad",
      "annotations": {}
    },
    {
      "line": "I’ve been on my bad",
      "annotations": {}
    },
    {
      "line": "I’ve been going never rare real fast",
      "annotations": {}
    },
    {
      "line": "Dance with me",
      "annotations": {}
    },
    {
      "line": "She’ll never @ to me",
      "annotations": {}
    },
    {
      "line": "My heart is with me",
      "annotations": {}
    },
    {
      "line": "I could like kiss the undead",
      "annotations": {}
    },
    {
      "line": "In a sunlit room",
      "annotations": {}
    },
    {
      "line": "Nothing shows",
      "annotations": {}
    },
    {
      "line": "Where you go",
      "annotations": {}
    },
    {
      "line": "",
      "annotations": {}
    },
    {
      "line": "[Bridge]",
      "annotations": {}
    },
    {
      "line": "My shadow is the window",
      "annotations": {}
    },
    {
      "line": "And it shows",
      "annotations": {}
    },
    {
      "line": "My shadow, it’s the window",
      "annotations": {}
    },
    {
      "line": "When it shows",
      "annotations": {}
    },
    {
      "line": "",
      "annotations": {}
    },
    {
      "line": "[Outro]",
      "annotations": {}
    },
    {
      "line": "Benny had a hat",
      "annotations": {}
    },
    {
      "line": "It was benny with the heart",
      "annotations": {}
    },
    {
      "line": "Where has he been with the heart",
      "annotations": {}
    },
    {
      "line": "Your spin",
      "annotations": {}
    },
    {
      "line": "Girl on here no pretence",
      "annotations": {}
    }
  ]
}