{
  "lyrics": [
    {
      "line": "[Intro]",
      "annotations": {
        "Intro": "Annotation for [Intro]"
      }
    },
    {
      "line": "Fresh boy chilling",
      "annotations": {}
    },
    {
      "line": "",
      "annotations": {}
    },
    {
      "line": "[Verse 1]",
      "annotations": {
        "1": "Annotation for 1]",
        "Verse": "Annotation for [Verse"
      }
    },
    {
      "line": "Speeding through love",
      "annotations": {}
    },
    {
      "line": "Speeding through hearts",
      "annotations": {}
    },
    {
      "line": "Names on my dashboard",
      "annotations": {}
    },
    {
      "line": "I’m happy that my windscreen is free",
      "annotations": {}
    },
    {
      "line": "(free)",
      "annotations": {}
    },
    {
      "line": "I talk a lot about you to a friend",
      "annotations": {}
    },
    {
      "line": "I met him at the other fiery bar",
      "annotations": {}
    },
    {
      "line": "(she’s really beautiful)",
      "annotations": {}
    },
    {
      "line": "Swear i fought for your heart remember",
      "annotations": {}
    },
    {
      "line": "",
      "annotations": {}
    },
    {
      "line": "[Chorus]",
      "annotations": {
        "Chorus": "Annotation for [Chorus]"
      }
    },
    {
      "line": "Probably don’t know him anymore",
      "annotations": {}
    },
    {
      "line": "Harsh you don’t know me",
      "annotations": {}
    },
    {
      "line": "These days i wonder",
      "annotations": {}
    },
    {
      "line": "If you follow a decree in here",
      "annotations": {}
    },
    {
      "line": "Saying don’t be, we’re into",
      "annotations": {}
    },
    {
      "line": "I guess i am alone with my heart breaks",
      "annotations": {}
    },
    {
      "line": "I’ll find a way to say",
      "annotations": {}
    },
    {
      "line": "I’ve just got a break from the most",
      "annotations": {}
    },
    {
      "line": "From the most",
      "annotations": {}
    },
    {
      "line": "The best cardigan i ever had",
      "annotations": {}
    },
    {
      "line": "",
      "annotations": {}
    },
    {
      "line": "[Verse 2]",
      "annotations": {
        "2": "Annotation for 2]",
        "Verse": "Annotation for [Verse"
      }
    },
    {
      "line": "Everything turns around",
      "annotations": {}
    },
    {
      "line": "When i look from the other side",
      "annotations": {}
    },
    {
      "line": "Driving this fast",
      "annotations": {}
    },
    {
      "line": "Hoping it will last",
      "annotations": {}
    },
    {
      "line": "Feelings coming and going",
      "annotations": {}
    },
    {
      "line": "Like the wind over here",
      "annotations": {}
    },
    {
      "line": "I say i’ll be nothing",
      "annotations": {}
    },
    {
      "line": "I’m over there",
      "annotations": {}
    },
    {
      "line": "Looking at another girl",
      "annotations": {}
    },
    {
      "line": "Hoping she’s not a friend",
      "annotations": {}
    },
    {
      "line": "Often, she’s just a fan really",
      "annotations": {}
    },
    {
      "line": "",
      "annotations": {}
    },
    {
      "line": "[Chorus]",
      "annotations": {
        "Chorus": "Annotation for [Chorus]"
      }
    },
    {
      "line": "Probably don’t know him anymore",
      "annotations": {}
    },
    {
      "line": "Harsh you don’t know me",
      "annotations": {}
    },
    {
      "line": "These days i wonder",
      "annotations": {}
    },
    {
      "line": "If you follow a decree in here",
      "annotations": {}
    },
    {
      "line": "Saying don’t be, we’re into",
      "annotations": {}
    },
    {
      "line": "I guess i am alone with my heart breaks",
      "annotations": {}
    },
    {
      "line": "I’ll find a way to say",
      "annotations": {}
    },
    {
      "line": "I’ve just got a break from the most",
      "annotations": {}
    },
    {
      "line": "From the most",
      "annotations": {}
    },
    {
      "line": "The best cardigan i ever had",
      "annotations": {}
    }
  ]
}