{
  "lyrics": [
    {
      "line": "[Intro]",
      "annotations": {
        "Intro": "Annotation for [Intro]"
      }
    },
    {
      "line": "Sometimes i don’t . . . here in vain",
      "annotations": {}
    },
    {
      "line": "Other times i just have her for say you’re in",
      "annotations": {}
    },
    {
      "line": "",
      "annotations": {}
    },
    {
      "line": "[Verse 1]",
      "annotations": {
        "1": "Annotation for 1]",
        "Verse": "Annotation for [Verse"
      }
    },
    {
      "line": "The best place to be",
      "annotations": {}
    },
    {
      "line": "The right place to see",
      "annotations": {}
    },
    {
      "line": "I don’t get the field",
      "annotations": {}
    },
    {
      "line": "Sometimes the air is up to you?",
      "annotations": {}
    },
    {
      "line": "I don’t get this place",
      "annotations": {}
    },
    {
      "line": "I don’t get he says",
      "annotations": {}
    },
    {
      "line": "I don’t get every thing in making out of",
      "annotations": {}
    },
    {
      "line": "Telling me, dozen in a phone get a raise",
      "annotations": {}
    },
    {
      "line": "I’m begging to my love in ace",
      "annotations": {}
    },
    {
      "line": "And i know, it’s the same, big here",
      "annotations": {}
    },
    {
      "line": "To leaving for something better",
      "annotations": {}
    },
    {
      "line": "Better be you",
      "annotations": {}
    },
    {
      "line": "Better say true",
      "annotations": {}
    },
    {
      "line": "Better to be who true to what i do",
      "annotations": {}
    },
    {
      "line": "Best stan, not whoever",
      "annotations": {}
    },
    {
      "line": "On my . . . oh god!",
      "annotations": {}
    }
  ]
}