{
  "lyrics": [
    {
      "line": "[Intro]",
      "annotations": {}
    },
    {
      "line": "Can i say something",
      "annotations": {}
    },
    {
      "line": "I really love you",
      "annotations": {}
    },
    {
      "line": "And dammit",
      "annotations": {}
    },
    {
      "line": "I make mistakes",
      "annotations": {}
    },
    {
      "line": "And i am always all over the place",
      "annotations": {}
    },
    {
      "line": "And i never say hi",
      "annotations": {}
    },
    {
      "line": "I never text but really i do",
      "annotations": {}
    },
    {
      "line": "And i hope i can make you know somehow",
      "annotations": {}
    },
    {
      "line": "I just gotta let it go",
      "annotations": {}
    },
    {
      "line": "This won’t be the last draw",
      "annotations": {}
    },
    {
      "line": "I just gotta let it go",
      "annotations": {}
    },
    {
      "line": "Pick one more ball",
      "annotations": {}
    },
    {
      "line": "A lie will do",
      "annotations": {}
    },
    {
      "line": "",
      "annotations": {}
    },
    {
      "line": "[Verse 1]",
      "annotations": {}
    },
    {
      "line": "Let’s try, give it a try",
      "annotations": {}
    },
    {
      "line": "A real try",
      "annotations": {}
    },
    {
      "line": "Agree in love",
      "annotations": {}
    },
    {
      "line": "Being boy and guy",
      "annotations": {}
    },
    {
      "line": "Boy and guy or boy and girl",
      "annotations": {}
    },
    {
      "line": "Fighting for your love",
      "annotations": {}
    },
    {
      "line": "I’ll go hard",
      "annotations": {}
    },
    {
      "line": "I’ll get it",
      "annotations": {}
    },
    {
      "line": "I’ll fight on",
      "annotations": {}
    },
    {
      "line": "Yeah, yeah",
      "annotations": {}
    },
    {
      "line": "I really wanna say",
      "annotations": {}
    },
    {
      "line": "Yeah, yeah",
      "annotations": {}
    },
    {
      "line": "More battle rings",
      "annotations": {}
    },
    {
      "line": "I love you all the time",
      "annotations": {}
    },
    {
      "line": "I love you all thе time",
      "annotations": {}
    },
    {
      "line": "Even when i’m on my bеd",
      "annotations": {}
    },
    {
      "line": "I love you all the time",
      "annotations": {}
    },
    {
      "line": "I need you here",
      "annotations": {}
    },
    {
      "line": "I cannot deny it",
      "annotations": {}
    },
    {
      "line": "I have the thoughts in my head",
      "annotations": {}
    },
    {
      "line": "And i’m stuck in my head alot",
      "annotations": {}
    },
    {
      "line": "Forte in round",
      "annotations": {}
    },
    {
      "line": "Tryna make the style a bill’s worth",
      "annotations": {}
    },
    {
      "line": "Don’t you get it right girl",
      "annotations": {}
    },
    {
      "line": "I’m so in love with you",
      "annotations": {}
    },
    {
      "line": "I’m so in love with you",
      "annotations": {}
    },
    {
      "line": "D mn, i’m so in love with you",
      "annotations": {}
    },
    {
      "line": "What do i have now",
      "annotations": {}
    },
    {
      "line": "I’ll say, i got another girl",
      "annotations": {}
    },
    {
      "line": "What do you think now",
      "annotations": {}
    },
    {
      "line": "I don’t give a nerve girl",
      "annotations": {}
    },
    {
      "line": "I just wanna be next to you",
      "annotations": {}
    },
    {
      "line": "We can put a big fat lie outside",
      "annotations": {}
    },
    {
      "line": "",
      "annotations": {}
    },
    {
      "line": "[Verse 2]",
      "annotations": {}
    },
    {
      "line": "Walked into my life and since then",
      "annotations": {}
    },
    {
      "line": "Being in the back and trying to pretend",
      "annotations": {}
    },
    {
      "line": "Don’t fuss, a loud cry",
      "annotations": {}
    },
    {
      "line": "She said to me",
      "annotations": {}
    },
    {
      "line": "Boy i’ll be out here before you even notice",
      "annotations": {}
    },
    {
      "line": "So why now, where are you going?",
      "annotations": {}
    },
    {
      "line": "Where the f ck you think you’re going",
      "annotations": {}
    },
    {
      "line": "Without me",
      "annotations": {}
    },
    {
      "line": "You’ve got a story to tell me and i need it girl",
      "annotations": {}
    },
    {
      "line": "I f cking d mn need it girl",
      "annotations": {}
    },
    {
      "line": "I need answers",
      "annotations": {}
    },
    {
      "line": "Can you meet me halfway",
      "annotations": {}
    },
    {
      "line": "You know how the story goes i am always away",
      "annotations": {}
    },
    {
      "line": "I need it girl, i need it out, i need it out",
      "annotations": {}
    },
    {
      "line": "D mn my girl, i need it out need it out",
      "annotations": {}
    },
    {
      "line": "Don’t you make a grown ass man cry",
      "annotations": {}
    },
    {
      "line": "It is nothing for me to make a grown ass man cry",
      "annotations": {}
    },
    {
      "line": "I think i’m pouring it out my frame",
      "annotations": {}
    },
    {
      "line": "I’m tryna say d mn i need it",
      "annotations": {}
    }
  ]
}