{
  "lyrics": [
    {
      "line": "[Intro]",
      "annotations": {
        "Intro": "Annotation for [Intro]"
      }
    },
    {
      "line": "So hard",
      "annotations": {}
    },
    {
      "line": "It’s so hard",
      "annotations": {}
    },
    {
      "line": "To love when my heart still bleeds",
      "annotations": {}
    },
    {
      "line": "It’s so hard",
      "annotations": {}
    },
    {
      "line": "It’s so hard",
      "annotations": {}
    },
    {
      "line": "To love when my heart still bleeds",
      "annotations": {}
    },
    {
      "line": "",
      "annotations": {}
    },
    {
      "line": "[Verse 1]",
      "annotations": {
        "1": "Annotation for 1]",
        "Verse": "Annotation for [Verse"
      }
    },
    {
      "line": "I swear",
      "annotations": {}
    },
    {
      "line": "I could have sworn",
      "annotations": {}
    },
    {
      "line": "You were the one for me from the jump start",
      "annotations": {}
    },
    {
      "line": "I could have sworn that",
      "annotations": {}
    },
    {
      "line": "I could have sworn that",
      "annotations": {}
    },
    {
      "line": "I could have sworn that (hey!)",
      "annotations": {}
    },
    {
      "line": "But you had to go",
      "annotations": {}
    },
    {
      "line": "Break my heart on the floor",
      "annotations": {}
    },
    {
      "line": "Leave me bleeding",
      "annotations": {}
    },
    {
      "line": "So you never could come",
      "annotations": {}
    },
    {
      "line": "Never could come back (never could come back)",
      "annotations": {}
    },
    {
      "line": "Now you tell me you are the one for me (now you tell me you are the one for me)",
      "annotations": {}
    },
    {
      "line": "I swear i still love you",
      "annotations": {}
    },
    {
      "line": "But my heart still bleeds",
      "annotations": {}
    },
    {
      "line": "I swear i still i want you",
      "annotations": {}
    },
    {
      "line": "But my heart still bleeds",
      "annotations": {}
    },
    {
      "line": "Girl",
      "annotations": {}
    },
    {
      "line": "Would you take me back",
      "annotations": {}
    },
    {
      "line": "Take me back",
      "annotations": {}
    },
    {
      "line": "Baby, we can go back",
      "annotations": {}
    },
    {
      "line": "Baby we can go back",
      "annotations": {}
    },
    {
      "line": "To the old ways",
      "annotations": {}
    },
    {
      "line": "Cos i’m",
      "annotations": {}
    },
    {
      "line": "Still hurt from your love",
      "annotations": {}
    },
    {
      "line": "I’m still pained from your scars",
      "annotations": {}
    },
    {
      "line": "I still wanna ride",
      "annotations": {}
    },
    {
      "line": "I still wanna ride with you",
      "annotations": {}
    },
    {
      "line": "Girl am still hurt from your love",
      "annotations": {}
    },
    {
      "line": "Girl am still pained from the scars",
      "annotations": {}
    },
    {
      "line": "But i’ll do anything just to see that face one more time",
      "annotations": {}
    },
    {
      "line": "Girl tell me what you need",
      "annotations": {}
    },
    {
      "line": "Cos my heart can’t take it no more",
      "annotations": {}
    },
    {
      "line": "Tell me what i got to do",
      "annotations": {}
    },
    {
      "line": "Tell me what i got to do",
      "annotations": {}
    },
    {
      "line": "Yeah",
      "annotations": {}
    },
    {
      "line": "I’ma put it on you",
      "annotations": {}
    },
    {
      "line": "You can put it on me",
      "annotations": {}
    },
    {
      "line": "We can do it if we need it",
      "annotations": {}
    },
    {
      "line": "We can do it if we need it, yeah",
      "annotations": {}
    },
    {
      "line": "Whoa oh oh oh",
      "annotations": {}
    },
    {
      "line": "My girl",
      "annotations": {}
    },
    {
      "line": "",
      "annotations": {}
    },
    {
      "line": "[Chorus]",
      "annotations": {
        "Chorus": "Annotation for [Chorus]"
      }
    },
    {
      "line": "It’s my heart that still bleeds",
      "annotations": {}
    },
    {
      "line": "It’s your love that i need",
      "annotations": {}
    },
    {
      "line": "And i’ll do anything just to see your face one more time",
      "annotations": {}
    },
    {
      "line": "",
      "annotations": {}
    },
    {
      "line": "[Chorus]",
      "annotations": {
        "Chorus": "Annotation for [Chorus]"
      }
    },
    {
      "line": "It’s my heart that still bleeds",
      "annotations": {}
    },
    {
      "line": "It’s your love that i need",
      "annotations": {}
    },
    {
      "line": "And i’ll do anything just to see your face one more time",
      "annotations": {}
    },
    {
      "line": "",
      "annotations": {}
    },
    {
      "line": "[Bridge]",
      "annotations": {
        "Bridge": "Annotation for [Bridge]"
      }
    },
    {
      "line": "Tell me what you want",
      "annotations": {}
    },
    {
      "line": "Tell me what you need",
      "annotations": {}
    },
    {
      "line": "Girl, i’ll do anything for you",
      "annotations": {}
    },
    {
      "line": "Tell me what you want",
      "annotations": {}
    },
    {
      "line": "Tell me what you need",
      "annotations": {}
    },
    {
      "line": "I promise i can do anything for you",
      "annotations": {}
    },
    {
      "line": "",
      "annotations": {}
    },
    {
      "line": "[Chorus]",
      "annotations": {
        "Chorus": "Annotation for [Chorus]"
      }
    },
    {
      "line": "It’s my heart that bleeds (it’s my heart)",
      "annotations": {}
    },
    {
      "line": "It’s your love that i need (it’s your love)",
      "annotations": {}
    },
    {
      "line": "And i’ll do anything just to see your face one more time",
      "annotations": {}
    },
    {
      "line": "",
      "annotations": {}
    },
    {
      "line": "[Chorus]",
      "annotations": {
        "Chorus": "Annotation for [Chorus]"
      }
    },
    {
      "line": "It’s my heart that still bleeds",
      "annotations": {}
    },
    {
      "line": "It’s your love that i need",
      "annotations": {}
    },
    {
      "line": "And i’ll do anything just to see your face one more time",
      "annotations": {}
    },
    {
      "line": "",
      "annotations": {}
    },
    {
      "line": "[Outro]",
      "annotations": {
        "Outro": "Annotation for [Outro]"
      }
    },
    {
      "line": "Yeah, uh",
      "annotations": {}
    },
    {
      "line": "Can, can i pass the vibe to you",
      "annotations": {}
    },
    {
      "line": "Can i pass the vibe",
      "annotations": {}
    },
    {
      "line": "Girl, you got me locked up",
      "annotations": {}
    },
    {
      "line": "In my memories",
      "annotations": {}
    },
    {
      "line": "Memories of you",
      "annotations": {}
    },
    {
      "line": "Memories of our love",
      "annotations": {}
    },
    {
      "line": "Got me locked up",
      "annotations": {}
    },
    {
      "line": "Got me locked up in my mind",
      "annotations": {}
    },
    {
      "line": "Yeah you took the heat",
      "annotations": {}
    },
    {
      "line": "You took it away now",
      "annotations": {}
    },
    {
      "line": "So am lost in my ways now",
      "annotations": {}
    },
    {
      "line": "Had to stop smoking",
      "annotations": {}
    },
    {
      "line": "Had to stop doing those d mn things",
      "annotations": {}
    },
    {
      "line": "Gotta live",
      "annotations": {}
    },
    {
      "line": "Gotta live my life",
      "annotations": {}
    }
  ]
}