{
  "lyrics": [
    {
      "line": "[Verse 1]",
      "annotations": {}
    },
    {
      "line": "Forward, not mine",
      "annotations": {}
    },
    {
      "line": "For a worth, poignant",
      "annotations": {}
    },
    {
      "line": "I think her mind the pun",
      "annotations": {}
    },
    {
      "line": "Chimp, your wing pull",
      "annotations": {}
    },
    {
      "line": "Chimp, you’re a wimp; pall",
      "annotations": {}
    },
    {
      "line": "All year boink",
      "annotations": {}
    },
    {
      "line": "I think i’ma stop",
      "annotations": {}
    },
    {
      "line": "Tripin’ wearing pall",
      "annotations": {}
    },
    {
      "line": "Chimp, you’re wearing pall",
      "annotations": {}
    },
    {
      "line": "My he, y’all",
      "annotations": {}
    },
    {
      "line": "Alright we’ll do it",
      "annotations": {}
    },
    {
      "line": "How are you y’all",
      "annotations": {}
    },
    {
      "line": "I love what you’re doing",
      "annotations": {}
    },
    {
      "line": "Marry y’all",
      "annotations": {}
    },
    {
      "line": "Oh what we doing?",
      "annotations": {}
    },
    {
      "line": "I’m married, y’all are off",
      "annotations": {}
    },
    {
      "line": "All day, do it",
      "annotations": {}
    },
    {
      "line": "I just had a party to save",
      "annotations": {}
    },
    {
      "line": "I ‘on’t get this discreet",
      "annotations": {}
    },
    {
      "line": "My love is not bursting at the seams",
      "annotations": {}
    },
    {
      "line": "So it is stuck and it’s sieve reen on a gun",
      "annotations": {}
    },
    {
      "line": "D mn it, we should give in",
      "annotations": {}
    },
    {
      "line": "My love, i want you here for a rating",
      "annotations": {}
    },
    {
      "line": "All over here, he is on the floor",
      "annotations": {}
    }
  ]
}