{
  "lyrics": [
    {
      "line": "[Intro]",
      "annotations": {
        "Intro": "Annotation for [Intro]"
      }
    },
    {
      "line": "I wish i could go back",
      "annotations": {}
    },
    {
      "line": "Take my heart to the old hag",
      "annotations": {}
    },
    {
      "line": "I would say i was better",
      "annotations": {}
    },
    {
      "line": "Without you",
      "annotations": {}
    },
    {
      "line": "",
      "annotations": {}
    },
    {
      "line": "[Verse 1]",
      "annotations": {
        "1": "Annotation for 1]",
        "Verse": "Annotation for [Verse"
      }
    },
    {
      "line": "Don’t say my name",
      "annotations": {}
    },
    {
      "line": "It don’t sound good outta your mouth",
      "annotations": {}
    },
    {
      "line": "Don’t call it pain",
      "annotations": {}
    },
    {
      "line": "It don’t matter when it’s not a frown",
      "annotations": {}
    },
    {
      "line": "I know myself",
      "annotations": {}
    },
    {
      "line": "You don’t need to call me out",
      "annotations": {}
    },
    {
      "line": "I know my steps",
      "annotations": {}
    },
    {
      "line": "I took them right",
      "annotations": {}
    },
    {
      "line": "With the devil, these legs",
      "annotations": {}
    },
    {
      "line": "",
      "annotations": {}
    },
    {
      "line": "[Verse 2]",
      "annotations": {
        "2": "Annotation for 2]",
        "Verse": "Annotation for [Verse"
      }
    },
    {
      "line": "Too much",
      "annotations": {}
    },
    {
      "line": "All you ever say is too much",
      "annotations": {}
    },
    {
      "line": "Who is hurt",
      "annotations": {}
    },
    {
      "line": "I wouldn’t really know",
      "annotations": {}
    },
    {
      "line": "I’m too bothered with others",
      "annotations": {}
    },
    {
      "line": "I’m too botched up",
      "annotations": {}
    },
    {
      "line": "You bother",
      "annotations": {}
    },
    {
      "line": "But i’m still your spectacle",
      "annotations": {}
    },
    {
      "line": "In this glass",
      "annotations": {}
    },
    {
      "line": "Tryna get a receptacle",
      "annotations": {}
    },
    {
      "line": "Whining myself out of my mind",
      "annotations": {}
    },
    {
      "line": "Out of my mind",
      "annotations": {}
    },
    {
      "line": "Is how i’ll love to flay",
      "annotations": {}
    },
    {
      "line": "You do it, predict the way i’ll work hard",
      "annotations": {}
    },
    {
      "line": "It’s all i will ever top now",
      "annotations": {}
    },
    {
      "line": "",
      "annotations": {}
    },
    {
      "line": "[Chorus]",
      "annotations": {
        "Chorus": "Annotation for [Chorus]"
      }
    },
    {
      "line": "Why are my times loving all on you",
      "annotations": {}
    },
    {
      "line": "Why are my times loving all over on you",
      "annotations": {}
    },
    {
      "line": "Why my time loving over on you",
      "annotations": {}
    },
    {
      "line": "Why my time loving, although you ought",
      "annotations": {}
    },
    {
      "line": "",
      "annotations": {}
    },
    {
      "line": "[Verse 3]",
      "annotations": {
        "3": "Annotation for 3]",
        "Verse": "Annotation for [Verse"
      }
    },
    {
      "line": "Hi, bye time",
      "annotations": {}
    },
    {
      "line": "Lover, wish you never take your turns",
      "annotations": {}
    },
    {
      "line": "I should talk better",
      "annotations": {}
    },
    {
      "line": "Say you’re a boss woman",
      "annotations": {}
    },
    {
      "line": "Like he was better",
      "annotations": {}
    },
    {
      "line": "Walk away, yes i’m better",
      "annotations": {}
    },
    {
      "line": "Now i’m feeling like i’m known for better",
      "annotations": {}
    },
    {
      "line": "I’m botched up",
      "annotations": {}
    },
    {
      "line": "And my body is fatted up",
      "annotations": {}
    },
    {
      "line": "I don’t know even know why i lost",
      "annotations": {}
    },
    {
      "line": "It had a cause in . .",
      "annotations": {}
    },
    {
      "line": "It’s my other my bothers",
      "annotations": {}
    },
    {
      "line": "",
      "annotations": {}
    },
    {
      "line": "[Outro]",
      "annotations": {
        "Outro": "Annotation for [Outro]"
      }
    },
    {
      "line": "Oh gawd",
      "annotations": {}
    },
    {
      "line": "I like it",
      "annotations": {}
    },
    {
      "line": "Now it’s time to just",
      "annotations": {}
    },
    {
      "line": "Write something on this beautiful tune",
      "annotations": {}
    },
    {
      "line": "Yeah",
      "annotations": {}
    }
  ]
}