{
  "lyrics": [
    {
      "line": "[Verse 1]",
      "annotations": {}
    },
    {
      "line": "Too cool her breed",
      "annotations": {}
    },
    {
      "line": "Got me feeling i need a stitch",
      "annotations": {}
    },
    {
      "line": "(yeah)",
      "annotations": {}
    },
    {
      "line": "Too cool her breed",
      "annotations": {}
    },
    {
      "line": "Got me feeling a n gga need to reach",
      "annotations": {}
    },
    {
      "line": "(reach)",
      "annotations": {}
    },
    {
      "line": "Dollars in money got me feeling good",
      "annotations": {}
    },
    {
      "line": "(good, good)",
      "annotations": {}
    },
    {
      "line": "K!ll my time and secure the bill",
      "annotations": {}
    },
    {
      "line": "(well)",
      "annotations": {}
    },
    {
      "line": "All these money got my feeling girl",
      "annotations": {}
    },
    {
      "line": "(girl)",
      "annotations": {}
    },
    {
      "line": "Got my kid ink",
      "annotations": {}
    },
    {
      "line": "Disappear the pun",
      "annotations": {}
    },
    {
      "line": "(woo)",
      "annotations": {}
    },
    {
      "line": "She never had it tatted",
      "annotations": {}
    },
    {
      "line": "(tatted, tattoo)",
      "annotations": {}
    },
    {
      "line": "I’ma skim her and chafe her",
      "annotations": {}
    },
    {
      "line": "Like you ain’t in trouble",
      "annotations": {}
    },
    {
      "line": "But you got in",
      "annotations": {}
    },
    {
      "line": "(yeah, woo woo woo woo)",
      "annotations": {}
    },
    {
      "line": "Her initials double pow",
      "annotations": {}
    },
    {
      "line": "(p.g)",
      "annotations": {}
    },
    {
      "line": "Doesn’t matter we could rate it like",
      "annotations": {}
    },
    {
      "line": "Tell no one, ain’t it",
      "annotations": {}
    },
    {
      "line": "(where is daddy?)",
      "annotations": {}
    },
    {
      "line": "For good, for god",
      "annotations": {}
    },
    {
      "line": "(aye!)",
      "annotations": {}
    },
    {
      "line": "Ovеr here i had",
      "annotations": {}
    },
    {
      "line": "Now i handle thеm like a zol",
      "annotations": {}
    },
    {
      "line": "(soaring, soaring, soaring)",
      "annotations": {}
    },
    {
      "line": "For a girl, for god",
      "annotations": {}
    },
    {
      "line": "I try to learn her taste",
      "annotations": {}
    },
    {
      "line": "And i have it like that",
      "annotations": {}
    },
    {
      "line": "To call her bread",
      "annotations": {}
    },
    {
      "line": "(too cool her breed)",
      "annotations": {}
    },
    {
      "line": "To call her bread",
      "annotations": {}
    },
    {
      "line": "To call her bread",
      "annotations": {}
    },
    {
      "line": "(too cool her breed)",
      "annotations": {}
    },
    {
      "line": "To call her bread",
      "annotations": {}
    },
    {
      "line": "(uh)",
      "annotations": {}
    },
    {
      "line": "To call her bread is to oh live on",
      "annotations": {}
    }
  ]
}