{
  "lyrics": [
    {
      "line": "[Intro]",
      "annotations": {
        "Intro": "Annotation for [Intro]"
      }
    },
    {
      "line": "Fresh boy chilling",
      "annotations": {}
    },
    {
      "line": "Hmm hmmm",
      "annotations": {}
    },
    {
      "line": "Girl you know",
      "annotations": {}
    },
    {
      "line": "Haters, it feels like words in there; their home",
      "annotations": {}
    },
    {
      "line": "Someday another super bowl",
      "annotations": {}
    },
    {
      "line": "Letter won my girl back",
      "annotations": {}
    },
    {
      "line": "Butcher feel",
      "annotations": {}
    },
    {
      "line": "",
      "annotations": {}
    },
    {
      "line": "[Chorus]",
      "annotations": {
        "Chorus": "Annotation for [Chorus]"
      }
    },
    {
      "line": "I don’t really know how to say that i’m still here",
      "annotations": {}
    },
    {
      "line": "If i don’t win this way",
      "annotations": {}
    },
    {
      "line": "I don’t really know how to say here",
      "annotations": {}
    },
    {
      "line": "D mn, i’m still",
      "annotations": {}
    },
    {
      "line": "If i don’t win this way",
      "annotations": {}
    },
    {
      "line": "",
      "annotations": {}
    },
    {
      "line": "[Verse 1]",
      "annotations": {
        "1": "Annotation for 1]",
        "Verse": "Annotation for [Verse"
      }
    },
    {
      "line": "‘cause, money on my mind that’s what matters",
      "annotations": {}
    },
    {
      "line": "Winning on time, that’s what’s happening",
      "annotations": {}
    },
    {
      "line": "N ggers in my crib, they be acting wild",
      "annotations": {}
    },
    {
      "line": "Under some stash up",
      "annotations": {}
    },
    {
      "line": "Your brush, come looking like a mosh",
      "annotations": {}
    },
    {
      "line": "You’re one of them workaholics",
      "annotations": {}
    },
    {
      "line": "Onto y’all, low wrist heinous",
      "annotations": {}
    },
    {
      "line": "All new on returning",
      "annotations": {}
    },
    {
      "line": "Me and my crew, we be acting like you’rе talking ball",
      "annotations": {}
    },
    {
      "line": "They don’t wanna see your call",
      "annotations": {}
    },
    {
      "line": "We’re on glutton",
      "annotations": {}
    },
    {
      "line": "Our sovеreign in time is to get you done",
      "annotations": {}
    },
    {
      "line": "Until we fall by your six, that’s a b tt of fun",
      "annotations": {}
    },
    {
      "line": "Always on my eve, that’s soul son",
      "annotations": {}
    },
    {
      "line": "Whose f cking zone, on whose flag he is on",
      "annotations": {}
    },
    {
      "line": "",
      "annotations": {}
    },
    {
      "line": "[Chorus]",
      "annotations": {
        "Chorus": "Annotation for [Chorus]"
      }
    },
    {
      "line": "I don’t really know how to say that i’m still here",
      "annotations": {}
    },
    {
      "line": "If i don’t win this way",
      "annotations": {}
    },
    {
      "line": "I don’t really know how to say here",
      "annotations": {}
    },
    {
      "line": "D mn, i’m still",
      "annotations": {}
    },
    {
      "line": "If i don’t win this way",
      "annotations": {}
    },
    {
      "line": "",
      "annotations": {}
    },
    {
      "line": "[Chorus]",
      "annotations": {
        "Chorus": "Annotation for [Chorus]"
      }
    },
    {
      "line": "I don’t really know how to say that i’m still here",
      "annotations": {}
    },
    {
      "line": "If i don’t win this way",
      "annotations": {}
    },
    {
      "line": "I don’t really know how to say here",
      "annotations": {}
    },
    {
      "line": "D mn, i’m still",
      "annotations": {}
    },
    {
      "line": "If i don’t win this way",
      "annotations": {}
    },
    {
      "line": "",
      "annotations": {}
    },
    {
      "line": "[Outro]",
      "annotations": {
        "Outro": "Annotation for [Outro]"
      }
    },
    {
      "line": "Fresh boy chilling",
      "annotations": {}
    }
  ]
}