{
  "lyrics": [
    {
      "line": "[Intro]",
      "annotations": {
        "Intro": "Annotation for [Intro]"
      }
    },
    {
      "line": "Pop",
      "annotations": {}
    },
    {
      "line": "Song for mariam",
      "annotations": {}
    },
    {
      "line": "Frith hilton",
      "annotations": {}
    },
    {
      "line": "",
      "annotations": {}
    },
    {
      "line": "[Verse 1]",
      "annotations": {
        "1": "Annotation for 1]",
        "Verse": "Annotation for [Verse"
      }
    },
    {
      "line": "Forget about our homes",
      "annotations": {}
    },
    {
      "line": "Most cruise . . . close",
      "annotations": {}
    },
    {
      "line": "Don’t play indoor",
      "annotations": {}
    },
    {
      "line": "Don’t wait on me",
      "annotations": {}
    },
    {
      "line": "Pretty ears is all i’m here for",
      "annotations": {}
    },
    {
      "line": "The pay is here",
      "annotations": {}
    },
    {
      "line": "It’s all i am here for",
      "annotations": {}
    },
    {
      "line": "",
      "annotations": {}
    },
    {
      "line": "[Bridge]",
      "annotations": {
        "Bridge": "Annotation for [Bridge]"
      }
    },
    {
      "line": "To watch, such",
      "annotations": {}
    },
    {
      "line": "All my veins",
      "annotations": {}
    },
    {
      "line": "Dates are varying",
      "annotations": {}
    },
    {
      "line": "Still by her ounce",
      "annotations": {}
    },
    {
      "line": "Porch, hutch",
      "annotations": {}
    },
    {
      "line": "So her wall to my feelings",
      "annotations": {}
    },
    {
      "line": "Theo, i’m still in your heaven",
      "annotations": {}
    },
    {
      "line": "",
      "annotations": {}
    },
    {
      "line": "[Chorus]",
      "annotations": {
        "Chorus": "Annotation for [Chorus]"
      }
    },
    {
      "line": "Can you call for more",
      "annotations": {}
    },
    {
      "line": "Two bottle to a pair",
      "annotations": {}
    },
    {
      "line": "To our pairing",
      "annotations": {}
    },
    {
      "line": "Can you call for more",
      "annotations": {}
    },
    {
      "line": "Plume more to a pair",
      "annotations": {}
    },
    {
      "line": "To our pairing",
      "annotations": {}
    },
    {
      "line": "Tale bloom",
      "annotations": {}
    },
    {
      "line": "",
      "annotations": {}
    },
    {
      "line": "[Verse 2]",
      "annotations": {
        "2": "Annotation for 2]",
        "Verse": "Annotation for [Verse"
      }
    },
    {
      "line": "She got a ass that makes you",
      "annotations": {}
    },
    {
      "line": "Think, drink",
      "annotations": {}
    },
    {
      "line": "A day a hey, you’re here",
      "annotations": {}
    },
    {
      "line": "I got a heartbeat that makes me impulsive",
      "annotations": {}
    },
    {
      "line": "Is it impossible",
      "annotations": {}
    },
    {
      "line": "Kites into my lawn",
      "annotations": {}
    },
    {
      "line": "Harvey i’ve had this, it’s on beyond",
      "annotations": {}
    },
    {
      "line": "Kites sail over my lorn",
      "annotations": {}
    },
    {
      "line": "I’ve been authoring this",
      "annotations": {}
    },
    {
      "line": "I’ll slip over, it’s by your cousin",
      "annotations": {}
    }
  ]
}