{
  "lyrics": [
    {
      "line": "[Intro]",
      "annotations": {}
    },
    {
      "line": "Oh we’re here",
      "annotations": {}
    },
    {
      "line": "",
      "annotations": {}
    },
    {
      "line": "[Verse 1]",
      "annotations": {}
    },
    {
      "line": "I’m feeling like i woke up",
      "annotations": {}
    },
    {
      "line": "On the right side of the bed",
      "annotations": {}
    },
    {
      "line": "Bed, peer pair",
      "annotations": {}
    },
    {
      "line": "I’m feeling like i woke up",
      "annotations": {}
    },
    {
      "line": "On the right side of the bed",
      "annotations": {}
    },
    {
      "line": "Paired with peer",
      "annotations": {}
    },
    {
      "line": "I wanna hear your thoughts",
      "annotations": {}
    },
    {
      "line": "Can you tell me with a smile",
      "annotations": {}
    },
    {
      "line": "Her lie is on purse",
      "annotations": {}
    },
    {
      "line": "I just want you here",
      "annotations": {}
    },
    {
      "line": "I need to focus on you some more",
      "annotations": {}
    },
    {
      "line": "I got nothing but this rain pour",
      "annotations": {}
    },
    {
      "line": "It’s had me feeling like",
      "annotations": {}
    },
    {
      "line": "This ain’t nothing more",
      "annotations": {}
    },
    {
      "line": "Nothing more",
      "annotations": {}
    },
    {
      "line": "And i know what to feel",
      "annotations": {}
    },
    {
      "line": "Feel, feel, feel, feel, feel",
      "annotations": {}
    },
    {
      "line": "And i know what i feel",
      "annotations": {}
    },
    {
      "line": "",
      "annotations": {}
    },
    {
      "line": "[Verse 2]",
      "annotations": {}
    },
    {
      "line": "I’m calling on your tel",
      "annotations": {}
    },
    {
      "line": "But you say nothing",
      "annotations": {}
    },
    {
      "line": "I’m all time high",
      "annotations": {}
    },
    {
      "line": "When she know no reading",
      "annotations": {}
    },
    {
      "line": "You know i can’t hide your theme",
      "annotations": {}
    },
    {
      "line": "When you’rе offending him",
      "annotations": {}
    },
    {
      "line": "Theo wherе is your ass",
      "annotations": {}
    },
    {
      "line": "It’s your sou",
      "annotations": {}
    },
    {
      "line": "It’s fine, he’s fine",
      "annotations": {}
    },
    {
      "line": "It’s just us two",
      "annotations": {}
    },
    {
      "line": "And she knows",
      "annotations": {}
    },
    {
      "line": "No zit on him",
      "annotations": {}
    },
    {
      "line": "He’s fine",
      "annotations": {}
    },
    {
      "line": "He’s fine",
      "annotations": {}
    },
    {
      "line": "I’m locking it on you",
      "annotations": {}
    },
    {
      "line": "Fapping my pants",
      "annotations": {}
    },
    {
      "line": "And p ss on you",
      "annotations": {}
    },
    {
      "line": "Cure my thoughts",
      "annotations": {}
    },
    {
      "line": "Card, d mn! it’s on you",
      "annotations": {}
    },
    {
      "line": "Can i hit you like a real junkie homie yo?",
      "annotations": {}
    },
    {
      "line": "Is something like that enough?",
      "annotations": {}
    }
  ]
}