{
  "lyrics": [
    {
      "line": "[Intro]",
      "annotations": {
        "Intro": "Annotation for [Intro]"
      }
    },
    {
      "line": "Fresh boy chilling",
      "annotations": {}
    },
    {
      "line": "",
      "annotations": {}
    },
    {
      "line": "[Verse 1]",
      "annotations": {
        "1": "Annotation for 1]",
        "Verse": "Annotation for [Verse"
      }
    },
    {
      "line": "Oh oh oh oh",
      "annotations": {}
    },
    {
      "line": "Tell me how you feel",
      "annotations": {}
    },
    {
      "line": "Wake me, take me, save a part of me",
      "annotations": {}
    },
    {
      "line": "When you wave me down",
      "annotations": {}
    },
    {
      "line": "Tell it, make sure you save it",
      "annotations": {}
    },
    {
      "line": "I feel that love doesn’t fall off",
      "annotations": {}
    },
    {
      "line": "No matter how fast it goes",
      "annotations": {}
    },
    {
      "line": "Oh oh",
      "annotations": {}
    },
    {
      "line": "This is not the rodeo of a fast life",
      "annotations": {}
    },
    {
      "line": "Oh oh",
      "annotations": {}
    },
    {
      "line": "This fuss to your stay",
      "annotations": {}
    },
    {
      "line": "",
      "annotations": {}
    },
    {
      "line": "[Chorus]",
      "annotations": {
        "Chorus": "Annotation for [Chorus]"
      }
    },
    {
      "line": "And i feel, what you feel",
      "annotations": {}
    },
    {
      "line": "Quilling honest h ll it’s a canticle",
      "annotations": {}
    },
    {
      "line": "And i feel, what you feel",
      "annotations": {}
    },
    {
      "line": "Peace on this fuss here, it’s gotta go",
      "annotations": {}
    },
    {
      "line": "And borders, we’re growing old",
      "annotations": {}
    },
    {
      "line": "We’re growing in our run",
      "annotations": {}
    },
    {
      "line": "And poor diary rust",
      "annotations": {}
    },
    {
      "line": "Going nowhere",
      "annotations": {}
    },
    {
      "line": "It’s going nowhere what i feel",
      "annotations": {}
    },
    {
      "line": "",
      "annotations": {}
    },
    {
      "line": "[Verse 2]",
      "annotations": {
        "2": "Annotation for 2]",
        "Verse": "Annotation for [Verse"
      }
    },
    {
      "line": "Take me in the morning likе a multivitamin pill",
      "annotations": {}
    },
    {
      "line": "Wish on a well, tell it a foul",
      "annotations": {}
    },
    {
      "line": "I give off thе right shot in neon",
      "annotations": {}
    },
    {
      "line": "Peeving in tine",
      "annotations": {}
    },
    {
      "line": "What you gonna savour",
      "annotations": {}
    },
    {
      "line": "Listen to the heavy heart reoccurring",
      "annotations": {}
    },
    {
      "line": "Baby don’t you say it",
      "annotations": {}
    },
    {
      "line": "I got my heart on a letter to you",
      "annotations": {}
    },
    {
      "line": "",
      "annotations": {}
    },
    {
      "line": "[Chorus]",
      "annotations": {
        "Chorus": "Annotation for [Chorus]"
      }
    },
    {
      "line": "And i feel, what you feel",
      "annotations": {}
    },
    {
      "line": "Quilling honest h ll it’s a canticle",
      "annotations": {}
    },
    {
      "line": "And i feel, what you feel",
      "annotations": {}
    },
    {
      "line": "Peace on this fuss here, it’s gotta go",
      "annotations": {}
    },
    {
      "line": "And borders, we’re growing old",
      "annotations": {}
    },
    {
      "line": "We’re growing in our run",
      "annotations": {}
    },
    {
      "line": "And poor diary rust",
      "annotations": {}
    },
    {
      "line": "Going nowhere",
      "annotations": {}
    },
    {
      "line": "It’s going nowhere what i feel",
      "annotations": {}
    },
    {
      "line": "",
      "annotations": {}
    },
    {
      "line": "[Outro]",
      "annotations": {
        "Outro": "Annotation for [Outro]"
      }
    },
    {
      "line": "Dreaming, i hope that i receive it",
      "annotations": {}
    }
  ]
}