{
  "lyrics": [
    {
      "line": "[Intro]",
      "annotations": {
        "Intro": "Annotation for [Intro]"
      }
    },
    {
      "line": "Take it slow",
      "annotations": {}
    },
    {
      "line": "Peck my heart",
      "annotations": {}
    },
    {
      "line": "Over here",
      "annotations": {}
    },
    {
      "line": "Take it slow",
      "annotations": {}
    },
    {
      "line": "Hurting",
      "annotations": {}
    },
    {
      "line": "A tape when you’re done",
      "annotations": {}
    },
    {
      "line": "",
      "annotations": {}
    },
    {
      "line": "[Verse 1]",
      "annotations": {
        "1": "Annotation for 1]",
        "Verse": "Annotation for [Verse"
      }
    },
    {
      "line": "It is jumping",
      "annotations": {}
    },
    {
      "line": "Robbing",
      "annotations": {}
    },
    {
      "line": "A steady crowbarring",
      "annotations": {}
    },
    {
      "line": "Sobering",
      "annotations": {}
    },
    {
      "line": "Beautiful",
      "annotations": {}
    },
    {
      "line": "Heaven chute",
      "annotations": {}
    },
    {
      "line": "I fall",
      "annotations": {}
    },
    {
      "line": "I watch you mull",
      "annotations": {}
    },
    {
      "line": "Beautiful",
      "annotations": {}
    },
    {
      "line": "An healthy dote",
      "annotations": {}
    },
    {
      "line": "The rostrum i drum",
      "annotations": {}
    },
    {
      "line": "",
      "annotations": {}
    },
    {
      "line": "[Bridge]",
      "annotations": {
        "Bridge": "Annotation for [Bridge]"
      }
    },
    {
      "line": "A porous heart",
      "annotations": {}
    },
    {
      "line": "A shim charm",
      "annotations": {}
    },
    {
      "line": "A caret in the now",
      "annotations": {}
    },
    {
      "line": "My tug grit",
      "annotations": {}
    },
    {
      "line": "Blob beau",
      "annotations": {}
    },
    {
      "line": "My beaut tomb",
      "annotations": {}
    },
    {
      "line": "",
      "annotations": {}
    },
    {
      "line": "[Chorus]",
      "annotations": {
        "Chorus": "Annotation for [Chorus]"
      }
    },
    {
      "line": "How you calm my heart",
      "annotations": {}
    },
    {
      "line": "Head me forward revolving",
      "annotations": {}
    },
    {
      "line": "I can cater away",
      "annotations": {}
    },
    {
      "line": "Oh oh",
      "annotations": {}
    },
    {
      "line": "How you calm my heart",
      "annotations": {}
    },
    {
      "line": "Head me forward revolving",
      "annotations": {}
    },
    {
      "line": "I can’t call 911",
      "annotations": {}
    },
    {
      "line": "No, oh oh",
      "annotations": {}
    }
  ]
}