{
  "lyrics": [
    {
      "line": "[Intro]",
      "annotations": {}
    },
    {
      "line": "As a switch",
      "annotations": {}
    },
    {
      "line": "Dib trip, tidbit",
      "annotations": {}
    },
    {
      "line": "Game of wishes",
      "annotations": {}
    },
    {
      "line": "(he’s cool)",
      "annotations": {}
    },
    {
      "line": "Pen your ready ass",
      "annotations": {}
    },
    {
      "line": "",
      "annotations": {}
    },
    {
      "line": "[Chorus]",
      "annotations": {}
    },
    {
      "line": "Menacing",
      "annotations": {}
    },
    {
      "line": "That’s the scene",
      "annotations": {}
    },
    {
      "line": "Across the scene",
      "annotations": {}
    },
    {
      "line": "Menacing",
      "annotations": {}
    },
    {
      "line": "That’s the scene",
      "annotations": {}
    },
    {
      "line": "I cross this seen",
      "annotations": {}
    },
    {
      "line": "Missing letters out",
      "annotations": {}
    },
    {
      "line": "Dirty soul",
      "annotations": {}
    },
    {
      "line": "Billing my family to get a car",
      "annotations": {}
    },
    {
      "line": "(he’s a little confused)",
      "annotations": {}
    },
    {
      "line": "Drowning in heaven’s sound",
      "annotations": {}
    },
    {
      "line": "Higher call, the sullen",
      "annotations": {}
    },
    {
      "line": "",
      "annotations": {}
    },
    {
      "line": "[Verse 1]",
      "annotations": {}
    },
    {
      "line": "I put upon, this upon, nigh beat",
      "annotations": {}
    },
    {
      "line": "An eye for it",
      "annotations": {}
    },
    {
      "line": "Put upon, this upon",
      "annotations": {}
    },
    {
      "line": "And i can’t stop it",
      "annotations": {}
    },
    {
      "line": "Cautious . .",
      "annotations": {}
    },
    {
      "line": "D mn it, you’re cool",
      "annotations": {}
    },
    {
      "line": "Come on show us player",
      "annotations": {}
    },
    {
      "line": "D mn it, it is so cool",
      "annotations": {}
    },
    {
      "line": "",
      "annotations": {}
    },
    {
      "line": "[Chorus]",
      "annotations": {}
    },
    {
      "line": "Menacing",
      "annotations": {}
    },
    {
      "line": "That’s the scene",
      "annotations": {}
    },
    {
      "line": "Across the scene",
      "annotations": {}
    },
    {
      "line": "Menacing",
      "annotations": {}
    },
    {
      "line": "That’s the scеne",
      "annotations": {}
    },
    {
      "line": "I cross this seen",
      "annotations": {}
    },
    {
      "line": "Missing letters out",
      "annotations": {}
    },
    {
      "line": "Dirty soul",
      "annotations": {}
    },
    {
      "line": "Billing my family to gеt a car",
      "annotations": {}
    },
    {
      "line": "(he’s a little confused)",
      "annotations": {}
    },
    {
      "line": "Drowning in heaven’s sound",
      "annotations": {}
    },
    {
      "line": "Higher call, the sullen",
      "annotations": {}
    }
  ]
}