{
  "lyrics": [
    {
      "line": "[Intro]",
      "annotations": {
        "Intro": "Annotation for [Intro]"
      }
    },
    {
      "line": "I’m lost in the cave",
      "annotations": {}
    },
    {
      "line": "Of everything that you do",
      "annotations": {}
    },
    {
      "line": "",
      "annotations": {}
    },
    {
      "line": "[Verse 1]",
      "annotations": {
        "1": "Annotation for 1]",
        "Verse": "Annotation for [Verse"
      }
    },
    {
      "line": "I’m bothered am i gonna fall",
      "annotations": {}
    },
    {
      "line": "I’m bothered",
      "annotations": {}
    },
    {
      "line": "I might try to murder a shade",
      "annotations": {}
    },
    {
      "line": "Is it right if i don’t buy it",
      "annotations": {}
    },
    {
      "line": "Is it right if i’m on my berth",
      "annotations": {}
    },
    {
      "line": "I need to say something",
      "annotations": {}
    },
    {
      "line": "Bite it on my own",
      "annotations": {}
    },
    {
      "line": "I need to say something",
      "annotations": {}
    },
    {
      "line": "Call it out for what it is",
      "annotations": {}
    },
    {
      "line": "I get it every time",
      "annotations": {}
    },
    {
      "line": "My love is not tall or bien",
      "annotations": {}
    },
    {
      "line": "",
      "annotations": {}
    },
    {
      "line": "[Verse 2]",
      "annotations": {
        "2": "Annotation for 2]",
        "Verse": "Annotation for [Verse"
      }
    },
    {
      "line": "Dump it on you",
      "annotations": {}
    },
    {
      "line": "I love it",
      "annotations": {}
    },
    {
      "line": "How you call my name",
      "annotations": {}
    },
    {
      "line": "Sail with you",
      "annotations": {}
    },
    {
      "line": "I love how you get around",
      "annotations": {}
    },
    {
      "line": "Baby, don’t you ever say i’m bothering",
      "annotations": {}
    },
    {
      "line": "All ready",
      "annotations": {}
    },
    {
      "line": "Am i enough furor if we’re ready",
      "annotations": {}
    },
    {
      "line": "To you ever say",
      "annotations": {}
    },
    {
      "line": "What’s your riding theme",
      "annotations": {}
    },
    {
      "line": "Do you ever ever say",
      "annotations": {}
    },
    {
      "line": "Maybe this doesn’t count",
      "annotations": {}
    },
    {
      "line": "Ah",
      "annotations": {}
    },
    {
      "line": "I need, i need",
      "annotations": {}
    },
    {
      "line": "You, more than i did yesterday",
      "annotations": {}
    },
    {
      "line": "I need, i need",
      "annotations": {}
    },
    {
      "line": "More than i did before",
      "annotations": {}
    },
    {
      "line": "Count to four",
      "annotations": {}
    },
    {
      "line": "Let’s take all this time to undo",
      "annotations": {}
    },
    {
      "line": "All the, all the bust",
      "annotations": {}
    },
    {
      "line": "Of imminence",
      "annotations": {}
    },
    {
      "line": "Oh",
      "annotations": {}
    },
    {
      "line": "Of our heavier rust",
      "annotations": {}
    },
    {
      "line": "Back to preference",
      "annotations": {}
    },
    {
      "line": "I’m lost in your conscience",
      "annotations": {}
    },
    {
      "line": "Tuck in, talking",
      "annotations": {}
    },
    {
      "line": "Talking over how you do",
      "annotations": {}
    },
    {
      "line": "Talking over how you do",
      "annotations": {}
    },
    {
      "line": "Could love me don’t you",
      "annotations": {}
    }
  ]
}