{
  "lyrics": [
    {
      "line": "[Intro]",
      "annotations": {}
    },
    {
      "line": "Hey, tell me",
      "annotations": {}
    },
    {
      "line": "",
      "annotations": {}
    },
    {
      "line": "[Verse 1]",
      "annotations": {}
    },
    {
      "line": "How many times does it take",
      "annotations": {}
    },
    {
      "line": "To call a girl a cheater",
      "annotations": {}
    },
    {
      "line": "Because i’ve spent so many nights",
      "annotations": {}
    },
    {
      "line": "Tryna beat you at it",
      "annotations": {}
    },
    {
      "line": "How many times does it count for a girl",
      "annotations": {}
    },
    {
      "line": "A cheetah",
      "annotations": {}
    },
    {
      "line": "Because i’ve tried so many nights now",
      "annotations": {}
    },
    {
      "line": "To hold it down",
      "annotations": {}
    },
    {
      "line": "That girl is my girl",
      "annotations": {}
    },
    {
      "line": "(my girl)",
      "annotations": {}
    },
    {
      "line": "She could be, she could be, she could be",
      "annotations": {}
    },
    {
      "line": "A runaway",
      "annotations": {}
    },
    {
      "line": "I’m on my prayer",
      "annotations": {}
    },
    {
      "line": "",
      "annotations": {}
    },
    {
      "line": "[Chorus]",
      "annotations": {}
    },
    {
      "line": "Talk to me like you don’t know about it",
      "annotations": {}
    },
    {
      "line": "Talk to me, there’s a side of it",
      "annotations": {}
    },
    {
      "line": "Talk to me i’ll be fine",
      "annotations": {}
    },
    {
      "line": "Please tell me that it is still fine",
      "annotations": {}
    },
    {
      "line": "Talk to me all about it",
      "annotations": {}
    },
    {
      "line": "Talk to me girl you are mine forever",
      "annotations": {}
    },
    {
      "line": "",
      "annotations": {}
    },
    {
      "line": "[Verse 2]",
      "annotations": {}
    },
    {
      "line": "I’m too sick of this",
      "annotations": {}
    },
    {
      "line": "I’m too bad at this",
      "annotations": {}
    },
    {
      "line": "I should have my cooler girls betting this",
      "annotations": {}
    },
    {
      "line": "I don’t want forever",
      "annotations": {}
    },
    {
      "line": "We could just act like",
      "annotations": {}
    },
    {
      "line": "We’re your influence, eh?",
      "annotations": {}
    },
    {
      "line": "Girl, don’t you see",
      "annotations": {}
    },
    {
      "line": "My heart, it never flees from your side",
      "annotations": {}
    },
    {
      "line": "My heart it’s on a goodbye",
      "annotations": {}
    },
    {
      "line": "I’m losing my self, losing my mind",
      "annotations": {}
    },
    {
      "line": "Yes, a tidbit of this rhyme",
      "annotations": {}
    },
    {
      "line": "I’m losing my heart",
      "annotations": {}
    },
    {
      "line": "How many times does it count to hold it down",
      "annotations": {}
    },
    {
      "line": "",
      "annotations": {}
    },
    {
      "line": "[Chorus]",
      "annotations": {}
    },
    {
      "line": "You talk to me like you don’t know about it",
      "annotations": {}
    },
    {
      "line": "Talk to me, there’s a side of it",
      "annotations": {}
    },
    {
      "line": "Talk to me i’ll be fine",
      "annotations": {}
    },
    {
      "line": "Please tell me that it is still fine",
      "annotations": {}
    },
    {
      "line": "Talk to me all about it",
      "annotations": {}
    },
    {
      "line": "Talk to me",
      "annotations": {}
    },
    {
      "line": "Girl you are mine forever",
      "annotations": {}
    },
    {
      "line": "",
      "annotations": {}
    },
    {
      "line": "[Verse 3]",
      "annotations": {}
    },
    {
      "line": "I’m too sick of this",
      "annotations": {}
    },
    {
      "line": "I’m too bad at this",
      "annotations": {}
    },
    {
      "line": "I should have my cooler girls betting this",
      "annotations": {}
    },
    {
      "line": "I don’t want forever",
      "annotations": {}
    },
    {
      "line": "We could just act like",
      "annotations": {}
    },
    {
      "line": "We’re your influence, eh",
      "annotations": {}
    },
    {
      "line": "Girl, don’t you see",
      "annotations": {}
    },
    {
      "line": "My heart, it never flees from your side",
      "annotations": {}
    },
    {
      "line": "My heart it’s on a goodbye",
      "annotations": {}
    },
    {
      "line": "",
      "annotations": {}
    },
    {
      "line": "[Outro]",
      "annotations": {}
    },
    {
      "line": "I’m losing my self, losing my mind",
      "annotations": {}
    },
    {
      "line": "Yes, a tidbit of this rhyme",
      "annotations": {}
    }
  ]
}