{
  "lyrics": [
    {
      "line": "[Intro]",
      "annotations": {}
    },
    {
      "line": "Woah oh oh",
      "annotations": {}
    },
    {
      "line": "Would you say you are gold",
      "annotations": {}
    },
    {
      "line": "",
      "annotations": {}
    },
    {
      "line": "[Verse 1]",
      "annotations": {}
    },
    {
      "line": "I can’t take my love away",
      "annotations": {}
    },
    {
      "line": "It doesn’t count when you say no",
      "annotations": {}
    },
    {
      "line": "I can’t take my love away",
      "annotations": {}
    },
    {
      "line": "It doesn’t count when you say no",
      "annotations": {}
    },
    {
      "line": "Beaver touch",
      "annotations": {}
    },
    {
      "line": "Here with you",
      "annotations": {}
    },
    {
      "line": "You really here, right?",
      "annotations": {}
    },
    {
      "line": "Believe your love",
      "annotations": {}
    },
    {
      "line": "When you hold me tight",
      "annotations": {}
    },
    {
      "line": "",
      "annotations": {}
    },
    {
      "line": "[Chorus]",
      "annotations": {}
    },
    {
      "line": "My telling",
      "annotations": {}
    },
    {
      "line": "Would be alright, loving",
      "annotations": {}
    },
    {
      "line": "Unless i won’t be there",
      "annotations": {}
    },
    {
      "line": "It is rehab",
      "annotations": {}
    },
    {
      "line": "",
      "annotations": {}
    },
    {
      "line": "[Verse 2]",
      "annotations": {}
    },
    {
      "line": "Some say my intentions could be a crime",
      "annotations": {}
    },
    {
      "line": "Some say my time don’t rhyme alright",
      "annotations": {}
    },
    {
      "line": "And i don’t really know if it’s a real kite",
      "annotations": {}
    },
    {
      "line": "But i am floating to you",
      "annotations": {}
    },
    {
      "line": "I just need summer gad",
      "annotations": {}
    },
    {
      "line": "How we roll",
      "annotations": {}
    },
    {
      "line": "How we spеak",
      "annotations": {}
    },
    {
      "line": "Doesn’t ever say vеtting, vetting vetted",
      "annotations": {}
    },
    {
      "line": "Ah!",
      "annotations": {}
    },
    {
      "line": "How we go really slow when we dance",
      "annotations": {}
    },
    {
      "line": "",
      "annotations": {}
    },
    {
      "line": "[Outro]",
      "annotations": {}
    },
    {
      "line": "Instrumental",
      "annotations": {}
    }
  ]
}