{
  "lyrics": [
    {
      "line": "[Intro]",
      "annotations": {}
    },
    {
      "line": "What is it gonna be the drugs or jess eh?",
      "annotations": {}
    },
    {
      "line": "",
      "annotations": {}
    },
    {
      "line": "[Bridge]",
      "annotations": {}
    },
    {
      "line": "She ain’t into clones",
      "annotations": {}
    },
    {
      "line": "I’m a godd mn dope fiend",
      "annotations": {}
    },
    {
      "line": "Tap the d mn b tton",
      "annotations": {}
    },
    {
      "line": "And she edging through the lines",
      "annotations": {}
    },
    {
      "line": "She ain’t into clones",
      "annotations": {}
    },
    {
      "line": "I’m a godd mn dope fiend",
      "annotations": {}
    },
    {
      "line": "Tap the d mn b tton",
      "annotations": {}
    },
    {
      "line": "And she edging through the lines",
      "annotations": {}
    },
    {
      "line": "",
      "annotations": {}
    },
    {
      "line": "[Chorus]",
      "annotations": {}
    },
    {
      "line": "I can’t get it right when i’m with you",
      "annotations": {}
    },
    {
      "line": "Had me feeling like this",
      "annotations": {}
    },
    {
      "line": "Ain’t nothing but you",
      "annotations": {}
    },
    {
      "line": "I’m cooling on my cellular phone",
      "annotations": {}
    },
    {
      "line": "Thoughts of the one",
      "annotations": {}
    },
    {
      "line": "Scheming, smoke",
      "annotations": {}
    },
    {
      "line": "And that’s all on my head",
      "annotations": {}
    },
    {
      "line": "And the voices through my head",
      "annotations": {}
    },
    {
      "line": "They ain’t never; can let go",
      "annotations": {}
    },
    {
      "line": "So i put the f cking sh t on a f cking go",
      "annotations": {}
    },
    {
      "line": "Driving through the city i’ma f cking let it go",
      "annotations": {}
    },
    {
      "line": "Go, go",
      "annotations": {}
    },
    {
      "line": "",
      "annotations": {}
    },
    {
      "line": "[Verse 1]",
      "annotations": {}
    },
    {
      "line": "She had me cloistered; the wall in",
      "annotations": {}
    },
    {
      "line": "Ah!",
      "annotations": {}
    },
    {
      "line": "Had me loose on the ropes",
      "annotations": {}
    },
    {
      "line": "For her i was slacklining",
      "annotations": {}
    },
    {
      "line": "Had it with the role",
      "annotations": {}
    },
    {
      "line": "Poem with the rum",
      "annotations": {}
    },
    {
      "line": "Snagging stitches on the rove",
      "annotations": {}
    }
  ]
}