{
  "lyrics": [
    {
      "line": "[Intro]",
      "annotations": {}
    },
    {
      "line": "Ugh!",
      "annotations": {}
    },
    {
      "line": "Seems like i’m running under law",
      "annotations": {}
    },
    {
      "line": "Seems like i’m running augur with love",
      "annotations": {}
    },
    {
      "line": "",
      "annotations": {}
    },
    {
      "line": "[Verse 1]",
      "annotations": {}
    },
    {
      "line": "Had to get away from me",
      "annotations": {}
    },
    {
      "line": "Took your time",
      "annotations": {}
    },
    {
      "line": "Took the time",
      "annotations": {}
    },
    {
      "line": "Still holding back",
      "annotations": {}
    },
    {
      "line": "Had her way from me",
      "annotations": {}
    },
    {
      "line": "Had to get away from me",
      "annotations": {}
    },
    {
      "line": "Took the time",
      "annotations": {}
    },
    {
      "line": "Took your time",
      "annotations": {}
    },
    {
      "line": "Done holding it",
      "annotations": {}
    },
    {
      "line": "Had to get away from me",
      "annotations": {}
    },
    {
      "line": "We say",
      "annotations": {}
    },
    {
      "line": "We say",
      "annotations": {}
    },
    {
      "line": "We’re in the bad",
      "annotations": {}
    },
    {
      "line": "Let’s get in a bed",
      "annotations": {}
    },
    {
      "line": "We say",
      "annotations": {}
    },
    {
      "line": "We say",
      "annotations": {}
    },
    {
      "line": "We’re in the bad",
      "annotations": {}
    },
    {
      "line": "In the bed",
      "annotations": {}
    },
    {
      "line": "Hold on",
      "annotations": {}
    },
    {
      "line": "He’s not really holding on",
      "annotations": {}
    },
    {
      "line": "Hands lie",
      "annotations": {}
    },
    {
      "line": "I say",
      "annotations": {}
    },
    {
      "line": "Hold on",
      "annotations": {}
    },
    {
      "line": "Instead of raining on reinhart",
      "annotations": {}
    },
    {
      "line": "Too many pretty girls in my face",
      "annotations": {}
    },
    {
      "line": "Feeling like i can’t gеt a taste",
      "annotations": {}
    },
    {
      "line": "Too my love you wanna put it on a daze",
      "annotations": {}
    },
    {
      "line": "And minе can’t dream",
      "annotations": {}
    },
    {
      "line": "Touché",
      "annotations": {}
    },
    {
      "line": "Touché",
      "annotations": {}
    },
    {
      "line": "She already had him",
      "annotations": {}
    },
    {
      "line": "Touché",
      "annotations": {}
    },
    {
      "line": "Touché",
      "annotations": {}
    },
    {
      "line": "She already had him",
      "annotations": {}
    },
    {
      "line": "Can you hold on?",
      "annotations": {}
    },
    {
      "line": "Too every other girl",
      "annotations": {}
    },
    {
      "line": "I am the older man",
      "annotations": {}
    },
    {
      "line": "Like i’m not done",
      "annotations": {}
    },
    {
      "line": "Let it go",
      "annotations": {}
    },
    {
      "line": "Let go",
      "annotations": {}
    },
    {
      "line": "Yeah",
      "annotations": {}
    },
    {
      "line": "Rasta . .",
      "annotations": {}
    },
    {
      "line": "",
      "annotations": {}
    },
    {
      "line": "[Laughs]",
      "annotations": {}
    },
    {
      "line": "Call me young rasta",
      "annotations": {}
    },
    {
      "line": "Too many girls in my face",
      "annotations": {}
    },
    {
      "line": "Too many girls in my cup",
      "annotations": {}
    },
    {
      "line": "Too many girls in the city",
      "annotations": {}
    },
    {
      "line": "Too many girls in my face",
      "annotations": {}
    },
    {
      "line": "Too many girls on my ig",
      "annotations": {}
    },
    {
      "line": "Too many girls in the sink",
      "annotations": {}
    },
    {
      "line": "Too many girls in the blame",
      "annotations": {}
    },
    {
      "line": "Back to love in a day",
      "annotations": {}
    },
    {
      "line": "All my album playing",
      "annotations": {}
    },
    {
      "line": "I got a rink",
      "annotations": {}
    },
    {
      "line": "Feeling so dazed with this drink",
      "annotations": {}
    },
    {
      "line": "Oh oh",
      "annotations": {}
    },
    {
      "line": "Got another pinky",
      "annotations": {}
    },
    {
      "line": "Oh oh",
      "annotations": {}
    },
    {
      "line": "Dote to all my biddies",
      "annotations": {}
    },
    {
      "line": "Oh oh",
      "annotations": {}
    },
    {
      "line": "Switched on my current",
      "annotations": {}
    },
    {
      "line": "",
      "annotations": {}
    },
    {
      "line": "[Laughs]",
      "annotations": {}
    },
    {
      "line": "Don’t listen to this",
      "annotations": {}
    },
    {
      "line": "I am just saying sh t",
      "annotations": {}
    }
  ]
}