{
  "lyrics": [
    {
      "line": "[Verse 1]",
      "annotations": {
        "1": "Annotation for 1]",
        "Verse": "Annotation for [Verse"
      }
    },
    {
      "line": "Every rack deal",
      "annotations": {}
    },
    {
      "line": "Every other girl",
      "annotations": {}
    },
    {
      "line": "She telling me that",
      "annotations": {}
    },
    {
      "line": "She’s a yorker",
      "annotations": {}
    },
    {
      "line": "A do, a jewel",
      "annotations": {}
    },
    {
      "line": "Every other girl",
      "annotations": {}
    },
    {
      "line": "Everywhere i go",
      "annotations": {}
    },
    {
      "line": "You will see her when she tell me",
      "annotations": {}
    },
    {
      "line": "That she deliver",
      "annotations": {}
    },
    {
      "line": "You are done",
      "annotations": {}
    },
    {
      "line": "Envy that girl",
      "annotations": {}
    },
    {
      "line": "Everywhere you’re girl",
      "annotations": {}
    },
    {
      "line": "Momma told me",
      "annotations": {}
    },
    {
      "line": "She may never",
      "annotations": {}
    },
    {
      "line": "Never love again",
      "annotations": {}
    },
    {
      "line": "Heavy your curl",
      "annotations": {}
    },
    {
      "line": "Hey you",
      "annotations": {}
    },
    {
      "line": "Here we go",
      "annotations": {}
    },
    {
      "line": "Many told mе",
      "annotations": {}
    },
    {
      "line": "She will be mine",
      "annotations": {}
    },
    {
      "line": "Whеn she says yes",
      "annotations": {}
    },
    {
      "line": "They say it",
      "annotations": {}
    },
    {
      "line": "Come over",
      "annotations": {}
    },
    {
      "line": "You are mine",
      "annotations": {}
    },
    {
      "line": "Come over",
      "annotations": {}
    },
    {
      "line": "We started a party",
      "annotations": {}
    },
    {
      "line": "Give me nova insane",
      "annotations": {}
    },
    {
      "line": "Come over you’re mine",
      "annotations": {}
    },
    {
      "line": "Cobber momma",
      "annotations": {}
    },
    {
      "line": "I’m yours",
      "annotations": {}
    },
    {
      "line": "It’s no bothersome",
      "annotations": {}
    },
    {
      "line": "Takedown, this feeling eh",
      "annotations": {}
    },
    {
      "line": "Hey, a man in love ed",
      "annotations": {}
    },
    {
      "line": "A man will love it",
      "annotations": {}
    },
    {
      "line": "A man will love it better than a duke",
      "annotations": {}
    },
    {
      "line": "And he will bet a gift for it",
      "annotations": {}
    },
    {
      "line": "A man will love it",
      "annotations": {}
    },
    {
      "line": "A man will love it",
      "annotations": {}
    },
    {
      "line": "A man will love it",
      "annotations": {}
    },
    {
      "line": "Better than . . . i tell you",
      "annotations": {}
    },
    {
      "line": "Then you better go for it",
      "annotations": {}
    }
  ]
}