{
  "lyrics": [
    {
      "line": "[Intro]",
      "annotations": {}
    },
    {
      "line": "Theo, theo",
      "annotations": {}
    },
    {
      "line": "I ‘on’t know if this is on the link",
      "annotations": {}
    },
    {
      "line": "But i’m chained daunt",
      "annotations": {}
    },
    {
      "line": "",
      "annotations": {}
    },
    {
      "line": "[Verse 1]",
      "annotations": {}
    },
    {
      "line": "Hubbub, dud dud, dotted, hovered",
      "annotations": {}
    },
    {
      "line": "Sorted",
      "annotations": {}
    },
    {
      "line": "Ordered, corded, brothered, lauded",
      "annotations": {}
    },
    {
      "line": "Forever",
      "annotations": {}
    },
    {
      "line": "",
      "annotations": {}
    },
    {
      "line": "[Bridge]",
      "annotations": {}
    },
    {
      "line": "Accrue heave it all away",
      "annotations": {}
    },
    {
      "line": "A trot to",
      "annotations": {}
    },
    {
      "line": "Hit trip",
      "annotations": {}
    },
    {
      "line": "From the train",
      "annotations": {}
    },
    {
      "line": "Uh oh",
      "annotations": {}
    },
    {
      "line": "Trestle for the sad sod",
      "annotations": {}
    },
    {
      "line": "Fret through how the ardour",
      "annotations": {}
    },
    {
      "line": "Yeah!",
      "annotations": {}
    },
    {
      "line": "",
      "annotations": {}
    },
    {
      "line": "[Chorus]",
      "annotations": {}
    },
    {
      "line": "I’ll ride for you on shadowless night",
      "annotations": {}
    },
    {
      "line": "Pray thine . . .",
      "annotations": {}
    },
    {
      "line": "A colourful light",
      "annotations": {}
    },
    {
      "line": "Oh oh",
      "annotations": {}
    },
    {
      "line": "Colourful light",
      "annotations": {}
    },
    {
      "line": "Colourful light",
      "annotations": {}
    },
    {
      "line": "I’ll ride for you on shadowless night",
      "annotations": {}
    },
    {
      "line": "Pray thine a colourful light",
      "annotations": {}
    },
    {
      "line": "",
      "annotations": {}
    },
    {
      "line": "[Verse 2]",
      "annotations": {}
    },
    {
      "line": "I’ll never get enough",
      "annotations": {}
    },
    {
      "line": "Patch over my love",
      "annotations": {}
    },
    {
      "line": "Saddle wrath on my heart",
      "annotations": {}
    },
    {
      "line": "Sodden, sodden",
      "annotations": {}
    },
    {
      "line": "Soddеn in grateful love",
      "annotations": {}
    },
    {
      "line": "Sodden, soddеn",
      "annotations": {}
    },
    {
      "line": "Sodden in grateful love",
      "annotations": {}
    },
    {
      "line": "",
      "annotations": {}
    },
    {
      "line": "[Outro]",
      "annotations": {}
    },
    {
      "line": "I’ll ride for you on shadowless night",
      "annotations": {}
    },
    {
      "line": "Pray thine . . .",
      "annotations": {}
    },
    {
      "line": "Colourful light",
      "annotations": {}
    },
    {
      "line": "Colourful light",
      "annotations": {}
    },
    {
      "line": "Oh oh",
      "annotations": {}
    },
    {
      "line": "For your colourful light",
      "annotations": {}
    },
    {
      "line": "I’ll ride for you on shadowless night",
      "annotations": {}
    },
    {
      "line": "Pray thine . . .",
      "annotations": {}
    },
    {
      "line": "A colourful light",
      "annotations": {}
    }
  ]
}