{
  "lyrics": [
    {
      "line": "[Intro]",
      "annotations": {
        "Intro": "Annotation for [Intro]"
      }
    },
    {
      "line": "Mourning",
      "annotations": {}
    },
    {
      "line": "And it’s morning",
      "annotations": {}
    },
    {
      "line": "My turning",
      "annotations": {}
    },
    {
      "line": "Soils my timing",
      "annotations": {}
    },
    {
      "line": "Hold me in",
      "annotations": {}
    },
    {
      "line": "",
      "annotations": {}
    },
    {
      "line": "[Chorus]",
      "annotations": {
        "Chorus": "Annotation for [Chorus]"
      }
    },
    {
      "line": "If i told you this was the end",
      "annotations": {}
    },
    {
      "line": "Would you pull me back from the ash",
      "annotations": {}
    },
    {
      "line": "Kiss me goodbye",
      "annotations": {}
    },
    {
      "line": "My heart of gold my ride or die",
      "annotations": {}
    },
    {
      "line": "Cos now i know",
      "annotations": {}
    },
    {
      "line": "It’s better that you let me go",
      "annotations": {}
    },
    {
      "line": "I won’t try and mess with your head (mess with your head)",
      "annotations": {}
    },
    {
      "line": "I just pray that you can forgive (you can forgive)",
      "annotations": {}
    },
    {
      "line": "Forget the past",
      "annotations": {}
    },
    {
      "line": "I want you never looking back",
      "annotations": {}
    },
    {
      "line": "Go on alone",
      "annotations": {}
    },
    {
      "line": "It’s better that you let me go",
      "annotations": {}
    },
    {
      "line": "",
      "annotations": {}
    },
    {
      "line": "[Verse 1]",
      "annotations": {
        "1": "Annotation for 1]",
        "Verse": "Annotation for [Verse"
      }
    },
    {
      "line": "How you consumed my heart",
      "annotations": {}
    },
    {
      "line": "Got me shut off miles away",
      "annotations": {}
    },
    {
      "line": "Terminal dead lines",
      "annotations": {}
    },
    {
      "line": "I can’t get you arms way",
      "annotations": {}
    },
    {
      "line": "H llo! h llo!",
      "annotations": {}
    },
    {
      "line": "Bereft oh my cardio",
      "annotations": {}
    },
    {
      "line": "Lethargic whеn i’m next to you",
      "annotations": {}
    },
    {
      "line": "Kiss me goodbye",
      "annotations": {}
    },
    {
      "line": "My ridе or die",
      "annotations": {}
    },
    {
      "line": "Let me know",
      "annotations": {}
    },
    {
      "line": "Let me know",
      "annotations": {}
    },
    {
      "line": "How you really feel",
      "annotations": {}
    },
    {
      "line": "I can’t let you go",
      "annotations": {}
    },
    {
      "line": "Let you go",
      "annotations": {}
    },
    {
      "line": "I got nothing real",
      "annotations": {}
    },
    {
      "line": "If this ain’t about us",
      "annotations": {}
    },
    {
      "line": "Then why does my heart tune in love",
      "annotations": {}
    },
    {
      "line": "If this can’t save us",
      "annotations": {}
    },
    {
      "line": "Sold it all to dust",
      "annotations": {}
    },
    {
      "line": "",
      "annotations": {}
    },
    {
      "line": "[Pre chorus]",
      "annotations": {
        "Pre": "Annotation for [Pre",
        "chorus": "Annotation for chorus]"
      }
    },
    {
      "line": "Ticking",
      "annotations": {}
    },
    {
      "line": "Ticking (and it says)",
      "annotations": {}
    },
    {
      "line": "I can’t get my mind right (i am melting on, i am melting on)",
      "annotations": {}
    },
    {
      "line": "Ticking",
      "annotations": {}
    },
    {
      "line": "Ticking (and it says)",
      "annotations": {}
    },
    {
      "line": "I can’t get my mind right (i am melting on, i am melting on)",
      "annotations": {}
    },
    {
      "line": "",
      "annotations": {}
    },
    {
      "line": "[Chorus]",
      "annotations": {
        "Chorus": "Annotation for [Chorus]"
      }
    },
    {
      "line": "If i told you this was the end",
      "annotations": {}
    },
    {
      "line": "Would you pull me back from the ash",
      "annotations": {}
    },
    {
      "line": "Kiss me goodbye",
      "annotations": {}
    },
    {
      "line": "My heart of gold my ride or die",
      "annotations": {}
    },
    {
      "line": "Cos now i know",
      "annotations": {}
    },
    {
      "line": "It’s better that you let me go",
      "annotations": {}
    },
    {
      "line": "I won’t try and mess with your head (mess with your head)",
      "annotations": {}
    },
    {
      "line": "I just pray that you can forgive (you can forgive)",
      "annotations": {}
    },
    {
      "line": "Forget the past",
      "annotations": {}
    },
    {
      "line": "I want you never looking back",
      "annotations": {}
    },
    {
      "line": "Go on alone",
      "annotations": {}
    },
    {
      "line": "It’s better that you let me go",
      "annotations": {}
    },
    {
      "line": "",
      "annotations": {}
    },
    {
      "line": "[Verse 2]",
      "annotations": {
        "2": "Annotation for 2]",
        "Verse": "Annotation for [Verse"
      }
    },
    {
      "line": "Oh oh",
      "annotations": {}
    },
    {
      "line": "Can’t say no",
      "annotations": {}
    },
    {
      "line": "My thoughts go",
      "annotations": {}
    },
    {
      "line": "Leaving me",
      "annotations": {}
    },
    {
      "line": "Alone alone",
      "annotations": {}
    },
    {
      "line": "On the floor",
      "annotations": {}
    },
    {
      "line": "When i’m not",
      "annotations": {}
    },
    {
      "line": "Never sated",
      "annotations": {}
    },
    {
      "line": "All my love",
      "annotations": {}
    },
    {
      "line": "The issues",
      "annotations": {}
    },
    {
      "line": "Inebriated (natch!)",
      "annotations": {}
    },
    {
      "line": "D mning all the not enough to quail my morn duds",
      "annotations": {}
    },
    {
      "line": "Stir .",
      "annotations": {}
    },
    {
      "line": "A arm solved on the sorry",
      "annotations": {}
    },
    {
      "line": "A cut that says more than now than an all over",
      "annotations": {}
    },
    {
      "line": "A zombie on your weather",
      "annotations": {}
    },
    {
      "line": "",
      "annotations": {}
    },
    {
      "line": "[Pre chorus]",
      "annotations": {
        "Pre": "Annotation for [Pre",
        "chorus": "Annotation for chorus]"
      }
    },
    {
      "line": "Ticking",
      "annotations": {}
    },
    {
      "line": "Ticking (and it says)",
      "annotations": {}
    },
    {
      "line": "I can’t get my mind right (i am melting on, i am melting on)",
      "annotations": {}
    },
    {
      "line": "Ticking",
      "annotations": {}
    },
    {
      "line": "Ticking (and it says)",
      "annotations": {}
    },
    {
      "line": "I can’t get my mind right (i am melting on, i am melting on)",
      "annotations": {}
    },
    {
      "line": "",
      "annotations": {}
    },
    {
      "line": "[Chorus]",
      "annotations": {
        "Chorus": "Annotation for [Chorus]"
      }
    },
    {
      "line": "If i told you this was the end",
      "annotations": {}
    },
    {
      "line": "Would you pull me back from the ash",
      "annotations": {}
    },
    {
      "line": "Kiss me goodbye",
      "annotations": {}
    },
    {
      "line": "My heart of gold my ride or die",
      "annotations": {}
    },
    {
      "line": "Cos now i know",
      "annotations": {}
    },
    {
      "line": "It’s better that you let me go",
      "annotations": {}
    },
    {
      "line": "I won’t try and mess with your head (mess with your head)",
      "annotations": {}
    },
    {
      "line": "I just pray that you can forgive (you can forgive)",
      "annotations": {}
    },
    {
      "line": "Forget the past",
      "annotations": {}
    },
    {
      "line": "I want you never looking back",
      "annotations": {}
    },
    {
      "line": "Go on alone",
      "annotations": {}
    },
    {
      "line": "It’s better that you let me go",
      "annotations": {}
    }
  ]
}