{
  "lyrics": [
    {
      "line": "[Verse 1]",
      "annotations": {
        "1": "Annotation for 1]",
        "Verse": "Annotation for [Verse"
      }
    },
    {
      "line": "Okay",
      "annotations": {}
    },
    {
      "line": "I’m about to go full blow",
      "annotations": {}
    },
    {
      "line": "Motherf cker",
      "annotations": {}
    },
    {
      "line": "When you see my u in my f ck, we f ck",
      "annotations": {}
    },
    {
      "line": "Then you know that is no f cking duck",
      "annotations": {}
    },
    {
      "line": "It’s your f cking dawg",
      "annotations": {}
    },
    {
      "line": "About to metamorphosise",
      "annotations": {}
    },
    {
      "line": "Then i’m about to tear it from the f cking worth",
      "annotations": {}
    },
    {
      "line": "Deporting restriction that i call this due",
      "annotations": {}
    },
    {
      "line": "Boy!",
      "annotations": {}
    },
    {
      "line": "It is the f cking world",
      "annotations": {}
    },
    {
      "line": "It is the f cker",
      "annotations": {}
    },
    {
      "line": "Ah!",
      "annotations": {}
    },
    {
      "line": "Clock boy",
      "annotations": {}
    },
    {
      "line": "I’m cutting these n ggers out",
      "annotations": {}
    },
    {
      "line": "Cos i never had time to be acting like a f cking coy",
      "annotations": {}
    },
    {
      "line": "I’m that f cking cog in the f cking system",
      "annotations": {}
    },
    {
      "line": "I make things run",
      "annotations": {}
    },
    {
      "line": "So you better stick to the d mn wheel",
      "annotations": {}
    },
    {
      "line": "Or i might pivot your ass",
      "annotations": {}
    },
    {
      "line": "Make you f cking count seconds",
      "annotations": {}
    },
    {
      "line": "Like it was that time",
      "annotations": {}
    },
    {
      "line": "Deal motherf cker",
      "annotations": {}
    },
    {
      "line": "Deal motherf cker",
      "annotations": {}
    },
    {
      "line": "Strum this colour in the d mn rainbow",
      "annotations": {}
    },
    {
      "line": "Like you tryna gill mothеrf cker",
      "annotations": {}
    },
    {
      "line": "Grill all these n ggеrs on the f cking plank",
      "annotations": {}
    },
    {
      "line": "They never had time",
      "annotations": {}
    },
    {
      "line": "All they ever do is f cking bang, bang",
      "annotations": {}
    },
    {
      "line": "Yeah",
      "annotations": {}
    },
    {
      "line": "",
      "annotations": {}
    },
    {
      "line": "[Verse 2]",
      "annotations": {
        "2": "Annotation for 2]",
        "Verse": "Annotation for [Verse"
      }
    },
    {
      "line": "I heard n ggers who were out there",
      "annotations": {}
    },
    {
      "line": "Doing more trucks than the empire",
      "annotations": {}
    },
    {
      "line": "Now i’m counting this money",
      "annotations": {}
    },
    {
      "line": "With the f cking sp ce in between",
      "annotations": {}
    },
    {
      "line": "They ain’t",
      "annotations": {}
    },
    {
      "line": "She was the prettiest",
      "annotations": {}
    },
    {
      "line": "Bout to get out of my mind",
      "annotations": {}
    },
    {
      "line": "Cos i am out with the wolves",
      "annotations": {}
    },
    {
      "line": "And we don’t take f cking death knee",
      "annotations": {}
    },
    {
      "line": "We know who you’re f cking",
      "annotations": {}
    },
    {
      "line": "Afford your sou",
      "annotations": {}
    },
    {
      "line": "Yo, better get it right",
      "annotations": {}
    },
    {
      "line": "No love on this board",
      "annotations": {}
    },
    {
      "line": "When i’m speaking, wist",
      "annotations": {}
    },
    {
      "line": "It is this f cking, this f cking speak like",
      "annotations": {}
    },
    {
      "line": "This new form",
      "annotations": {}
    },
    {
      "line": "Motherf cker around me, reborn",
      "annotations": {}
    },
    {
      "line": "I ‘on’t even have time for these new ones",
      "annotations": {}
    },
    {
      "line": "They better get it right",
      "annotations": {}
    },
    {
      "line": "Or stick with the reborns",
      "annotations": {}
    },
    {
      "line": "Cos i’m still caught up with the",
      "annotations": {}
    },
    {
      "line": "F cking flexing n ggers, flexing n ggers",
      "annotations": {}
    },
    {
      "line": "Acting like he’s still flexing those muscles",
      "annotations": {}
    },
    {
      "line": "I’m out here when i’m flexing these d mn muscles",
      "annotations": {}
    },
    {
      "line": "All the zeros",
      "annotations": {}
    },
    {
      "line": "A wiz in my f cking incline",
      "annotations": {}
    },
    {
      "line": "So you better get ready for f cking my recluse",
      "annotations": {}
    },
    {
      "line": "They might eat you up",
      "annotations": {}
    },
    {
      "line": "Before the evil speak",
      "annotations": {}
    },
    {
      "line": "I ‘on’t even have time",
      "annotations": {}
    },
    {
      "line": "For these n ggers caught up",
      "annotations": {}
    },
    {
      "line": "In the psychological warfare of the millean",
      "annotations": {}
    },
    {
      "line": "I’m not even down",
      "annotations": {}
    },
    {
      "line": "I’m the f cking new born boy",
      "annotations": {}
    },
    {
      "line": "Take a sh t",
      "annotations": {}
    },
    {
      "line": "Wake up sh t",
      "annotations": {}
    },
    {
      "line": "On my f cking sh t",
      "annotations": {}
    },
    {
      "line": "Like it’s that coffee sh t",
      "annotations": {}
    },
    {
      "line": "Cubes in my brain",
      "annotations": {}
    },
    {
      "line": "They ain’t f cking tweaking",
      "annotations": {}
    },
    {
      "line": "Clang on my brain",
      "annotations": {}
    },
    {
      "line": "That’s the f cking w ng",
      "annotations": {}
    },
    {
      "line": "Like i am from china",
      "annotations": {}
    },
    {
      "line": "I don’t even have time",
      "annotations": {}
    },
    {
      "line": "With this f cking anthro pod poor boys",
      "annotations": {}
    },
    {
      "line": "I am in the next cut",
      "annotations": {}
    },
    {
      "line": "Colourful sync like",
      "annotations": {}
    },
    {
      "line": "It is a f cking wake quiz speaking",
      "annotations": {}
    },
    {
      "line": "Is that me?",
      "annotations": {}
    },
    {
      "line": "I don’t even know",
      "annotations": {}
    },
    {
      "line": "I think i’ll just return myself to my lover",
      "annotations": {}
    },
    {
      "line": "(laughter)",
      "annotations": {}
    }
  ]
}