{
  "lyrics": [
    {
      "line": "[Theophil: intro]",
      "annotations": {
        "Theophil:": "Annotation for [Theophil:",
        "intro": "Annotation for intro]"
      }
    },
    {
      "line": "Put some money on my name cos you know am lit",
      "annotations": {}
    },
    {
      "line": "",
      "annotations": {}
    },
    {
      "line": "[Octane: intro]",
      "annotations": {
        "Octane:": "Annotation for [Octane:",
        "intro": "Annotation for intro]"
      }
    },
    {
      "line": "Some read that sh t n gga",
      "annotations": {}
    },
    {
      "line": "You’re on the table, we are c cky",
      "annotations": {}
    },
    {
      "line": "Legal under this reign",
      "annotations": {}
    },
    {
      "line": "If i change theo tie me up",
      "annotations": {}
    },
    {
      "line": "He’s scheming",
      "annotations": {}
    },
    {
      "line": "Hush top, they’ll buy me in first class",
      "annotations": {}
    },
    {
      "line": "The ever lean is to get my bread",
      "annotations": {}
    },
    {
      "line": "Chin up",
      "annotations": {}
    },
    {
      "line": "Relapse, you’re a motherf cker",
      "annotations": {}
    },
    {
      "line": "N gga, we’ll be watching",
      "annotations": {}
    },
    {
      "line": "Lookout we’re watching",
      "annotations": {}
    },
    {
      "line": "We ride on your form",
      "annotations": {}
    },
    {
      "line": "You’re a leader",
      "annotations": {}
    },
    {
      "line": "",
      "annotations": {}
    },
    {
      "line": "[Theophil: chorus]",
      "annotations": {
        "Theophil:": "Annotation for [Theophil:",
        "chorus": "Annotation for chorus]"
      }
    },
    {
      "line": "Put some money on my name cos you know am lit",
      "annotations": {}
    },
    {
      "line": "Pop the 542 pill",
      "annotations": {}
    },
    {
      "line": "Cos you know i am freaking ill",
      "annotations": {}
    },
    {
      "line": "I’m no lame boy",
      "annotations": {}
    },
    {
      "line": "Don’t f ck dumb boys",
      "annotations": {}
    },
    {
      "line": "I’ma put my heart yeah",
      "annotations": {}
    },
    {
      "line": "Put some money .",
      "annotations": {}
    },
    {
      "line": "",
      "annotations": {}
    },
    {
      "line": "[Cousinz dave: bridge]",
      "annotations": {
        "Cousinz": "Annotation for [Cousinz",
        "bridge": "Annotation for bridge]"
      }
    },
    {
      "line": "F ck that n gga g",
      "annotations": {}
    },
    {
      "line": "F ck that n gga up",
      "annotations": {}
    },
    {
      "line": "Yeah, jigger play along",
      "annotations": {}
    },
    {
      "line": "Yeah, ratt ratt rap",
      "annotations": {}
    },
    {
      "line": "(i’m a g)",
      "annotations": {}
    },
    {
      "line": "N gga there",
      "annotations": {}
    },
    {
      "line": "On the chart",
      "annotations": {}
    },
    {
      "line": "Dropping it down",
      "annotations": {}
    },
    {
      "line": "",
      "annotations": {}
    },
    {
      "line": "[Octane: verse 1]",
      "annotations": {
        "1": "Annotation for 1]",
        "Octane:": "Annotation for [Octane:"
      }
    },
    {
      "line": "The liquor lob",
      "annotations": {}
    },
    {
      "line": "Sipping cup",
      "annotations": {}
    },
    {
      "line": "Bring the herb",
      "annotations": {}
    },
    {
      "line": "Bring the sop",
      "annotations": {}
    },
    {
      "line": "Check the world",
      "annotations": {}
    },
    {
      "line": "Check the large",
      "annotations": {}
    },
    {
      "line": "Spark the blaze",
      "annotations": {}
    },
    {
      "line": "It’s all for night",
      "annotations": {}
    },
    {
      "line": "Sipping lean",
      "annotations": {}
    },
    {
      "line": "Take it slow",
      "annotations": {}
    },
    {
      "line": "Take me back to reality we dope",
      "annotations": {}
    },
    {
      "line": "Get the b tch",
      "annotations": {}
    },
    {
      "line": "Get them hoes",
      "annotations": {}
    },
    {
      "line": "Get the money",
      "annotations": {}
    },
    {
      "line": "Get the hoes eh",
      "annotations": {}
    },
    {
      "line": "See when they are grinding their away",
      "annotations": {}
    },
    {
      "line": "She got me, driving me crazy",
      "annotations": {}
    },
    {
      "line": "I was just glued to the place",
      "annotations": {}
    },
    {
      "line": "She just be ducking the daisy",
      "annotations": {}
    },
    {
      "line": "She wants the date",
      "annotations": {}
    },
    {
      "line": "She wants to stay",
      "annotations": {}
    },
    {
      "line": "I’m lit, i’m lit, i’m lit, i’m lit my n gga",
      "annotations": {}
    },
    {
      "line": "I’m staying up in trap, i trap, i trap my n gga",
      "annotations": {}
    },
    {
      "line": "Ride through the plane like we mercy n gga",
      "annotations": {}
    },
    {
      "line": "Sipping all the way and she drop it, do the d mn",
      "annotations": {}
    },
    {
      "line": "And she got me down with the other, other way",
      "annotations": {}
    },
    {
      "line": "Telling me, telling me",
      "annotations": {}
    },
    {
      "line": "How she got me meeting drake .",
      "annotations": {}
    },
    {
      "line": "You’re at the top, heading to",
      "annotations": {}
    },
    {
      "line": "Some .",
      "annotations": {}
    },
    {
      "line": "(imitating drug huffing)",
      "annotations": {}
    },
    {
      "line": "Sipping and grinding away",
      "annotations": {}
    },
    {
      "line": "She got me, driving her crazy (reign)",
      "annotations": {}
    },
    {
      "line": "You’ll buy me some gizmo, move me somewhere",
      "annotations": {}
    },
    {
      "line": "Show me some tea, the dollar on me low here",
      "annotations": {}
    },
    {
      "line": "Light out, we lie down",
      "annotations": {}
    },
    {
      "line": "She held me down in the cabin [?]",
      "annotations": {
        "?": "Annotation for [?]"
      }
    },
    {
      "line": "",
      "annotations": {}
    },
    {
      "line": "[Cousinz dave: verse 2]",
      "annotations": {
        "2": "Annotation for 2]",
        "Cousinz": "Annotation for [Cousinz"
      }
    },
    {
      "line": "Yeah, huh, huh",
      "annotations": {}
    },
    {
      "line": "Sipping the lean (me up)",
      "annotations": {}
    },
    {
      "line": "Uh lean",
      "annotations": {}
    },
    {
      "line": "F cking the b tch (yeah, in here)",
      "annotations": {}
    },
    {
      "line": "We good on the deal (yeah, yeah)",
      "annotations": {}
    },
    {
      "line": "Yeah, we know we lit uh",
      "annotations": {}
    },
    {
      "line": "Yeah, we the lit uh",
      "annotations": {}
    },
    {
      "line": "Popping, palm in the sheet uh",
      "annotations": {}
    },
    {
      "line": "Doing the thing yeah",
      "annotations": {}
    },
    {
      "line": "F cking, f cking lit uh huh",
      "annotations": {}
    },
    {
      "line": "She wanna come on there",
      "annotations": {}
    },
    {
      "line": "F cking a b tch in there",
      "annotations": {}
    },
    {
      "line": "Cousinz dave here",
      "annotations": {}
    },
    {
      "line": "Theophils will f ck you there",
      "annotations": {}
    },
    {
      "line": "Yeah, we ruin under trousers",
      "annotations": {}
    },
    {
      "line": "Yeah, we f cking b tches’ houses",
      "annotations": {}
    },
    {
      "line": "You should better tell me something",
      "annotations": {}
    },
    {
      "line": "I’m a n gga with the sauce",
      "annotations": {}
    },
    {
      "line": "Dripping ice on my better days, i’m all grounded",
      "annotations": {}
    },
    {
      "line": "I’ve been f cking you, i done nuke, i don’t regret it",
      "annotations": {}
    },
    {
      "line": "But you know half, and i told you, yeah, he told me",
      "annotations": {}
    },
    {
      "line": "I’m f cking digit, yeah, i know i’m f cking . . . yeah, we lit",
      "annotations": {}
    },
    {
      "line": "Yeah, we lit",
      "annotations": {}
    },
    {
      "line": "Make a scene, make we wanna sleep",
      "annotations": {}
    },
    {
      "line": "I couldn’t f cking, f cking let her leave",
      "annotations": {}
    },
    {
      "line": "Yeah, we trapping, trapping, f cking yeah, we lit",
      "annotations": {}
    },
    {
      "line": "F cking the b tch",
      "annotations": {}
    },
    {
      "line": "Yeah, yeah",
      "annotations": {}
    },
    {
      "line": "Get in the lead",
      "annotations": {}
    },
    {
      "line": "Yeah, yeah",
      "annotations": {}
    },
    {
      "line": "F cking the b tch, then we leap, then we please her",
      "annotations": {}
    },
    {
      "line": "Please don’t k!ll my vibe",
      "annotations": {}
    },
    {
      "line": "Yeah, we f cking ride",
      "annotations": {}
    },
    {
      "line": "Yeah, we know we ride",
      "annotations": {}
    },
    {
      "line": "Nike but we f cking ride",
      "annotations": {}
    },
    {
      "line": "I don’t drug right yeah",
      "annotations": {}
    },
    {
      "line": "I don’t do this right",
      "annotations": {}
    },
    {
      "line": "Pull up in a blah blah skrr skrr",
      "annotations": {}
    },
    {
      "line": "Then we go like lulu",
      "annotations": {}
    },
    {
      "line": "Trap it there",
      "annotations": {}
    },
    {
      "line": "Gimme my ride yeah, yeah",
      "annotations": {}
    },
    {
      "line": "F ck!",
      "annotations": {}
    }
  ]
}