{
  "lyrics": [
    {
      "line": "[Intro]",
      "annotations": {}
    },
    {
      "line": "Let’s go on this",
      "annotations": {}
    },
    {
      "line": "(clears throat)",
      "annotations": {}
    },
    {
      "line": "Whoa",
      "annotations": {}
    },
    {
      "line": "",
      "annotations": {}
    },
    {
      "line": "[Verse 1]",
      "annotations": {}
    },
    {
      "line": "I don’t know why i don’t know",
      "annotations": {}
    },
    {
      "line": "Sometimes it feels that i got it right",
      "annotations": {}
    },
    {
      "line": "And i got it right now",
      "annotations": {}
    },
    {
      "line": "Sometimes it feels that i can’t get it right",
      "annotations": {}
    },
    {
      "line": "And i can’t get it right",
      "annotations": {}
    },
    {
      "line": "Girl you got me feeling like",
      "annotations": {}
    },
    {
      "line": "I can’t get it right",
      "annotations": {}
    },
    {
      "line": "I’ve been stuck on your words",
      "annotations": {}
    },
    {
      "line": "I can’t get it right",
      "annotations": {}
    },
    {
      "line": "I can’t read through these lines",
      "annotations": {}
    },
    {
      "line": "What i’ve got wrong",
      "annotations": {}
    },
    {
      "line": "What i got funds",
      "annotations": {}
    },
    {
      "line": "What i got phony",
      "annotations": {}
    },
    {
      "line": "My heart and soul",
      "annotations": {}
    },
    {
      "line": "F cking lost",
      "annotations": {}
    },
    {
      "line": "I be taut in",
      "annotations": {}
    },
    {
      "line": "I be coming with this other sh t",
      "annotations": {}
    },
    {
      "line": "I wrote too many words",
      "annotations": {}
    },
    {
      "line": "Now i am caught up in the rudder l st",
      "annotations": {}
    },
    {
      "line": "Whoa, l st sheet",
      "annotations": {}
    },
    {
      "line": "I woke up on the wrong sheet this morning",
      "annotations": {}
    },
    {
      "line": "I don’t know",
      "annotations": {}
    },
    {
      "line": "I ‘on’t feel like",
      "annotations": {}
    },
    {
      "line": "D mn, i be in the zone",
      "annotations": {}
    },
    {
      "line": "The sh t be holding me down",
      "annotations": {}
    },
    {
      "line": "And i can’t spit it out",
      "annotations": {}
    },
    {
      "line": "Got me feeling like",
      "annotations": {}
    },
    {
      "line": "D mn, i don’t want to get out",
      "annotations": {}
    },
    {
      "line": "Whoa, whoa, you should be my girl",
      "annotations": {}
    },
    {
      "line": "My valentine love",
      "annotations": {}
    },
    {
      "line": "Give mе that love",
      "annotations": {}
    },
    {
      "line": "F cking give me that lovе",
      "annotations": {}
    },
    {
      "line": "Have me feeling one like",
      "annotations": {}
    },
    {
      "line": "You never had much",
      "annotations": {}
    },
    {
      "line": "I don’t want it",
      "annotations": {}
    },
    {
      "line": "I don’t f cking want it",
      "annotations": {}
    },
    {
      "line": "When you tell me you love me",
      "annotations": {}
    },
    {
      "line": "Feels like i am on it",
      "annotations": {}
    },
    {
      "line": "And i’m back in the city",
      "annotations": {}
    },
    {
      "line": "And i’m all do",
      "annotations": {}
    },
    {
      "line": "",
      "annotations": {}
    },
    {
      "line": "[Verse 2]",
      "annotations": {}
    },
    {
      "line": "Got the wrong sh t",
      "annotations": {}
    },
    {
      "line": "Not it feels that i am",
      "annotations": {}
    },
    {
      "line": "Back to this sh t",
      "annotations": {}
    },
    {
      "line": "I was trapped in these sheets",
      "annotations": {}
    },
    {
      "line": "Now i’m caught up in this b tch",
      "annotations": {}
    },
    {
      "line": "Like this is what it is",
      "annotations": {}
    },
    {
      "line": "And these people are trying to k!ll me",
      "annotations": {}
    },
    {
      "line": "They’re tryna have me drowned",
      "annotations": {}
    },
    {
      "line": "In these f cking hate vibes",
      "annotations": {}
    },
    {
      "line": "But i just sieve it out",
      "annotations": {}
    },
    {
      "line": "My gawd!",
      "annotations": {}
    },
    {
      "line": "This ain’t no f cking joke",
      "annotations": {}
    },
    {
      "line": "Had to put a f cking crash",
      "annotations": {}
    },
    {
      "line": "In f cking l.a",
      "annotations": {}
    },
    {
      "line": "Just to solve it out",
      "annotations": {}
    },
    {
      "line": "Like scheme around",
      "annotations": {}
    },
    {
      "line": "Porting now",
      "annotations": {}
    },
    {
      "line": "This f cking vibe",
      "annotations": {}
    },
    {
      "line": "Like i was something about",
      "annotations": {}
    },
    {
      "line": "Motherf ckers",
      "annotations": {}
    },
    {
      "line": "And i don’t f ck with that sh t",
      "annotations": {}
    },
    {
      "line": "Putting my soul like",
      "annotations": {}
    },
    {
      "line": "I f ck with that sh t",
      "annotations": {}
    },
    {
      "line": "I made us proud now",
      "annotations": {}
    },
    {
      "line": "Now the n ggers tryna f ck sh t",
      "annotations": {}
    },
    {
      "line": "I never go up",
      "annotations": {}
    },
    {
      "line": "I don’t wanna f cking talk on that",
      "annotations": {}
    },
    {
      "line": "Good vibe, good vibe, good vibe",
      "annotations": {}
    },
    {
      "line": "I have a feeling like",
      "annotations": {}
    },
    {
      "line": "I don’t ever come from this vibe",
      "annotations": {}
    },
    {
      "line": "I am always f cking acting like",
      "annotations": {}
    },
    {
      "line": "This is what’s life",
      "annotations": {}
    },
    {
      "line": "And i am always on my sh t",
      "annotations": {}
    },
    {
      "line": "Like it is a f cking crime",
      "annotations": {}
    },
    {
      "line": "I know",
      "annotations": {}
    },
    {
      "line": "",
      "annotations": {}
    },
    {
      "line": "[Outro]",
      "annotations": {}
    },
    {
      "line": "It is a f cking crime you know",
      "annotations": {}
    },
    {
      "line": "Yeah",
      "annotations": {}
    }
  ]
}