{
  "lyrics": [
    {
      "line": "[Intro]",
      "annotations": {
        "Intro": "Annotation for [Intro]"
      }
    },
    {
      "line": "Hey!",
      "annotations": {}
    },
    {
      "line": "It’s your boy",
      "annotations": {}
    },
    {
      "line": "",
      "annotations": {}
    },
    {
      "line": "[Verse 1]",
      "annotations": {
        "1": "Annotation for 1]",
        "Verse": "Annotation for [Verse"
      }
    },
    {
      "line": "Oh",
      "annotations": {}
    },
    {
      "line": "Why you go and gotta break my heart",
      "annotations": {}
    },
    {
      "line": "Oh",
      "annotations": {}
    },
    {
      "line": "Why i gotta feel so low",
      "annotations": {}
    },
    {
      "line": "All i ever wanted was love",
      "annotations": {}
    },
    {
      "line": "All i ever wanted was your touch",
      "annotations": {}
    },
    {
      "line": "Time so broken",
      "annotations": {}
    },
    {
      "line": "Off this loneliness",
      "annotations": {}
    },
    {
      "line": "I’ve been down this road before",
      "annotations": {}
    },
    {
      "line": "But i never thought i’d ever feel this way",
      "annotations": {}
    },
    {
      "line": "No oh oh",
      "annotations": {}
    },
    {
      "line": "I don’t wanna go forward",
      "annotations": {}
    },
    {
      "line": "Like no oh oh",
      "annotations": {}
    },
    {
      "line": "I don’t wanna feel this way",
      "annotations": {}
    },
    {
      "line": "Girl you got my heart broken to pieces",
      "annotations": {}
    },
    {
      "line": "Now you say you want me back",
      "annotations": {}
    },
    {
      "line": "I can’t even stand your countenance",
      "annotations": {}
    },
    {
      "line": "Girl i’m gonna be gone",
      "annotations": {}
    },
    {
      "line": "Before you call me up, i’ll be gone",
      "annotations": {}
    },
    {
      "line": "I’m not even looking at you no more",
      "annotations": {}
    },
    {
      "line": "I feel like you got a gun pointing to my hеart",
      "annotations": {}
    },
    {
      "line": "I’m so, d mned for this love i had for you",
      "annotations": {}
    },
    {
      "line": "Cursed, cos i callеd your name in the middle of the night",
      "annotations": {}
    }
  ]
}