{
  "lyrics": [
    {
      "line": "[Intro]",
      "annotations": {
        "Intro": "Annotation for [Intro]"
      }
    },
    {
      "line": "Fresh boy chilling",
      "annotations": {}
    },
    {
      "line": "",
      "annotations": {}
    },
    {
      "line": "[Verse 1]",
      "annotations": {
        "1": "Annotation for 1]",
        "Verse": "Annotation for [Verse"
      }
    },
    {
      "line": "Falling before we spiral",
      "annotations": {}
    },
    {
      "line": "Fettered in banter",
      "annotations": {}
    },
    {
      "line": "Hot in winter",
      "annotations": {}
    },
    {
      "line": "Stuck in the center",
      "annotations": {}
    },
    {
      "line": "",
      "annotations": {}
    },
    {
      "line": "[Chorus]",
      "annotations": {
        "Chorus": "Annotation for [Chorus]"
      }
    },
    {
      "line": "Feelings of i lost her, you’re no longer in",
      "annotations": {}
    },
    {
      "line": "Feelings of her l ster lingering",
      "annotations": {}
    },
    {
      "line": "Feelings of i lost her in lane, ringing her rein",
      "annotations": {}
    },
    {
      "line": "Feelings of i lost her lingering",
      "annotations": {}
    },
    {
      "line": "",
      "annotations": {}
    },
    {
      "line": "[Verse 2]",
      "annotations": {
        "2": "Annotation for 2]",
        "Verse": "Annotation for [Verse"
      }
    },
    {
      "line": "Faded memories",
      "annotations": {}
    },
    {
      "line": "Switching fantasies",
      "annotations": {}
    },
    {
      "line": "Growing habits and dead ties",
      "annotations": {}
    },
    {
      "line": "",
      "annotations": {}
    },
    {
      "line": "[Chorus]",
      "annotations": {
        "Chorus": "Annotation for [Chorus]"
      }
    },
    {
      "line": "Feelings of i lost her, you’re no longer in",
      "annotations": {}
    },
    {
      "line": "Feelings of her l ster lingering",
      "annotations": {}
    },
    {
      "line": "Feelings of i lost her in lane, ringing her rein",
      "annotations": {}
    },
    {
      "line": "Feelings of i lost her lingering",
      "annotations": {}
    }
  ]
}