{
  "lyrics": [
    {
      "line": "[Verse 1]",
      "annotations": {
        "1": "Annotation for 1]",
        "Verse": "Annotation for [Verse"
      }
    },
    {
      "line": "Does it feel like",
      "annotations": {}
    },
    {
      "line": "We fell in love over christmas",
      "annotations": {}
    },
    {
      "line": "I know if you say",
      "annotations": {}
    },
    {
      "line": "Love or the piste sins",
      "annotations": {}
    },
    {
      "line": "I’m on my way, and i’m going check the thesis",
      "annotations": {}
    },
    {
      "line": "Our love in the sole",
      "annotations": {}
    },
    {
      "line": "Like a wrist tease",
      "annotations": {}
    },
    {
      "line": "Oh, only the one",
      "annotations": {}
    },
    {
      "line": "Girl you should know",
      "annotations": {}
    },
    {
      "line": "This is soul",
      "annotations": {}
    },
    {
      "line": "Ride on my mind like a fool",
      "annotations": {}
    },
    {
      "line": "And it is scheming right at you",
      "annotations": {}
    },
    {
      "line": "Cull sigh",
      "annotations": {}
    },
    {
      "line": "Talk to me, even a lie",
      "annotations": {}
    },
    {
      "line": "Talk to me rile",
      "annotations": {}
    },
    {
      "line": "You know you, you run",
      "annotations": {}
    },
    {
      "line": "Ransom by",
      "annotations": {}
    },
    {
      "line": "Girl no, it’s on pi",
      "annotations": {}
    },
    {
      "line": "Oh, i’ll hold your hand",
      "annotations": {}
    }
  ]
}