{
  "lyrics": [
    {
      "line": "[Intro]",
      "annotations": {
        "Intro": "Annotation for [Intro]"
      }
    },
    {
      "line": "How about it?",
      "annotations": {}
    },
    {
      "line": "Do i offer you in here?",
      "annotations": {}
    },
    {
      "line": "How i feel the same",
      "annotations": {}
    },
    {
      "line": "Can’t tell?",
      "annotations": {}
    },
    {
      "line": "",
      "annotations": {}
    },
    {
      "line": "[Verse 1]",
      "annotations": {
        "1": "Annotation for 1]",
        "Verse": "Annotation for [Verse"
      }
    },
    {
      "line": "Leaving in prada",
      "annotations": {}
    },
    {
      "line": "I have another",
      "annotations": {}
    },
    {
      "line": "Couple therapy is over",
      "annotations": {}
    },
    {
      "line": "I know",
      "annotations": {}
    },
    {
      "line": "My love doesn’t cover it",
      "annotations": {}
    },
    {
      "line": "I’m linked to the peverse",
      "annotations": {}
    },
    {
      "line": "I dream of you all the time",
      "annotations": {}
    },
    {
      "line": "Part of something as long as me being pious",
      "annotations": {}
    },
    {
      "line": "I hope that you will change to something better",
      "annotations": {}
    },
    {
      "line": "I dole my mind like a tether",
      "annotations": {}
    },
    {
      "line": "While sipping on his soul ride on kelvin",
      "annotations": {}
    },
    {
      "line": "",
      "annotations": {}
    },
    {
      "line": "[Bridge]",
      "annotations": {
        "Bridge": "Annotation for [Bridge]"
      }
    },
    {
      "line": "I’m never caving in",
      "annotations": {}
    },
    {
      "line": "No, not on my l st",
      "annotations": {}
    },
    {
      "line": "All my laws feels the same",
      "annotations": {}
    },
    {
      "line": "I don’t go thеre",
      "annotations": {}
    },
    {
      "line": "I don’t go buried",
      "annotations": {}
    },
    {
      "line": "",
      "annotations": {}
    },
    {
      "line": "[Verse 2]",
      "annotations": {
        "2": "Annotation for 2]",
        "Verse": "Annotation for [Verse"
      }
    },
    {
      "line": "It is still the samе",
      "annotations": {}
    },
    {
      "line": "Sucking all the sieved",
      "annotations": {}
    },
    {
      "line": "On my name",
      "annotations": {}
    },
    {
      "line": "Leaving: they will say",
      "annotations": {}
    },
    {
      "line": "Crystal way",
      "annotations": {}
    },
    {
      "line": "Turkey, now i’m on fast",
      "annotations": {}
    },
    {
      "line": "Peeling my bane",
      "annotations": {}
    },
    {
      "line": "I’m not napping unto seeing you",
      "annotations": {}
    },
    {
      "line": "Señor",
      "annotations": {}
    },
    {
      "line": "I don’t think i ever see you",
      "annotations": {}
    },
    {
      "line": "You paint the town",
      "annotations": {}
    },
    {
      "line": "Something like be you",
      "annotations": {}
    },
    {
      "line": "Meaning for all we are living",
      "annotations": {}
    },
    {
      "line": "On tee ball",
      "annotations": {}
    },
    {
      "line": "",
      "annotations": {}
    },
    {
      "line": "[Outro]",
      "annotations": {
        "Outro": "Annotation for [Outro]"
      }
    },
    {
      "line": "The soul c nt",
      "annotations": {}
    },
    {
      "line": "Like the salt i bathe in",
      "annotations": {}
    },
    {
      "line": "The thief in all these case",
      "annotations": {}
    },
    {
      "line": "I’ve been navy on this help",
      "annotations": {}
    },
    {
      "line": "I’ve been taking this sip",
      "annotations": {}
    },
    {
      "line": "Like it’s not the weight",
      "annotations": {}
    },
    {
      "line": "I have been giving my neck",
      "annotations": {}
    },
    {
      "line": "All these pain now",
      "annotations": {}
    },
    {
      "line": "Hey!",
      "annotations": {}
    },
    {
      "line": "Gawd",
      "annotations": {}
    }
  ]
}