{
  "lyrics": [
    {
      "line": "[Intro]",
      "annotations": {}
    },
    {
      "line": "Fresh boy chilling",
      "annotations": {}
    },
    {
      "line": "The real ramification of things i ponder is",
      "annotations": {}
    },
    {
      "line": "They will end up in some action",
      "annotations": {}
    },
    {
      "line": "So",
      "annotations": {}
    },
    {
      "line": "",
      "annotations": {}
    },
    {
      "line": "[Verse 1]",
      "annotations": {}
    },
    {
      "line": "How about we go out tonight",
      "annotations": {}
    },
    {
      "line": "Get ourselves stained tonight",
      "annotations": {}
    },
    {
      "line": "",
      "annotations": {}
    },
    {
      "line": "[Chorus]",
      "annotations": {}
    },
    {
      "line": "I found a place",
      "annotations": {}
    },
    {
      "line": "And famous for being how i",
      "annotations": {}
    },
    {
      "line": "Get through my day",
      "annotations": {}
    },
    {
      "line": "(my day)",
      "annotations": {}
    },
    {
      "line": "Get through my fate",
      "annotations": {}
    },
    {
      "line": "(my fate)",
      "annotations": {}
    },
    {
      "line": "I’ve been d mned to love",
      "annotations": {}
    },
    {
      "line": "(d mned to love)",
      "annotations": {}
    },
    {
      "line": "Love too much",
      "annotations": {}
    },
    {
      "line": "(too much)",
      "annotations": {}
    },
    {
      "line": "I’ve been d mned to love",
      "annotations": {}
    },
    {
      "line": "(d mned to love)",
      "annotations": {}
    },
    {
      "line": "Love too much",
      "annotations": {}
    },
    {
      "line": "(too much)",
      "annotations": {}
    },
    {
      "line": "Love too much",
      "annotations": {}
    },
    {
      "line": "",
      "annotations": {}
    },
    {
      "line": "[Verse 2]",
      "annotations": {}
    },
    {
      "line": "Come over here",
      "annotations": {}
    },
    {
      "line": "Can take you home",
      "annotations": {}
    },
    {
      "line": "If you don’t like the air",
      "annotations": {}
    },
    {
      "line": "So infamous",
      "annotations": {}
    },
    {
      "line": "For being a bad ass man",
      "annotations": {}
    },
    {
      "line": "With an addict cut in fame",
      "annotations": {}
    }
  ]
}