{
  "lyrics": [
    {
      "line": "[Intro]",
      "annotations": {
        "Intro": "Annotation for [Intro]"
      }
    },
    {
      "line": "She’s got a date",
      "annotations": {}
    },
    {
      "line": "She’s got a dart gun",
      "annotations": {}
    },
    {
      "line": "",
      "annotations": {}
    },
    {
      "line": "[Verse 1]",
      "annotations": {
        "1": "Annotation for 1]",
        "Verse": "Annotation for [Verse"
      }
    },
    {
      "line": "Sometimes i can think of nothing better",
      "annotations": {}
    },
    {
      "line": "Other times i guard my lawn",
      "annotations": {}
    },
    {
      "line": "Humming times, i can’t think of nothing better",
      "annotations": {}
    },
    {
      "line": "And when you’re around",
      "annotations": {}
    },
    {
      "line": "Though i lie, i see something better",
      "annotations": {}
    },
    {
      "line": "Dribble with me",
      "annotations": {}
    },
    {
      "line": "Say with me",
      "annotations": {}
    },
    {
      "line": "I see you, who you are",
      "annotations": {}
    },
    {
      "line": "I see you who you are",
      "annotations": {}
    },
    {
      "line": "Baby, still; who you are",
      "annotations": {}
    },
    {
      "line": "",
      "annotations": {}
    },
    {
      "line": "[Verse 2]",
      "annotations": {
        "2": "Annotation for 2]",
        "Verse": "Annotation for [Verse"
      }
    },
    {
      "line": "Every thing lost",
      "annotations": {}
    },
    {
      "line": "Soon, i will make a cut off",
      "annotations": {}
    },
    {
      "line": "I’m tryna drown my thoughts",
      "annotations": {}
    },
    {
      "line": "I don’t ever cart it",
      "annotations": {}
    },
    {
      "line": "I’m just saying my love",
      "annotations": {}
    },
    {
      "line": "It’s not over with your hero",
      "annotations": {}
    },
    {
      "line": "And i know i am tainted",
      "annotations": {}
    },
    {
      "line": "But i know it is never harrowing",
      "annotations": {}
    },
    {
      "line": "Sorry baby",
      "annotations": {}
    },
    {
      "line": "I can’t take my stolen heart in parts",
      "annotations": {}
    },
    {
      "line": "Giving you are home",
      "annotations": {}
    },
    {
      "line": "I never stay away",
      "annotations": {}
    },
    {
      "line": "I’m nevеr a player",
      "annotations": {}
    },
    {
      "line": ". . . too, where you arе",
      "annotations": {}
    },
    {
      "line": "And here i was",
      "annotations": {}
    },
    {
      "line": "A sync to my watch",
      "annotations": {}
    },
    {
      "line": "I take on a place in time",
      "annotations": {}
    }
  ]
}