{
  "lyrics": [
    {
      "line": "[Chorus]",
      "annotations": {
        "Chorus": "Annotation for [Chorus]"
      }
    },
    {
      "line": "Buffing over issues doesn’t count",
      "annotations": {}
    },
    {
      "line": "When you’re not around a lot of burden",
      "annotations": {}
    },
    {
      "line": "Solving all my issues doesn’t wane",
      "annotations": {}
    },
    {
      "line": "When you let the cat out",
      "annotations": {}
    },
    {
      "line": "Yeah",
      "annotations": {}
    },
    {
      "line": "I can’t get it right girl",
      "annotations": {}
    },
    {
      "line": "It begs some pun done undone",
      "annotations": {}
    },
    {
      "line": "And now when the bad back",
      "annotations": {}
    },
    {
      "line": "Yeah i am back, back to the start",
      "annotations": {}
    },
    {
      "line": "",
      "annotations": {}
    },
    {
      "line": "[Verse 1]",
      "annotations": {
        "1": "Annotation for 1]",
        "Verse": "Annotation for [Verse"
      }
    },
    {
      "line": "Is it all right?",
      "annotations": {}
    },
    {
      "line": "If i let it go",
      "annotations": {}
    },
    {
      "line": "Make the feeling sit all right",
      "annotations": {}
    },
    {
      "line": "Send it from the stop",
      "annotations": {}
    },
    {
      "line": "Yeah we feeling it non stop",
      "annotations": {}
    },
    {
      "line": "And now i am part of the soul",
      "annotations": {}
    },
    {
      "line": "Is it another dame?",
      "annotations": {}
    },
    {
      "line": "I thought the part",
      "annotations": {}
    },
    {
      "line": "I tore it apart",
      "annotations": {}
    },
    {
      "line": "I’m still with the wraith you h  rd out",
      "annotations": {}
    },
    {
      "line": "Still by the radio holding your heart",
      "annotations": {}
    },
    {
      "line": "Is it enough?",
      "annotations": {}
    },
    {
      "line": "Is it enough?",
      "annotations": {}
    },
    {
      "line": "Weighing my heart on a ledger page",
      "annotations": {}
    },
    {
      "line": "I need to know",
      "annotations": {}
    },
    {
      "line": "What become of me",
      "annotations": {}
    },
    {
      "line": "",
      "annotations": {}
    },
    {
      "line": "[Chorus]",
      "annotations": {
        "Chorus": "Annotation for [Chorus]"
      }
    },
    {
      "line": "Buffing over issues doesn’t count",
      "annotations": {}
    },
    {
      "line": "When you’re not around a lot of burden",
      "annotations": {}
    },
    {
      "line": "Solving all my issues doesn’t wane",
      "annotations": {}
    },
    {
      "line": "When you let the cat out",
      "annotations": {}
    },
    {
      "line": "I can’t get it right girl",
      "annotations": {}
    },
    {
      "line": "It begs some pun done undone",
      "annotations": {}
    },
    {
      "line": "And now when the bad back",
      "annotations": {}
    },
    {
      "line": "Yeah i am back, back to the start",
      "annotations": {}
    },
    {
      "line": "",
      "annotations": {}
    },
    {
      "line": "[Verse 2]",
      "annotations": {
        "2": "Annotation for 2]",
        "Verse": "Annotation for [Verse"
      }
    },
    {
      "line": "Eh! eh! you stun!",
      "annotations": {}
    },
    {
      "line": "Mooring on the lather, eh!",
      "annotations": {}
    },
    {
      "line": "Uh",
      "annotations": {}
    },
    {
      "line": "They get it on",
      "annotations": {}
    },
    {
      "line": "You log it",
      "annotations": {}
    },
    {
      "line": "Bring it on on",
      "annotations": {}
    },
    {
      "line": "Your loving",
      "annotations": {}
    },
    {
      "line": "Ain’t no loving when you’re loving",
      "annotations": {}
    },
    {
      "line": "And you’re loving",
      "annotations": {}
    },
    {
      "line": "You loving all heart",
      "annotations": {}
    },
    {
      "line": "Pall on the lonesome",
      "annotations": {}
    },
    {
      "line": "Better than i can sulk about it",
      "annotations": {}
    },
    {
      "line": "I’m stuck in the sob party",
      "annotations": {}
    },
    {
      "line": "",
      "annotations": {}
    },
    {
      "line": "[Chorus]",
      "annotations": {
        "Chorus": "Annotation for [Chorus]"
      }
    },
    {
      "line": "Buffing over issues doesn’t count",
      "annotations": {}
    },
    {
      "line": "When you’re not around a lot of burden",
      "annotations": {}
    },
    {
      "line": "Solving all my issues doesn’t wane",
      "annotations": {}
    },
    {
      "line": "When you let the cat out",
      "annotations": {}
    },
    {
      "line": "I can’t get it right girl",
      "annotations": {}
    },
    {
      "line": "It begs some pun done undone",
      "annotations": {}
    },
    {
      "line": "And now when the bad back",
      "annotations": {}
    },
    {
      "line": "Yeah i am back, back to the start",
      "annotations": {}
    },
    {
      "line": "",
      "annotations": {}
    },
    {
      "line": "[Outro]",
      "annotations": {
        "Outro": "Annotation for [Outro]"
      }
    },
    {
      "line": "I can’t get it right now",
      "annotations": {}
    },
    {
      "line": "When you let the weight down now",
      "annotations": {}
    }
  ]
}