{
  "lyrics": [
    {
      "line": "[Intro]",
      "annotations": {}
    },
    {
      "line": "Let’s go",
      "annotations": {}
    },
    {
      "line": "Let’s go",
      "annotations": {}
    },
    {
      "line": "Let’s go",
      "annotations": {}
    },
    {
      "line": "Let’s go",
      "annotations": {}
    },
    {
      "line": "It’s the boy phil",
      "annotations": {}
    },
    {
      "line": "It’s your boy phil",
      "annotations": {}
    },
    {
      "line": "Let’s go",
      "annotations": {}
    },
    {
      "line": "I ain’t got no sp ce bar",
      "annotations": {}
    },
    {
      "line": "Drop it",
      "annotations": {}
    },
    {
      "line": "Chop it",
      "annotations": {}
    },
    {
      "line": "On my coffee sh t",
      "annotations": {}
    },
    {
      "line": "You know how i",
      "annotations": {}
    },
    {
      "line": "How i feel",
      "annotations": {}
    },
    {
      "line": "(laughter)",
      "annotations": {}
    },
    {
      "line": "Alright",
      "annotations": {}
    },
    {
      "line": "Hmm",
      "annotations": {}
    },
    {
      "line": "",
      "annotations": {}
    },
    {
      "line": "[Verse 1]",
      "annotations": {}
    },
    {
      "line": "Whoa",
      "annotations": {}
    },
    {
      "line": "I don’t really know",
      "annotations": {}
    },
    {
      "line": "Whoa",
      "annotations": {}
    },
    {
      "line": "Sh t",
      "annotations": {}
    },
    {
      "line": "She’s, she’s",
      "annotations": {}
    },
    {
      "line": "She’s hitting me where it hurts",
      "annotations": {}
    },
    {
      "line": "Ah! oh! whoa",
      "annotations": {}
    },
    {
      "line": "She’s hitting me where it hurts",
      "annotations": {}
    },
    {
      "line": "Come on",
      "annotations": {}
    },
    {
      "line": "Love don’t come around when it’s supposed to",
      "annotations": {}
    },
    {
      "line": "Got me feeling like",
      "annotations": {}
    },
    {
      "line": "I don’t get a coaster",
      "annotations": {}
    },
    {
      "line": "I’m not oozing up",
      "annotations": {}
    },
    {
      "line": "(demola you are a user, your gold here)",
      "annotations": {}
    },
    {
      "line": "Love don’t come around when it’s supposed to",
      "annotations": {}
    },
    {
      "line": "Got me feeling like i can’t get her close to him",
      "annotations": {}
    },
    {
      "line": "Can’t get close enough",
      "annotations": {}
    },
    {
      "line": "(demola)",
      "annotations": {}
    },
    {
      "line": "That’s a feel",
      "annotations": {}
    },
    {
      "line": "Got me feeling like a foe",
      "annotations": {}
    },
    {
      "line": "I’ll be doing this sh t",
      "annotations": {}
    },
    {
      "line": "On a d mn roll",
      "annotations": {}
    },
    {
      "line": "",
      "annotations": {}
    },
    {
      "line": "[Outro]",
      "annotations": {}
    },
    {
      "line": "Cruel body shot",
      "annotations": {}
    },
    {
      "line": "Ah! cos i love …",
      "annotations": {}
    },
    {
      "line": "F ck!",
      "annotations": {}
    }
  ]
}