{
  "lyrics": [
    {
      "line": "[Intro]",
      "annotations": {
        "Intro": "Annotation for [Intro]"
      }
    },
    {
      "line": "Stay with me",
      "annotations": {}
    },
    {
      "line": "I’m hoping that it’d be the more vivid",
      "annotations": {}
    },
    {
      "line": "",
      "annotations": {}
    },
    {
      "line": "[Chorus]",
      "annotations": {
        "Chorus": "Annotation for [Chorus]"
      }
    },
    {
      "line": "Stay with me",
      "annotations": {}
    },
    {
      "line": "I’m hoping that it’d be more vivid",
      "annotations": {}
    },
    {
      "line": "I keep pondering",
      "annotations": {}
    },
    {
      "line": "I keep wondering",
      "annotations": {}
    },
    {
      "line": "If i’m on the right track",
      "annotations": {}
    },
    {
      "line": "I keep wondering",
      "annotations": {}
    },
    {
      "line": "I keep pondering",
      "annotations": {}
    },
    {
      "line": "If i’m on the right track",
      "annotations": {}
    },
    {
      "line": "",
      "annotations": {}
    },
    {
      "line": "[Verse 1]",
      "annotations": {
        "1": "Annotation for 1]",
        "Verse": "Annotation for [Verse"
      }
    },
    {
      "line": "When i see you i get b tterflies",
      "annotations": {}
    },
    {
      "line": "Come with me tell me that",
      "annotations": {}
    },
    {
      "line": "I’m different",
      "annotations": {}
    },
    {
      "line": "How i make you flutter",
      "annotations": {}
    },
    {
      "line": "How i make you dream",
      "annotations": {}
    },
    {
      "line": "What do you think of me",
      "annotations": {}
    },
    {
      "line": "Is it different",
      "annotations": {}
    },
    {
      "line": "Is it better",
      "annotations": {}
    },
    {
      "line": "Am i better",
      "annotations": {}
    },
    {
      "line": "",
      "annotations": {}
    },
    {
      "line": "[Outro]",
      "annotations": {
        "Outro": "Annotation for [Outro]"
      }
    },
    {
      "line": "Fresh boy chilling",
      "annotations": {}
    }
  ]
}