{
  "lyrics": [
    {
      "line": "[Intro]",
      "annotations": {
        "Intro": "Annotation for [Intro]"
      }
    },
    {
      "line": "I’m a different man",
      "annotations": {}
    },
    {
      "line": "I’m a different man",
      "annotations": {}
    },
    {
      "line": "How it feels",
      "annotations": {}
    },
    {
      "line": "I’m a different man",
      "annotations": {}
    },
    {
      "line": "I’m a different man",
      "annotations": {}
    },
    {
      "line": "How it feels",
      "annotations": {}
    },
    {
      "line": "When you’re not reaching across the bedside for the pills",
      "annotations": {}
    },
    {
      "line": "Now my bedside manner something like a prince",
      "annotations": {}
    },
    {
      "line": "I’m a different man",
      "annotations": {}
    },
    {
      "line": "I’m a different man",
      "annotations": {}
    },
    {
      "line": "How it feels",
      "annotations": {}
    },
    {
      "line": "",
      "annotations": {}
    },
    {
      "line": "[Verse 1]",
      "annotations": {
        "1": "Annotation for 1]",
        "Verse": "Annotation for [Verse"
      }
    },
    {
      "line": "Down on drugs",
      "annotations": {}
    },
    {
      "line": "I’m lost on my guts",
      "annotations": {}
    },
    {
      "line": "I love myself enough for a better duct",
      "annotations": {}
    },
    {
      "line": "Not one wanna evolve with this",
      "annotations": {}
    },
    {
      "line": "Taping my luck to the stop",
      "annotations": {}
    },
    {
      "line": "",
      "annotations": {}
    },
    {
      "line": "[Bridge]",
      "annotations": {
        "Bridge": "Annotation for [Bridge]"
      }
    },
    {
      "line": "I’m not regressing",
      "annotations": {}
    },
    {
      "line": "Mixing my love with some yeast",
      "annotations": {}
    },
    {
      "line": "I’m not detesting",
      "annotations": {}
    },
    {
      "line": "Reeking herе, soon it’d be a feast",
      "annotations": {}
    },
    {
      "line": "Stay interеsting",
      "annotations": {}
    },
    {
      "line": "Tear on every record",
      "annotations": {}
    },
    {
      "line": "Do i pale now?",
      "annotations": {}
    },
    {
      "line": "",
      "annotations": {}
    },
    {
      "line": "[Verse 2]",
      "annotations": {
        "2": "Annotation for 2]",
        "Verse": "Annotation for [Verse"
      }
    },
    {
      "line": "Called this above",
      "annotations": {}
    },
    {
      "line": "Higher kifs, abs dubs",
      "annotations": {}
    },
    {
      "line": "Quarrelling, didn’t have a say",
      "annotations": {}
    },
    {
      "line": "Now we say, you were never sane here",
      "annotations": {}
    },
    {
      "line": "Children would never receive you",
      "annotations": {}
    },
    {
      "line": "You will never save",
      "annotations": {}
    },
    {
      "line": "And now we say you are",
      "annotations": {}
    },
    {
      "line": "",
      "annotations": {}
    },
    {
      "line": "[Chorus]",
      "annotations": {
        "Chorus": "Annotation for [Chorus]"
      }
    },
    {
      "line": "You’re a different man",
      "annotations": {}
    },
    {
      "line": "You’re a different man",
      "annotations": {}
    },
    {
      "line": "How it feels",
      "annotations": {}
    },
    {
      "line": "(yeah, i’m a different man)",
      "annotations": {}
    },
    {
      "line": "You’re a different man",
      "annotations": {}
    },
    {
      "line": "You’re a different man",
      "annotations": {}
    },
    {
      "line": "How it feels",
      "annotations": {}
    },
    {
      "line": "(i’m a different man)",
      "annotations": {}
    },
    {
      "line": "When you’re not reaching across the bedside for the pills",
      "annotations": {}
    },
    {
      "line": "Now your bedside manner something like a prince",
      "annotations": {}
    },
    {
      "line": "(something like a prince)",
      "annotations": {}
    },
    {
      "line": "(i’m a prince, and now new friends)",
      "annotations": {}
    },
    {
      "line": "You’re a different man",
      "annotations": {}
    },
    {
      "line": "You’re a different man",
      "annotations": {}
    },
    {
      "line": "How it feels",
      "annotations": {}
    },
    {
      "line": "",
      "annotations": {}
    },
    {
      "line": "[Outro]",
      "annotations": {
        "Outro": "Annotation for [Outro]"
      }
    },
    {
      "line": "I’m not regressing",
      "annotations": {}
    },
    {
      "line": "Mixing my love with some yeast",
      "annotations": {}
    },
    {
      "line": "I’m not detesting",
      "annotations": {}
    },
    {
      "line": "Reeking here, soon it’d be a feast",
      "annotations": {}
    },
    {
      "line": "Stay interesting",
      "annotations": {}
    },
    {
      "line": "Tear on every record",
      "annotations": {}
    },
    {
      "line": "Do i pale now?",
      "annotations": {}
    }
  ]
}