{
  "lyrics": [
    {
      "line": "[Intro]",
      "annotations": {
        "Intro": "Annotation for [Intro]"
      }
    },
    {
      "line": "Fresh boy chilling",
      "annotations": {}
    },
    {
      "line": "Stay and see what becomes of what froze up",
      "annotations": {}
    },
    {
      "line": "Flow is up",
      "annotations": {}
    },
    {
      "line": "",
      "annotations": {}
    },
    {
      "line": "[Verse 1]",
      "annotations": {
        "1": "Annotation for 1]",
        "Verse": "Annotation for [Verse"
      }
    },
    {
      "line": "Do you mind to",
      "annotations": {}
    },
    {
      "line": "Flay these emotions",
      "annotations": {}
    },
    {
      "line": "See if it fickle",
      "annotations": {}
    },
    {
      "line": "When i’m leveling up",
      "annotations": {}
    },
    {
      "line": "Saying how i get it done",
      "annotations": {}
    },
    {
      "line": "I get a little bit zed with my ten",
      "annotations": {}
    },
    {
      "line": "",
      "annotations": {}
    },
    {
      "line": "[Bridge]",
      "annotations": {
        "Bridge": "Annotation for [Bridge]"
      }
    },
    {
      "line": "Counting how many down",
      "annotations": {}
    },
    {
      "line": "Is it nine or ten",
      "annotations": {}
    },
    {
      "line": "Lover, wonder",
      "annotations": {}
    },
    {
      "line": "",
      "annotations": {}
    },
    {
      "line": "[Chorus]",
      "annotations": {
        "Chorus": "Annotation for [Chorus]"
      }
    },
    {
      "line": "Nada",
      "annotations": {}
    },
    {
      "line": "I’ll be heading, neat my hair",
      "annotations": {}
    },
    {
      "line": "Ramming affair, running over",
      "annotations": {}
    },
    {
      "line": "Nada, cos she’s a dime piece",
      "annotations": {}
    },
    {
      "line": "I will need a million fingers",
      "annotations": {}
    },
    {
      "line": "Just to hold this one down",
      "annotations": {}
    },
    {
      "line": "Dime piece, i think i might be caught up",
      "annotations": {}
    },
    {
      "line": "",
      "annotations": {}
    },
    {
      "line": "[Verse 3]",
      "annotations": {
        "3": "Annotation for 3]",
        "Verse": "Annotation for [Verse"
      }
    },
    {
      "line": "Too much on my plate",
      "annotations": {}
    },
    {
      "line": "Wishing i was late to the table",
      "annotations": {}
    },
    {
      "line": "D mn, i better not put a curse on my baby",
      "annotations": {}
    },
    {
      "line": "My parеnts be hoping for the best",
      "annotations": {}
    },
    {
      "line": "Oh on mе, i pray i get my dime piece",
      "annotations": {}
    },
    {
      "line": "",
      "annotations": {}
    },
    {
      "line": "[Bridge]",
      "annotations": {
        "Bridge": "Annotation for [Bridge]"
      }
    },
    {
      "line": "Counting how many down",
      "annotations": {}
    },
    {
      "line": "Is it nine or ten",
      "annotations": {}
    },
    {
      "line": "Lover, wonder",
      "annotations": {}
    },
    {
      "line": "",
      "annotations": {}
    },
    {
      "line": "[Chorus]",
      "annotations": {
        "Chorus": "Annotation for [Chorus]"
      }
    },
    {
      "line": "Nada",
      "annotations": {}
    },
    {
      "line": "I’ll be heading, neat my hair",
      "annotations": {}
    },
    {
      "line": "Ramming affair, running over",
      "annotations": {}
    },
    {
      "line": "Nada, cos she’s a dime piece",
      "annotations": {}
    },
    {
      "line": "I will need a million fingers",
      "annotations": {}
    },
    {
      "line": "Just to hold this one down",
      "annotations": {}
    },
    {
      "line": "Dime piece, i think i might be caught up",
      "annotations": {}
    },
    {
      "line": "",
      "annotations": {}
    },
    {
      "line": "[Outro]",
      "annotations": {
        "Outro": "Annotation for [Outro]"
      }
    },
    {
      "line": "Girls rerun through this yard",
      "annotations": {}
    },
    {
      "line": "Like it’s a class",
      "annotations": {}
    },
    {
      "line": "All the time",
      "annotations": {}
    },
    {
      "line": "They’re minding that final clash",
      "annotations": {}
    },
    {
      "line": "It’s me, i get all as",
      "annotations": {}
    },
    {
      "line": "The lecturer has blessed me",
      "annotations": {}
    }
  ]
}