{
  "lyrics": [
    {
      "line": "[Intro]",
      "annotations": {
        "Intro": "Annotation for [Intro]"
      }
    },
    {
      "line": "I smell dirty laundry",
      "annotations": {}
    },
    {
      "line": "But it isn’t on me",
      "annotations": {}
    },
    {
      "line": "Nothing foul though",
      "annotations": {}
    },
    {
      "line": "",
      "annotations": {}
    },
    {
      "line": "[Verse 1]",
      "annotations": {
        "1": "Annotation for 1]",
        "Verse": "Annotation for [Verse"
      }
    },
    {
      "line": "Liking how i get it out",
      "annotations": {}
    },
    {
      "line": "It’s dark in here",
      "annotations": {}
    },
    {
      "line": "I better let some light in",
      "annotations": {}
    },
    {
      "line": "My talk is all of fad aided",
      "annotations": {}
    },
    {
      "line": "Validated",
      "annotations": {}
    },
    {
      "line": "I don’t ever make it sway",
      "annotations": {}
    },
    {
      "line": "Appreciated, it’s how she brings it back",
      "annotations": {}
    },
    {
      "line": "Down on here",
      "annotations": {}
    },
    {
      "line": "",
      "annotations": {}
    },
    {
      "line": "[Chorus]",
      "annotations": {
        "Chorus": "Annotation for [Chorus]"
      }
    },
    {
      "line": "And i like it",
      "annotations": {}
    },
    {
      "line": "Like it, like it if she put down right here",
      "annotations": {}
    },
    {
      "line": "And i like it",
      "annotations": {}
    },
    {
      "line": "I could go out of my way",
      "annotations": {}
    },
    {
      "line": "Just to say that",
      "annotations": {}
    },
    {
      "line": "I want to hit it in the back",
      "annotations": {}
    },
    {
      "line": "Take it right back to where you started",
      "annotations": {}
    },
    {
      "line": "Tell me how you love me one more time",
      "annotations": {}
    },
    {
      "line": "",
      "annotations": {}
    },
    {
      "line": "[Verse 2]",
      "annotations": {
        "2": "Annotation for 2]",
        "Verse": "Annotation for [Verse"
      }
    },
    {
      "line": "And i never switch",
      "annotations": {}
    },
    {
      "line": "Like, taking my feelings like put in the backpack",
      "annotations": {}
    },
    {
      "line": "I never go out without my lunch pack",
      "annotations": {}
    },
    {
      "line": "Asking what i put out",
      "annotations": {}
    },
    {
      "line": "B tt over a dangling heart",
      "annotations": {}
    },
    {
      "line": "Lifting where i put my cart",
      "annotations": {}
    },
    {
      "line": "And i told my lover it is stacks",
      "annotations": {}
    },
    {
      "line": "",
      "annotations": {}
    },
    {
      "line": "[Verse 3]",
      "annotations": {
        "3": "Annotation for 3]",
        "Verse": "Annotation for [Verse"
      }
    },
    {
      "line": "It is all i bring to the table",
      "annotations": {}
    },
    {
      "line": "Except you want some more of love",
      "annotations": {}
    },
    {
      "line": "Got my dear idea like a heart heal",
      "annotations": {}
    },
    {
      "line": "Say you want my sorrow dead",
      "annotations": {}
    },
    {
      "line": "I’mma dry the laundry in the hall of perfect",
      "annotations": {}
    },
    {
      "line": "How you like it",
      "annotations": {}
    },
    {
      "line": "Well she ever get it how it is perfect",
      "annotations": {}
    },
    {
      "line": "Girl, how you like it",
      "annotations": {}
    },
    {
      "line": "",
      "annotations": {}
    },
    {
      "line": "[Outro]",
      "annotations": {
        "Outro": "Annotation for [Outro]"
      }
    },
    {
      "line": "And i’m on here error",
      "annotations": {}
    },
    {
      "line": "And i’m on here, a heir",
      "annotations": {}
    },
    {
      "line": "Like tidy",
      "annotations": {}
    }
  ]
}