{
  "lyrics": [
    {
      "line": "[Intro]",
      "annotations": {}
    },
    {
      "line": "Sleazy been the bit",
      "annotations": {}
    },
    {
      "line": "Past the patch slew",
      "annotations": {}
    },
    {
      "line": "",
      "annotations": {}
    },
    {
      "line": "[Verse 1]",
      "annotations": {}
    },
    {
      "line": "Money, money, money",
      "annotations": {}
    },
    {
      "line": "His resolve",
      "annotations": {}
    },
    {
      "line": "Tonic, con nick",
      "annotations": {}
    },
    {
      "line": "Garlic, deep retorts",
      "annotations": {}
    },
    {
      "line": "Be on the surf",
      "annotations": {}
    },
    {
      "line": "Got a bidding in the dot",
      "annotations": {}
    },
    {
      "line": "I told her that",
      "annotations": {}
    },
    {
      "line": "I will take her to the dance",
      "annotations": {}
    },
    {
      "line": "She said stop",
      "annotations": {}
    },
    {
      "line": "Call myself a tailor",
      "annotations": {}
    },
    {
      "line": "But he never call a take",
      "annotations": {}
    },
    {
      "line": "So i tape my been a yap",
      "annotations": {}
    },
    {
      "line": "Winning, started picking on you",
      "annotations": {}
    },
    {
      "line": "Or a kid, my fawn raining",
      "annotations": {}
    },
    {
      "line": "It’s a taurine",
      "annotations": {}
    },
    {
      "line": "But she never get it right",
      "annotations": {}
    },
    {
      "line": "To ma, dim, a witted",
      "annotations": {}
    },
    {
      "line": "But i’m never a dove with it",
      "annotations": {}
    },
    {
      "line": "I’m always on my sh t",
      "annotations": {}
    },
    {
      "line": "That’s something like a business",
      "annotations": {}
    },
    {
      "line": "And she’s always like steps ahead",
      "annotations": {}
    },
    {
      "line": "I’m thе swan in the water",
      "annotations": {}
    },
    {
      "line": "Who’ll nevеr you know",
      "annotations": {}
    },
    {
      "line": "Have a bath",
      "annotations": {}
    },
    {
      "line": "Do i ever do",
      "annotations": {}
    },
    {
      "line": "Even when the water is frozen",
      "annotations": {}
    },
    {
      "line": "I’m still floating",
      "annotations": {}
    },
    {
      "line": "It is just distend",
      "annotations": {}
    },
    {
      "line": "That makes me",
      "annotations": {}
    },
    {
      "line": "I feel like it’s a tossing",
      "annotations": {}
    },
    {
      "line": "That will take me",
      "annotations": {}
    },
    {
      "line": "Out of this mind of mine",
      "annotations": {}
    },
    {
      "line": "Like honey he is not fading",
      "annotations": {}
    },
    {
      "line": "It’s just perspective",
      "annotations": {}
    },
    {
      "line": "My fair oh knee nab",
      "annotations": {}
    },
    {
      "line": "I’m taking the needed",
      "annotations": {}
    },
    {
      "line": "Over when they announce",
      "annotations": {}
    },
    {
      "line": "Sinking it off",
      "annotations": {}
    },
    {
      "line": "This begging, it is",
      "annotations": {}
    },
    {
      "line": "(laughter)",
      "annotations": {}
    },
    {
      "line": "Oh my gawd",
      "annotations": {}
    }
  ]
}