{
  "lyrics": [
    {
      "line": "[Intro]",
      "annotations": {
        "Intro": "Annotation for [Intro]"
      }
    },
    {
      "line": "Uh oh",
      "annotations": {}
    },
    {
      "line": "",
      "annotations": {}
    },
    {
      "line": "[Chorus]",
      "annotations": {
        "Chorus": "Annotation for [Chorus]"
      }
    },
    {
      "line": "Doobry here, doobry",
      "annotations": {}
    },
    {
      "line": "My time lorn",
      "annotations": {}
    },
    {
      "line": "Doobry here, doobry",
      "annotations": {}
    },
    {
      "line": "My time gone",
      "annotations": {}
    },
    {
      "line": "Can i get it back",
      "annotations": {}
    },
    {
      "line": "Can i get it back here home",
      "annotations": {}
    },
    {
      "line": "Cannot get it back",
      "annotations": {}
    },
    {
      "line": "Can you get back",
      "annotations": {}
    },
    {
      "line": "Doobry, doobry here",
      "annotations": {}
    },
    {
      "line": "Cannot get it back",
      "annotations": {}
    },
    {
      "line": "Doobry, doobry here",
      "annotations": {}
    },
    {
      "line": "Cannot get it back",
      "annotations": {}
    },
    {
      "line": "",
      "annotations": {}
    },
    {
      "line": "[Verse 1]",
      "annotations": {
        "1": "Annotation for 1]",
        "Verse": "Annotation for [Verse"
      }
    },
    {
      "line": "Talk to me",
      "annotations": {}
    },
    {
      "line": "Hidden behind a mulling pint",
      "annotations": {}
    },
    {
      "line": "Bore to me",
      "annotations": {}
    },
    {
      "line": "Wincing in audible thought",
      "annotations": {}
    },
    {
      "line": "Lily had a birthday",
      "annotations": {}
    },
    {
      "line": "I was found missing",
      "annotations": {}
    },
    {
      "line": "Grace was afforded",
      "annotations": {}
    },
    {
      "line": "I couldn’t make the sale",
      "annotations": {}
    },
    {
      "line": "Maybe i do",
      "annotations": {}
    },
    {
      "line": "I do, i do",
      "annotations": {}
    },
    {
      "line": "Maybe i do",
      "annotations": {}
    },
    {
      "line": "I do, i do, i do",
      "annotations": {}
    },
    {
      "line": "",
      "annotations": {}
    },
    {
      "line": "[Chorus]",
      "annotations": {
        "Chorus": "Annotation for [Chorus]"
      }
    },
    {
      "line": "Doobry here, doobry",
      "annotations": {}
    },
    {
      "line": "My time lorn",
      "annotations": {}
    },
    {
      "line": "Doobry here, doobry",
      "annotations": {}
    },
    {
      "line": "My time gone",
      "annotations": {}
    },
    {
      "line": "Can i get it back",
      "annotations": {}
    },
    {
      "line": "Can i get it back here home",
      "annotations": {}
    },
    {
      "line": "Cannot get it back",
      "annotations": {}
    },
    {
      "line": "Can you get back",
      "annotations": {}
    },
    {
      "line": "Doobry, doobry here",
      "annotations": {}
    },
    {
      "line": "Cannot get it back",
      "annotations": {}
    },
    {
      "line": "Doobry, doobry here",
      "annotations": {}
    },
    {
      "line": "Cannot get it back",
      "annotations": {}
    }
  ]
}