{
  "lyrics": [
    {
      "line": "[Intro]",
      "annotations": {}
    },
    {
      "line": "Do you ever see her?",
      "annotations": {}
    },
    {
      "line": "Her words? turbid?",
      "annotations": {}
    },
    {
      "line": "Do you ever see her?",
      "annotations": {}
    },
    {
      "line": "Her face?",
      "annotations": {}
    },
    {
      "line": "Do you ever see her?",
      "annotations": {}
    },
    {
      "line": "",
      "annotations": {}
    },
    {
      "line": "[Verse 1]",
      "annotations": {}
    },
    {
      "line": "Though you ever see her",
      "annotations": {}
    },
    {
      "line": "My lover",
      "annotations": {}
    },
    {
      "line": "Do you ever see her",
      "annotations": {}
    },
    {
      "line": "How i adore",
      "annotations": {}
    },
    {
      "line": "Mine so many times",
      "annotations": {}
    },
    {
      "line": "My crimes . . . it’s not my rhyme",
      "annotations": {}
    },
    {
      "line": "",
      "annotations": {}
    },
    {
      "line": "[Verse 2]",
      "annotations": {}
    },
    {
      "line": "Ever read my words",
      "annotations": {}
    },
    {
      "line": "Ever felt that these words aren’t ever enough",
      "annotations": {}
    },
    {
      "line": "Am i words clear enough",
      "annotations": {}
    },
    {
      "line": "Do i come on the page",
      "annotations": {}
    },
    {
      "line": "Do i bang your eardrums with crumbs",
      "annotations": {}
    },
    {
      "line": "Do i sit well enough",
      "annotations": {}
    },
    {
      "line": "Oh i actually feel deep insidе in my heart",
      "annotations": {}
    },
    {
      "line": "Human, in flesh",
      "annotations": {}
    },
    {
      "line": "Like carbon basеd life",
      "annotations": {}
    },
    {
      "line": "Human, in a flash",
      "annotations": {}
    },
    {
      "line": "",
      "annotations": {}
    },
    {
      "line": "[Outro]",
      "annotations": {}
    },
    {
      "line": "Do you ever see her?",
      "annotations": {}
    },
    {
      "line": "Do you ever see her?",
      "annotations": {}
    },
    {
      "line": "Do you ever see her?",
      "annotations": {}
    },
    {
      "line": "Do you ever see her?",
      "annotations": {}
    }
  ]
}