{
  "lyrics": [
    {
      "line": "[Intro]",
      "annotations": {}
    },
    {
      "line": "I want that sh t to be banging",
      "annotations": {}
    },
    {
      "line": "It’s still low",
      "annotations": {}
    },
    {
      "line": "",
      "annotations": {}
    },
    {
      "line": "[Verse 1]",
      "annotations": {}
    },
    {
      "line": "Mauve hidden seed",
      "annotations": {}
    },
    {
      "line": "Ah",
      "annotations": {}
    },
    {
      "line": "Morphing in scene",
      "annotations": {}
    },
    {
      "line": "Oh",
      "annotations": {}
    },
    {
      "line": "Take my words",
      "annotations": {}
    },
    {
      "line": "Never let then chirr",
      "annotations": {}
    },
    {
      "line": "Never let them go",
      "annotations": {}
    },
    {
      "line": "Take my love",
      "annotations": {}
    },
    {
      "line": "Never letting vore",
      "annotations": {}
    },
    {
      "line": "Love letter raw",
      "annotations": {}
    },
    {
      "line": "Awake my heart",
      "annotations": {}
    },
    {
      "line": "When it’s far from honour",
      "annotations": {}
    },
    {
      "line": "Take my son",
      "annotations": {}
    },
    {
      "line": "Call it in",
      "annotations": {}
    },
    {
      "line": "",
      "annotations": {}
    },
    {
      "line": "[Bridge]",
      "annotations": {}
    },
    {
      "line": "Easy son",
      "annotations": {}
    },
    {
      "line": "Easy son",
      "annotations": {}
    },
    {
      "line": "Easy son",
      "annotations": {}
    },
    {
      "line": "Easy son",
      "annotations": {}
    },
    {
      "line": "Easy son",
      "annotations": {}
    },
    {
      "line": "Easy son",
      "annotations": {}
    },
    {
      "line": "Easy son",
      "annotations": {}
    },
    {
      "line": "Easy son",
      "annotations": {}
    },
    {
      "line": "",
      "annotations": {}
    },
    {
      "line": "[Chorus]",
      "annotations": {}
    },
    {
      "line": "All the care",
      "annotations": {}
    },
    {
      "line": "I care",
      "annotations": {}
    },
    {
      "line": "Pall your liver",
      "annotations": {}
    },
    {
      "line": "Your hold on thing",
      "annotations": {}
    },
    {
      "line": "I care",
      "annotations": {}
    },
    {
      "line": "All the care",
      "annotations": {}
    },
    {
      "line": "I always had you in row",
      "annotations": {}
    }
  ]
}