{
  "lyrics": [
    {
      "line": "[Verse 1]",
      "annotations": {
        "1": "Annotation for 1]",
        "Verse": "Annotation for [Verse"
      }
    },
    {
      "line": "Help me hold on to myself",
      "annotations": {}
    },
    {
      "line": "Hear me hold on to my attached",
      "annotations": {}
    },
    {
      "line": "Help me hold on to my love",
      "annotations": {}
    },
    {
      "line": "My love don’t pay this much",
      "annotations": {}
    },
    {
      "line": "My love don’t fail this way",
      "annotations": {}
    },
    {
      "line": "Every time i am here",
      "annotations": {}
    },
    {
      "line": "I feel the same",
      "annotations": {}
    },
    {
      "line": "Every time i say words",
      "annotations": {}
    },
    {
      "line": "Doesn’t ring the same",
      "annotations": {}
    },
    {
      "line": "It’s hard",
      "annotations": {}
    },
    {
      "line": "Oh i did that",
      "annotations": {}
    },
    {
      "line": "Easy, hard",
      "annotations": {}
    },
    {
      "line": "Living on",
      "annotations": {}
    },
    {
      "line": "My heart don’t say you yearn now",
      "annotations": {}
    },
    {
      "line": "My love don’t say you yearn",
      "annotations": {}
    },
    {
      "line": "",
      "annotations": {}
    },
    {
      "line": "[Outro]",
      "annotations": {
        "Outro": "Annotation for [Outro]"
      }
    },
    {
      "line": "Tracing my tears",
      "annotations": {}
    },
    {
      "line": "Help, hold the air",
      "annotations": {}
    },
    {
      "line": "Minding my lane",
      "annotations": {}
    },
    {
      "line": "Sweating on dev",
      "annotations": {}
    },
    {
      "line": "Breathing, it cost the world",
      "annotations": {}
    },
    {
      "line": "Still, not the one to run",
      "annotations": {}
    }
  ]
}