{
  "lyrics": [
    {
      "line": "[Chorus]",
      "annotations": {
        "Chorus": "Annotation for [Chorus]"
      }
    },
    {
      "line": "D mn, i feel, emma i feel",
      "annotations": {}
    },
    {
      "line": "Everything grows",
      "annotations": {}
    },
    {
      "line": "And you wanting me, bond",
      "annotations": {}
    },
    {
      "line": "D mn, i feel, d mn, i feel",
      "annotations": {}
    },
    {
      "line": "Everything goes",
      "annotations": {}
    },
    {
      "line": "And nothing is the same",
      "annotations": {}
    },
    {
      "line": "D mn, i feel, d mn, i feel",
      "annotations": {}
    },
    {
      "line": "Everything goes",
      "annotations": {}
    },
    {
      "line": "And nothing is the same",
      "annotations": {}
    },
    {
      "line": "D mn, i feel, d mn, i feel",
      "annotations": {}
    },
    {
      "line": "Everything goes",
      "annotations": {}
    },
    {
      "line": "And nothing is the same",
      "annotations": {}
    },
    {
      "line": "",
      "annotations": {}
    },
    {
      "line": "[Verse 1]",
      "annotations": {
        "1": "Annotation for 1]",
        "Verse": "Annotation for [Verse"
      }
    },
    {
      "line": "In my heart",
      "annotations": {}
    },
    {
      "line": "Is where your lil love is",
      "annotations": {}
    },
    {
      "line": "In my heart is where i feel it",
      "annotations": {}
    },
    {
      "line": "Being the same",
      "annotations": {}
    },
    {
      "line": "(being the same)",
      "annotations": {}
    },
    {
      "line": "Nothing ever moves",
      "annotations": {}
    },
    {
      "line": "Nothing ever quells it",
      "annotations": {}
    },
    {
      "line": "Holly, your ever dude is",
      "annotations": {}
    },
    {
      "line": "Dampen destroy, distraught",
      "annotations": {}
    },
    {
      "line": "Have a look into, he is there, hе is in",
      "annotations": {}
    },
    {
      "line": "Destroy his track",
      "annotations": {}
    },
    {
      "line": "Oh you’ve been the only oasis",
      "annotations": {}
    },
    {
      "line": "",
      "annotations": {}
    },
    {
      "line": "[Chorus]",
      "annotations": {
        "Chorus": "Annotation for [Chorus]"
      }
    },
    {
      "line": "D mn, i feel, emma i feel",
      "annotations": {}
    },
    {
      "line": "Evеrything grows",
      "annotations": {}
    },
    {
      "line": "And you wanting me, bond",
      "annotations": {}
    },
    {
      "line": "D mn, i feel, d mn, i feel",
      "annotations": {}
    },
    {
      "line": "Everything goes",
      "annotations": {}
    },
    {
      "line": "And nothing is the same",
      "annotations": {}
    },
    {
      "line": "D mn, i feel, d mn, i feel",
      "annotations": {}
    },
    {
      "line": "Everything goes",
      "annotations": {}
    },
    {
      "line": "And nothing is the same",
      "annotations": {}
    },
    {
      "line": "D mn, i feel, d mn, i feel",
      "annotations": {}
    },
    {
      "line": "Everything goes",
      "annotations": {}
    },
    {
      "line": "And nothing is the same",
      "annotations": {}
    }
  ]
}