{
  "lyrics": [
    {
      "line": "[Intro]",
      "annotations": {
        "Intro": "Annotation for [Intro]"
      }
    },
    {
      "line": "Fresh boy chilling",
      "annotations": {}
    },
    {
      "line": "",
      "annotations": {}
    },
    {
      "line": "[Verse 1]",
      "annotations": {
        "1": "Annotation for 1]",
        "Verse": "Annotation for [Verse"
      }
    },
    {
      "line": "I should say that",
      "annotations": {}
    },
    {
      "line": "I have never felt this way in a while",
      "annotations": {}
    },
    {
      "line": "(no, no)",
      "annotations": {}
    },
    {
      "line": "I should say, stella",
      "annotations": {}
    },
    {
      "line": "(stella)",
      "annotations": {}
    },
    {
      "line": "Bet she’s got it",
      "annotations": {}
    },
    {
      "line": "(she’s got it!)",
      "annotations": {}
    },
    {
      "line": "You say?",
      "annotations": {}
    },
    {
      "line": "I bet she has got it",
      "annotations": {}
    },
    {
      "line": "(you say that she’s got it?)",
      "annotations": {}
    },
    {
      "line": "No way",
      "annotations": {}
    },
    {
      "line": "You are talking about my girl",
      "annotations": {}
    },
    {
      "line": "",
      "annotations": {}
    },
    {
      "line": "[Bridge]",
      "annotations": {
        "Bridge": "Annotation for [Bridge]"
      }
    },
    {
      "line": "See i have met a lot of stellas",
      "annotations": {}
    },
    {
      "line": "(stella! stella! stella! stella!)",
      "annotations": {}
    },
    {
      "line": "I bet they make the sky her forever rafter",
      "annotations": {}
    },
    {
      "line": "Really far off",
      "annotations": {}
    },
    {
      "line": "",
      "annotations": {}
    },
    {
      "line": "[Chorus]",
      "annotations": {
        "Chorus": "Annotation for [Chorus]"
      }
    },
    {
      "line": "Come with me girl",
      "annotations": {}
    },
    {
      "line": "(come with me)",
      "annotations": {}
    },
    {
      "line": "End of summer don’t mean the end of life",
      "annotations": {}
    },
    {
      "line": "(it don’t mean the еnd of everything)",
      "annotations": {}
    },
    {
      "line": "We could havе it for life",
      "annotations": {}
    },
    {
      "line": "(all the fun we could have)",
      "annotations": {}
    },
    {
      "line": "With you on my body",
      "annotations": {}
    },
    {
      "line": "Come with me girl",
      "annotations": {}
    },
    {
      "line": "(come with me)",
      "annotations": {}
    },
    {
      "line": "End of summer don’t mean end of life",
      "annotations": {}
    },
    {
      "line": "(i’m right here)",
      "annotations": {}
    },
    {
      "line": "We can have it for life",
      "annotations": {}
    },
    {
      "line": "(i’m right here)",
      "annotations": {}
    },
    {
      "line": "",
      "annotations": {}
    },
    {
      "line": "[Verse 2]",
      "annotations": {
        "2": "Annotation for 2]",
        "Verse": "Annotation for [Verse"
      }
    },
    {
      "line": "(i’ve got a lot to do, you know, like this is, very, very new)",
      "annotations": {}
    },
    {
      "line": "Nothing more to make night sky look better",
      "annotations": {}
    },
    {
      "line": "",
      "annotations": {}
    },
    {
      "line": "[Bridge]",
      "annotations": {
        "Bridge": "Annotation for [Bridge]"
      }
    },
    {
      "line": "See i have met a lot of stellas",
      "annotations": {}
    },
    {
      "line": "I bet they make the sky her forever rafter",
      "annotations": {}
    },
    {
      "line": "Really far off",
      "annotations": {}
    },
    {
      "line": "",
      "annotations": {}
    },
    {
      "line": "[Chorus]",
      "annotations": {
        "Chorus": "Annotation for [Chorus]"
      }
    },
    {
      "line": "Come with me girl",
      "annotations": {}
    },
    {
      "line": "(come with me)",
      "annotations": {}
    },
    {
      "line": "End of summer don’t mean the end of life",
      "annotations": {}
    },
    {
      "line": "(it don’t mean the end of everything)",
      "annotations": {}
    },
    {
      "line": "We could have it for life",
      "annotations": {}
    },
    {
      "line": "(all the fun we could have)",
      "annotations": {}
    },
    {
      "line": "With you on my body",
      "annotations": {}
    },
    {
      "line": "Come with me girl",
      "annotations": {}
    },
    {
      "line": "(come with me)",
      "annotations": {}
    },
    {
      "line": "End of summer don’t mean end of life",
      "annotations": {}
    },
    {
      "line": "(i’m right here)",
      "annotations": {}
    },
    {
      "line": "We can have it for life",
      "annotations": {}
    },
    {
      "line": "(i’m right here)",
      "annotations": {}
    }
  ]
}