{
  "lyrics": [
    {
      "line": "[Intro]",
      "annotations": {
        "Intro": "Annotation for [Intro]"
      }
    },
    {
      "line": "Yup",
      "annotations": {}
    },
    {
      "line": "No one knows that it goes down",
      "annotations": {}
    },
    {
      "line": "",
      "annotations": {}
    },
    {
      "line": "[Intro]",
      "annotations": {
        "Intro": "Annotation for [Intro]"
      }
    },
    {
      "line": "Ah!",
      "annotations": {}
    },
    {
      "line": "I’m slow going with the time",
      "annotations": {}
    },
    {
      "line": "But i never deem nothing",
      "annotations": {}
    },
    {
      "line": "They can’t ever bring me down",
      "annotations": {}
    },
    {
      "line": "So why i owe it to these bars",
      "annotations": {}
    },
    {
      "line": "Sitting down",
      "annotations": {}
    },
    {
      "line": "Shimmy not her love",
      "annotations": {}
    },
    {
      "line": "I hope someone hears me around",
      "annotations": {}
    },
    {
      "line": "I hope this doesn’t take me down",
      "annotations": {}
    },
    {
      "line": "Oh it is just more coming down",
      "annotations": {}
    },
    {
      "line": "These tears they write a song",
      "annotations": {}
    },
    {
      "line": "A nigh hope didn’t get to you",
      "annotations": {}
    },
    {
      "line": "Or my loss is on a row",
      "annotations": {}
    },
    {
      "line": "Dodging, indulging",
      "annotations": {}
    },
    {
      "line": "Now, here we go",
      "annotations": {}
    },
    {
      "line": "Loving, endorphin",
      "annotations": {}
    },
    {
      "line": "Now i’m with you",
      "annotations": {}
    },
    {
      "line": "We’re all ready to go home",
      "annotations": {}
    },
    {
      "line": "",
      "annotations": {}
    },
    {
      "line": "[Outro]",
      "annotations": {
        "Outro": "Annotation for [Outro]"
      }
    },
    {
      "line": "Frith, you start all over from the beginning",
      "annotations": {}
    }
  ]
}