{
  "lyrics": [
    {
      "line": "[Intro]",
      "annotations": {
        "Intro": "Annotation for [Intro]"
      }
    },
    {
      "line": "F ck!",
      "annotations": {}
    },
    {
      "line": "Grand scene",
      "annotations": {}
    },
    {
      "line": "Mark: dream",
      "annotations": {}
    },
    {
      "line": "",
      "annotations": {}
    },
    {
      "line": "[Verse 1]",
      "annotations": {
        "1": "Annotation for 1]",
        "Verse": "Annotation for [Verse"
      }
    },
    {
      "line": "Can’t see?",
      "annotations": {}
    },
    {
      "line": "Past whim",
      "annotations": {}
    },
    {
      "line": "Bootleg on that, it’s brim",
      "annotations": {}
    },
    {
      "line": "Had to chew it",
      "annotations": {}
    },
    {
      "line": "Deduce with perfect briefs",
      "annotations": {}
    },
    {
      "line": "I harvest grieves",
      "annotations": {}
    },
    {
      "line": "What’s this? the sheet?",
      "annotations": {}
    },
    {
      "line": "Mine’s all too fit",
      "annotations": {}
    },
    {
      "line": "I, caramel off your skin",
      "annotations": {}
    },
    {
      "line": "Now you offer me a leach",
      "annotations": {}
    },
    {
      "line": "Not you off my leach",
      "annotations": {}
    },
    {
      "line": "(she gets it)",
      "annotations": {}
    },
    {
      "line": "On stead and steady",
      "annotations": {}
    },
    {
      "line": "Records with their postings",
      "annotations": {}
    },
    {
      "line": "Corners, nooks and bruvs",
      "annotations": {}
    },
    {
      "line": "What is your implore",
      "annotations": {}
    },
    {
      "line": "What’s this boy?",
      "annotations": {}
    },
    {
      "line": "That man could be something more",
      "annotations": {}
    },
    {
      "line": "But i’m bored",
      "annotations": {}
    },
    {
      "line": "Oh i took this doll, played that ball",
      "annotations": {}
    },
    {
      "line": "We all saw . . .more scenes",
      "annotations": {}
    },
    {
      "line": "Don’t less your forte",
      "annotations": {}
    },
    {
      "line": "I too sell rapture",
      "annotations": {}
    },
    {
      "line": "Was here before",
      "annotations": {}
    },
    {
      "line": "Was hot for temperature",
      "annotations": {}
    },
    {
      "line": "Let it go like the back of the never ending",
      "annotations": {}
    },
    {
      "line": "I’m stuck in the barf of sucker ore in vain",
      "annotations": {}
    },
    {
      "line": "I’m stuck in the back of something you envy",
      "annotations": {}
    },
    {
      "line": "Legos in their braids and their glues in the gules",
      "annotations": {}
    },
    {
      "line": "Chanting in pant, i weigh in the bills",
      "annotations": {}
    },
    {
      "line": "Jack a pack, like abs in retrospect",
      "annotations": {}
    },
    {
      "line": "All too pet, she’s all too wrenched",
      "annotations": {}
    },
    {
      "line": "I dream, what’s flea? that’s cheek",
      "annotations": {}
    },
    {
      "line": "Everyday is another better",
      "annotations": {}
    },
    {
      "line": "Cos that girl’s wettin’ up the fetter",
      "annotations": {}
    },
    {
      "line": "Fraca, back at her, come be that blat",
      "annotations": {}
    },
    {
      "line": "What is more, you sure couldn’t be that",
      "annotations": {}
    }
  ]
}