{
  "lyrics": [
    {
      "line": "[Chorus]",
      "annotations": {}
    },
    {
      "line": "If i could turn the hands",
      "annotations": {}
    },
    {
      "line": "I’ll turn it right to you",
      "annotations": {}
    },
    {
      "line": "To the time when i thought it was just us two",
      "annotations": {}
    },
    {
      "line": "Something is missing",
      "annotations": {}
    },
    {
      "line": "B tton unfastened",
      "annotations": {}
    },
    {
      "line": "I feel like i got the anti wound",
      "annotations": {}
    },
    {
      "line": "If i could turn the hands",
      "annotations": {}
    },
    {
      "line": "I’ll turn it right to you",
      "annotations": {}
    },
    {
      "line": "To the time when i thought it was just us two",
      "annotations": {}
    },
    {
      "line": "Something is missing",
      "annotations": {}
    },
    {
      "line": "B tton unfastened",
      "annotations": {}
    },
    {
      "line": "I feel like i got the anti wound",
      "annotations": {}
    },
    {
      "line": "",
      "annotations": {}
    },
    {
      "line": "[Verse1]",
      "annotations": {}
    },
    {
      "line": "You were the type of girl to always get her panties off",
      "annotations": {}
    },
    {
      "line": "I’ma let the d slide",
      "annotations": {}
    },
    {
      "line": "Yeah you always loved the rush",
      "annotations": {}
    },
    {
      "line": "Aren’t we made for this touch?",
      "annotations": {}
    },
    {
      "line": "Cuddle me insoluble love",
      "annotations": {}
    },
    {
      "line": "Fairy plunking on eros’ sling",
      "annotations": {}
    },
    {
      "line": "Subtle sock",
      "annotations": {}
    },
    {
      "line": "Imposed sinfonietta",
      "annotations": {}
    },
    {
      "line": "Shorty burned",
      "annotations": {}
    },
    {
      "line": "Yeah she loves her haughty alter",
      "annotations": {}
    },
    {
      "line": "Potter i mould her up party hunter",
      "annotations": {}
    },
    {
      "line": "When we roll it’s a birthday shower",
      "annotations": {}
    },
    {
      "line": "Ash and pills",
      "annotations": {}
    },
    {
      "line": "Huff! huff!",
      "annotations": {}
    },
    {
      "line": "Melee rompers",
      "annotations": {}
    },
    {
      "line": "Coughs!",
      "annotations": {}
    },
    {
      "line": "Don’t you wait",
      "annotations": {}
    },
    {
      "line": "Duct tape is on your thoughts",
      "annotations": {}
    },
    {
      "line": "It’s euphoria",
      "annotations": {}
    },
    {
      "line": "Make her o’clock",
      "annotations": {}
    },
    {
      "line": "Tick tick",
      "annotations": {}
    },
    {
      "line": "Tut tut",
      "annotations": {}
    },
    {
      "line": "Anti wound",
      "annotations": {}
    },
    {
      "line": "Shove our problems under rug",
      "annotations": {}
    },
    {
      "line": "Primer on",
      "annotations": {}
    },
    {
      "line": "See it out",
      "annotations": {}
    },
    {
      "line": "Living on a feeling",
      "annotations": {}
    },
    {
      "line": "Toothpick turn",
      "annotations": {}
    },
    {
      "line": "Heeding on to eden",
      "annotations": {}
    },
    {
      "line": "It is sullen",
      "annotations": {}
    },
    {
      "line": "Holly earn",
      "annotations": {}
    },
    {
      "line": "With my feathers on my back (my feathers on my back)",
      "annotations": {}
    },
    {
      "line": "I can’t take a flight",
      "annotations": {}
    },
    {
      "line": "I’m on wrench",
      "annotations": {}
    },
    {
      "line": "Holy veil",
      "annotations": {}
    },
    {
      "line": "Null me on",
      "annotations": {}
    },
    {
      "line": "She saw me on",
      "annotations": {}
    },
    {
      "line": "",
      "annotations": {}
    },
    {
      "line": "[Voice note clip]",
      "annotations": {}
    },
    {
      "line": "Whoa whoa whoa whoa whoa",
      "annotations": {}
    },
    {
      "line": "Jess i feel kind of um . . . distant",
      "annotations": {}
    },
    {
      "line": "Pff",
      "annotations": {}
    },
    {
      "line": "Oh gawd!",
      "annotations": {}
    },
    {
      "line": "Why, why, why",
      "annotations": {}
    },
    {
      "line": "I woke up this morning",
      "annotations": {}
    },
    {
      "line": "Had a leak",
      "annotations": {}
    },
    {
      "line": "Well, i’m feeling it",
      "annotations": {}
    },
    {
      "line": "Went to the beach",
      "annotations": {}
    },
    {
      "line": "I’ll call it a retreat",
      "annotations": {}
    },
    {
      "line": "I’m back in the sheet",
      "annotations": {}
    },
    {
      "line": "I’ll be okay",
      "annotations": {}
    },
    {
      "line": "I woke up this morning",
      "annotations": {}
    },
    {
      "line": "Had a leak",
      "annotations": {}
    },
    {
      "line": "Felt it was lit",
      "annotations": {}
    },
    {
      "line": "Went to the beach",
      "annotations": {}
    },
    {
      "line": "Call the sh t retreat",
      "annotations": {}
    },
    {
      "line": "I’m back in the sheet",
      "annotations": {}
    },
    {
      "line": "I’ll keep my distance",
      "annotations": {}
    },
    {
      "line": "Oh, i know i’ll be okay",
      "annotations": {}
    },
    {
      "line": "I ‘on’t really know what the time is",
      "annotations": {}
    },
    {
      "line": "But i’m just making this song",
      "annotations": {}
    },
    {
      "line": "I wish we had cinnamon roll",
      "annotations": {}
    },
    {
      "line": "But that don’t make me roll, roll",
      "annotations": {}
    },
    {
      "line": "You make me roll",
      "annotations": {}
    },
    {
      "line": "I think i’ma say that",
      "annotations": {}
    },
    {
      "line": "When i know for sure",
      "annotations": {}
    },
    {
      "line": "For sure",
      "annotations": {}
    },
    {
      "line": "Maybe i just did",
      "annotations": {}
    },
    {
      "line": "Aw!",
      "annotations": {}
    },
    {
      "line": "I woke up this morning",
      "annotations": {}
    },
    {
      "line": "Had a leak",
      "annotations": {}
    },
    {
      "line": "Felt it was lit",
      "annotations": {}
    },
    {
      "line": "Went to the beach",
      "annotations": {}
    },
    {
      "line": "Call the sh t retreat",
      "annotations": {}
    },
    {
      "line": "I’m back on my bed right now",
      "annotations": {}
    },
    {
      "line": "Okay i really didn’t go to any beach",
      "annotations": {}
    },
    {
      "line": "I just wanted to say um",
      "annotations": {}
    },
    {
      "line": "",
      "annotations": {}
    },
    {
      "line": "[?]",
      "annotations": {}
    }
  ]
}