{
  "lyrics": [
    {
      "line": "[Intro]",
      "annotations": {
        "Intro": "Annotation for [Intro]"
      }
    },
    {
      "line": "Make a cast out my broken heart",
      "annotations": {}
    },
    {
      "line": "You could keep it",
      "annotations": {}
    },
    {
      "line": "",
      "annotations": {}
    },
    {
      "line": "[Verse 1]",
      "annotations": {
        "1": "Annotation for 1]",
        "Verse": "Annotation for [Verse"
      }
    },
    {
      "line": "Outta here!",
      "annotations": {}
    },
    {
      "line": "Cups sinked in tears",
      "annotations": {}
    },
    {
      "line": "Can’t get outta bed",
      "annotations": {}
    },
    {
      "line": "Lost in dose",
      "annotations": {}
    },
    {
      "line": "It’s a misery",
      "annotations": {}
    },
    {
      "line": "Caught on toes",
      "annotations": {}
    },
    {
      "line": "On an evening",
      "annotations": {}
    },
    {
      "line": "How you like it when i’m f cked up?",
      "annotations": {}
    },
    {
      "line": "She’s toothless",
      "annotations": {}
    },
    {
      "line": "Tucking all the sheets",
      "annotations": {}
    },
    {
      "line": "Too neat",
      "annotations": {}
    },
    {
      "line": "Blot on my thought",
      "annotations": {}
    },
    {
      "line": "Clueless",
      "annotations": {}
    },
    {
      "line": "Ornaments on the wall",
      "annotations": {}
    },
    {
      "line": "Amus m nt",
      "annotations": {}
    },
    {
      "line": "F cking on the bed",
      "annotations": {}
    },
    {
      "line": "It’s how i choose it",
      "annotations": {}
    },
    {
      "line": "No she’s not a rider",
      "annotations": {}
    },
    {
      "line": "She not one",
      "annotations": {}
    },
    {
      "line": "Doh doh doh my ditty",
      "annotations": {}
    },
    {
      "line": "She bag one",
      "annotations": {}
    },
    {
      "line": "Doh doh doh my ditty",
      "annotations": {}
    },
    {
      "line": "She bag one",
      "annotations": {}
    },
    {
      "line": "No she’s not a rider",
      "annotations": {}
    },
    {
      "line": "She not one",
      "annotations": {}
    },
    {
      "line": "",
      "annotations": {}
    },
    {
      "line": "[Bridge]",
      "annotations": {
        "Bridge": "Annotation for [Bridge]"
      }
    },
    {
      "line": "Trail it on",
      "annotations": {}
    },
    {
      "line": "Trail it on",
      "annotations": {}
    },
    {
      "line": "Make a cast out ma broken heart",
      "annotations": {}
    },
    {
      "line": "Could keep it",
      "annotations": {}
    },
    {
      "line": "Done by a vermin",
      "annotations": {}
    },
    {
      "line": "I can’t give it",
      "annotations": {}
    },
    {
      "line": "Trail it on",
      "annotations": {}
    },
    {
      "line": "Trail it on",
      "annotations": {}
    },
    {
      "line": "Make a cast out ma broken heart",
      "annotations": {}
    },
    {
      "line": "Could keep it",
      "annotations": {}
    },
    {
      "line": "Done by a vermin",
      "annotations": {}
    },
    {
      "line": "I can’t give it",
      "annotations": {}
    },
    {
      "line": "",
      "annotations": {}
    },
    {
      "line": "[Instrumental]",
      "annotations": {
        "Instrumental": "Annotation for [Instrumental]"
      }
    },
    {
      "line": "",
      "annotations": {}
    },
    {
      "line": "[Verse 2]",
      "annotations": {
        "2": "Annotation for 2]",
        "Verse": "Annotation for [Verse"
      }
    },
    {
      "line": "Lull me to sleep",
      "annotations": {}
    },
    {
      "line": "Your motions",
      "annotations": {}
    },
    {
      "line": "Had my heart",
      "annotations": {}
    },
    {
      "line": "Trod erosions",
      "annotations": {}
    },
    {
      "line": "Hypnotized",
      "annotations": {}
    },
    {
      "line": "Swirling emotion",
      "annotations": {}
    },
    {
      "line": "Droll . .",
      "annotations": {}
    },
    {
      "line": "You’re pretty",
      "annotations": {}
    },
    {
      "line": "You’re yearning",
      "annotations": {}
    },
    {
      "line": "Hurting",
      "annotations": {}
    },
    {
      "line": "I’m learning",
      "annotations": {}
    },
    {
      "line": "And i’m trilling off it",
      "annotations": {}
    },
    {
      "line": "And i’m trilling",
      "annotations": {}
    },
    {
      "line": "Make a cast (make a cast)",
      "annotations": {}
    },
    {
      "line": "Make a cast (broken heart)",
      "annotations": {}
    },
    {
      "line": "Broken heart (my broken heart)",
      "annotations": {}
    },
    {
      "line": "Only the vermin wins",
      "annotations": {}
    },
    {
      "line": "Make a cast out ma broken heart",
      "annotations": {}
    },
    {
      "line": "You could keep it",
      "annotations": {}
    },
    {
      "line": "Done by a vermin",
      "annotations": {}
    },
    {
      "line": "I couldn’t give it",
      "annotations": {}
    },
    {
      "line": "Tied to your trill",
      "annotations": {}
    },
    {
      "line": "Your wharf",
      "annotations": {}
    },
    {
      "line": "",
      "annotations": {}
    },
    {
      "line": "[Outro]",
      "annotations": {
        "Outro": "Annotation for [Outro]"
      }
    },
    {
      "line": "Knocking down every door with my little beak",
      "annotations": {}
    },
    {
      "line": "Hunting down every thaw with my eagle peak",
      "annotations": {}
    },
    {
      "line": "Yeah i’m letting an ever tor in my brittle bill",
      "annotations": {}
    },
    {
      "line": "Morphine i bind you trump on my pain",
      "annotations": {}
    },
    {
      "line": "Karma that’s a wonk cue",
      "annotations": {}
    },
    {
      "line": "Tip on my pen",
      "annotations": {}
    },
    {
      "line": "Spelling out the cronk do",
      "annotations": {}
    },
    {
      "line": "At the coast town rhythm",
      "annotations": {}
    },
    {
      "line": "I’m really on you",
      "annotations": {}
    },
    {
      "line": "Trip for vain",
      "annotations": {}
    },
    {
      "line": "Not your plenum",
      "annotations": {}
    },
    {
      "line": "Took a name",
      "annotations": {}
    },
    {
      "line": "Broke the chain",
      "annotations": {}
    },
    {
      "line": "Dumbbell gains",
      "annotations": {}
    },
    {
      "line": "Ching!",
      "annotations": {}
    },
    {
      "line": "Trickling",
      "annotations": {}
    },
    {
      "line": "D ck in",
      "annotations": {}
    },
    {
      "line": "Pringles",
      "annotations": {}
    },
    {
      "line": "L!cking",
      "annotations": {}
    },
    {
      "line": "Shank on my wink",
      "annotations": {}
    },
    {
      "line": "Culling the wind",
      "annotations": {}
    },
    {
      "line": "Banking on data",
      "annotations": {}
    },
    {
      "line": "Travelling with the barter",
      "annotations": {}
    },
    {
      "line": "Palling a perv",
      "annotations": {}
    },
    {
      "line": "Feeding on a fatal leaning to the gas",
      "annotations": {}
    },
    {
      "line": "On a veto",
      "annotations": {}
    },
    {
      "line": "Took a fell",
      "annotations": {}
    },
    {
      "line": "Like a bait tow",
      "annotations": {}
    },
    {
      "line": "Oh thou!",
      "annotations": {}
    }
  ]
}