{
  "lyrics": [
    {
      "line": "[Chorus]",
      "annotations": {
        "Chorus": "Annotation for [Chorus]"
      }
    },
    {
      "line": "Having enough of dosh",
      "annotations": {}
    },
    {
      "line": "I’m hanging up",
      "annotations": {}
    },
    {
      "line": "The sink is done",
      "annotations": {}
    },
    {
      "line": "In the surf, wouldn’t bob",
      "annotations": {}
    },
    {
      "line": "Ain’t no twelfth bop",
      "annotations": {}
    },
    {
      "line": "Down no another overture",
      "annotations": {}
    },
    {
      "line": "Helping often with chores",
      "annotations": {}
    },
    {
      "line": "Her parol is i’m up for eviction",
      "annotations": {}
    },
    {
      "line": "Devil will never have enough",
      "annotations": {}
    },
    {
      "line": "I’m blaring my siren all the way",
      "annotations": {}
    },
    {
      "line": "Call me up",
      "annotations": {}
    },
    {
      "line": "You corral me y’all",
      "annotations": {}
    },
    {
      "line": "Cold we are out here",
      "annotations": {}
    },
    {
      "line": "Girl we’re off",
      "annotations": {}
    },
    {
      "line": "Girl we’re up",
      "annotations": {}
    },
    {
      "line": "Cruel we are out here",
      "annotations": {}
    },
    {
      "line": "",
      "annotations": {}
    },
    {
      "line": "[Verse 1]",
      "annotations": {
        "1": "Annotation for 1]",
        "Verse": "Annotation for [Verse"
      }
    },
    {
      "line": "Meshed in all, a gold, a diva",
      "annotations": {}
    },
    {
      "line": "I’m having all these defers",
      "annotations": {}
    },
    {
      "line": "Having all these shivers",
      "annotations": {}
    },
    {
      "line": "No, i’ll never keep her",
      "annotations": {}
    },
    {
      "line": "Till i found one",
      "annotations": {}
    },
    {
      "line": "How i know her rows",
      "annotations": {}
    },
    {
      "line": "I know her name",
      "annotations": {}
    },
    {
      "line": "Her name, her name, her name",
      "annotations": {}
    },
    {
      "line": "Pain",
      "annotations": {}
    },
    {
      "line": "Until my line free of your error",
      "annotations": {}
    },
    {
      "line": "I don’t know what is fear",
      "annotations": {}
    },
    {
      "line": "I love how i pair",
      "annotations": {}
    },
    {
      "line": "Rear near in the air",
      "annotations": {}
    },
    {
      "line": "",
      "annotations": {}
    },
    {
      "line": "[Chorus]",
      "annotations": {
        "Chorus": "Annotation for [Chorus]"
      }
    },
    {
      "line": "Having enough of dosh",
      "annotations": {}
    },
    {
      "line": "I’m hanging up",
      "annotations": {}
    },
    {
      "line": "The sink is done",
      "annotations": {}
    },
    {
      "line": "In the surf, wouldn’t bob",
      "annotations": {}
    },
    {
      "line": "Ain’t no twelfth bop",
      "annotations": {}
    },
    {
      "line": "Down no another overture",
      "annotations": {}
    },
    {
      "line": "Helping often with chores",
      "annotations": {}
    },
    {
      "line": "Her parol is i’m up for eviction",
      "annotations": {}
    },
    {
      "line": "Devil will never have enough",
      "annotations": {}
    },
    {
      "line": "I’m blaring my siren all the way",
      "annotations": {}
    },
    {
      "line": "Call me up",
      "annotations": {}
    },
    {
      "line": "You corral me y’all",
      "annotations": {}
    },
    {
      "line": "Cold we are out here",
      "annotations": {}
    },
    {
      "line": "Girl we’re off",
      "annotations": {}
    },
    {
      "line": "Girl we’re up",
      "annotations": {}
    },
    {
      "line": "Cruel we are out here",
      "annotations": {}
    }
  ]
}