{
  "lyrics": [
    {
      "line": "[Intro]",
      "annotations": {}
    },
    {
      "line": "And the party starts",
      "annotations": {}
    },
    {
      "line": "She’s missing me",
      "annotations": {}
    },
    {
      "line": "A list",
      "annotations": {}
    },
    {
      "line": "She has the say in yearn",
      "annotations": {}
    },
    {
      "line": "",
      "annotations": {}
    },
    {
      "line": "[Verse 1]",
      "annotations": {}
    },
    {
      "line": "We got the friday hot",
      "annotations": {}
    },
    {
      "line": "We just gotta take a law",
      "annotations": {}
    },
    {
      "line": "Take it slow",
      "annotations": {}
    },
    {
      "line": "Come on, we are riding out",
      "annotations": {}
    },
    {
      "line": "We got the cadi out",
      "annotations": {}
    },
    {
      "line": "Just gotta take a slake",
      "annotations": {}
    },
    {
      "line": "We’re slow",
      "annotations": {}
    },
    {
      "line": "I had something in my drink",
      "annotations": {}
    },
    {
      "line": "Hickey her nova reign",
      "annotations": {}
    },
    {
      "line": "A cut of her . . . the vein",
      "annotations": {}
    },
    {
      "line": "Hookey nickel rare sipping",
      "annotations": {}
    },
    {
      "line": "I need my drink",
      "annotations": {}
    },
    {
      "line": "You can have your wreck",
      "annotations": {}
    },
    {
      "line": "We could just take it slow",
      "annotations": {}
    },
    {
      "line": "Tow a sunlight like that",
      "annotations": {}
    },
    {
      "line": "It is no time",
      "annotations": {}
    },
    {
      "line": "No time",
      "annotations": {}
    },
    {
      "line": "I’m just chilling with my girl",
      "annotations": {}
    },
    {
      "line": "Tryna find out who is living",
      "annotations": {}
    },
    {
      "line": "To the times",
      "annotations": {}
    },
    {
      "line": "It is no time",
      "annotations": {}
    },
    {
      "line": "I’m turnt",
      "annotations": {}
    },
    {
      "line": "I’m just ch nk in the fam",
      "annotations": {}
    },
    {
      "line": "My love",
      "annotations": {}
    },
    {
      "line": ". . . еx, your relay",
      "annotations": {}
    },
    {
      "line": "She’s nevеr had . . . you said?",
      "annotations": {}
    },
    {
      "line": "She’s never had a seer",
      "annotations": {}
    },
    {
      "line": "She’ll ever give it on a low",
      "annotations": {}
    },
    {
      "line": "She never had a saint",
      "annotations": {}
    },
    {
      "line": "Never had a sabre",
      "annotations": {}
    },
    {
      "line": "She then tried; mummy",
      "annotations": {}
    },
    {
      "line": "Keeping on her low",
      "annotations": {}
    },
    {
      "line": "",
      "annotations": {}
    },
    {
      "line": "[Verse 2]",
      "annotations": {}
    },
    {
      "line": "I’m still buzzing with my door",
      "annotations": {}
    },
    {
      "line": "Never found out",
      "annotations": {}
    },
    {
      "line": "What happened last night",
      "annotations": {}
    },
    {
      "line": "Cos i was stuck in a cab",
      "annotations": {}
    },
    {
      "line": "And i had to find the right spur",
      "annotations": {}
    },
    {
      "line": "When i hit my car",
      "annotations": {}
    },
    {
      "line": "But i never got it right",
      "annotations": {}
    },
    {
      "line": "Cos i was lost in the club",
      "annotations": {}
    },
    {
      "line": "My mind on sever right?",
      "annotations": {}
    },
    {
      "line": "My thoughts never put it right on the track",
      "annotations": {}
    },
    {
      "line": "My love slow stuck on the back of my purse",
      "annotations": {}
    },
    {
      "line": "And i never found the right time",
      "annotations": {}
    },
    {
      "line": "Cos i’m always lost in your eyes",
      "annotations": {}
    },
    {
      "line": "With you, feeling like it never changes",
      "annotations": {}
    },
    {
      "line": "When i’m lost, i’m never running on the red",
      "annotations": {}
    },
    {
      "line": "Film record, i’m never lost when i’m stuck",
      "annotations": {}
    },
    {
      "line": "You’re wishing i was dash",
      "annotations": {}
    },
    {
      "line": "She’s always on my godd mn mind",
      "annotations": {}
    },
    {
      "line": "I can’t get it right all the time",
      "annotations": {}
    },
    {
      "line": "But i’m still hoisting my love",
      "annotations": {}
    },
    {
      "line": "Revving",
      "annotations": {}
    },
    {
      "line": "",
      "annotations": {}
    },
    {
      "line": "[Outro]",
      "annotations": {}
    },
    {
      "line": "Home, oh",
      "annotations": {}
    },
    {
      "line": "Twilling",
      "annotations": {}
    },
    {
      "line": "Mixing with the already out here man",
      "annotations": {}
    },
    {
      "line": "Weaving",
      "annotations": {}
    },
    {
      "line": "Ah i don’t know",
      "annotations": {}
    }
  ]
}