{
  "lyrics": [
    {
      "line": "[Intro]",
      "annotations": {}
    },
    {
      "line": "Hey",
      "annotations": {}
    },
    {
      "line": "Fresh boy chilling",
      "annotations": {}
    },
    {
      "line": "I don’t bother",
      "annotations": {}
    },
    {
      "line": "Her on border",
      "annotations": {}
    },
    {
      "line": "I don’t bother",
      "annotations": {}
    },
    {
      "line": "And she knows i’m about her here",
      "annotations": {}
    },
    {
      "line": "Feelings so farce",
      "annotations": {}
    },
    {
      "line": "I don’t bother",
      "annotations": {}
    },
    {
      "line": "When she’s on my mind",
      "annotations": {}
    },
    {
      "line": "I’m on border",
      "annotations": {}
    },
    {
      "line": "Loving how i do",
      "annotations": {}
    },
    {
      "line": "When i don’t bother",
      "annotations": {}
    },
    {
      "line": "",
      "annotations": {}
    },
    {
      "line": "[Verse 1]",
      "annotations": {}
    },
    {
      "line": "Drugs in my head",
      "annotations": {}
    },
    {
      "line": "On my mind",
      "annotations": {}
    },
    {
      "line": "How she got me feeling when i’m feeling so high",
      "annotations": {}
    },
    {
      "line": "Drugs in my head",
      "annotations": {}
    },
    {
      "line": "On my mind",
      "annotations": {}
    },
    {
      "line": "How she got me feeling when i’m feeling so fly",
      "annotations": {}
    },
    {
      "line": "",
      "annotations": {}
    },
    {
      "line": "[Verse 2]",
      "annotations": {}
    },
    {
      "line": "I’m down to earth when i hurt with her",
      "annotations": {}
    },
    {
      "line": "Looking like i could text her",
      "annotations": {}
    },
    {
      "line": "Though if i wanna",
      "annotations": {}
    },
    {
      "line": "How she friendly got me feeling like another",
      "annotations": {}
    },
    {
      "line": "I’m better than them frith",
      "annotations": {}
    },
    {
      "line": "How that will get you harder",
      "annotations": {}
    },
    {
      "line": "She works it",
      "annotations": {}
    },
    {
      "line": "Got mе fake a god, any key dear you own",
      "annotations": {}
    },
    {
      "line": "",
      "annotations": {}
    },
    {
      "line": "[Verse 3]",
      "annotations": {}
    },
    {
      "line": "Prеtty girl loving the sizzle",
      "annotations": {}
    },
    {
      "line": "Pretty girl loving the stations up",
      "annotations": {}
    },
    {
      "line": "Pretty girl loving the seizures up",
      "annotations": {}
    },
    {
      "line": "Pretty girl loving decisions up",
      "annotations": {}
    },
    {
      "line": "",
      "annotations": {}
    },
    {
      "line": "[Verse 4]",
      "annotations": {}
    },
    {
      "line": "Lip to lip",
      "annotations": {}
    },
    {
      "line": "Dreaming",
      "annotations": {}
    },
    {
      "line": "Tip to tip, faint here",
      "annotations": {}
    },
    {
      "line": "Love how we got we the whole world lead electric",
      "annotations": {}
    },
    {
      "line": "Switching on the forward risk",
      "annotations": {}
    },
    {
      "line": "Looking like in gore of this",
      "annotations": {}
    },
    {
      "line": "What they say don’t bother",
      "annotations": {}
    },
    {
      "line": "When you read enough",
      "annotations": {}
    }
  ]
}