{
  "lyrics": [
    {
      "line": "[Verse 1]",
      "annotations": {
        "1": "Annotation for 1]",
        "Verse": "Annotation for [Verse"
      }
    },
    {
      "line": "I’m just in my form",
      "annotations": {}
    },
    {
      "line": "From a little town",
      "annotations": {}
    },
    {
      "line": "A human farm",
      "annotations": {}
    },
    {
      "line": "Hop a beat",
      "annotations": {}
    },
    {
      "line": "That’s my riddle round",
      "annotations": {}
    },
    {
      "line": "I just had my cover blown",
      "annotations": {}
    },
    {
      "line": "Easy turn, busy mole",
      "annotations": {}
    },
    {
      "line": "Fettering on a noose",
      "annotations": {}
    },
    {
      "line": "With the whistles blown",
      "annotations": {}
    },
    {
      "line": "Workaday hype",
      "annotations": {}
    },
    {
      "line": "Dim lit s’more",
      "annotations": {}
    },
    {
      "line": "Ends on something like this won’t bore",
      "annotations": {}
    },
    {
      "line": "Her too for lift",
      "annotations": {}
    },
    {
      "line": "That’s her weekly strut",
      "annotations": {}
    },
    {
      "line": "It’s me b tting around",
      "annotations": {}
    },
    {
      "line": "She’s never around",
      "annotations": {}
    },
    {
      "line": "How have been?",
      "annotations": {}
    },
    {
      "line": "Happy on a couple like",
      "annotations": {}
    },
    {
      "line": "Yapping on the others",
      "annotations": {}
    },
    {
      "line": "My mind niece in",
      "annotations": {}
    },
    {
      "line": "Not for the nutters",
      "annotations": {}
    },
    {
      "line": "In stores for the orders",
      "annotations": {}
    },
    {
      "line": "Is how i dream when i clamp on the shoulders",
      "annotations": {}
    },
    {
      "line": "It is half on deen",
      "annotations": {}
    },
    {
      "line": "Soul rhythm",
      "annotations": {}
    },
    {
      "line": "It is just really over din",
      "annotations": {}
    },
    {
      "line": "",
      "annotations": {}
    },
    {
      "line": "[Chorus]",
      "annotations": {
        "Chorus": "Annotation for [Chorus]"
      }
    },
    {
      "line": "Favourite, baby, tell me now",
      "annotations": {}
    },
    {
      "line": "(favе, baby, tell me now)",
      "annotations": {}
    },
    {
      "line": "Do you see with the lights",
      "annotations": {}
    },
    {
      "line": "(don’t you see with thе lights)",
      "annotations": {}
    },
    {
      "line": "Favourite, baby, tell me now",
      "annotations": {}
    },
    {
      "line": "Tell me now",
      "annotations": {}
    },
    {
      "line": "Ah!",
      "annotations": {}
    }
  ]
}