{
  "lyrics": [
    {
      "line": "[Intro]",
      "annotations": {}
    },
    {
      "line": "Fresh boy chilling",
      "annotations": {}
    },
    {
      "line": "",
      "annotations": {}
    },
    {
      "line": "[Verse 1]",
      "annotations": {}
    },
    {
      "line": "Traipsing, this room for a while",
      "annotations": {}
    },
    {
      "line": "I’ve been racing",
      "annotations": {}
    },
    {
      "line": "Wishes i had in my head",
      "annotations": {}
    },
    {
      "line": "Past, feels like it’s coming back",
      "annotations": {}
    },
    {
      "line": "Your face, i’ve been dreaming of a girl like you",
      "annotations": {}
    },
    {
      "line": "A body like you move",
      "annotations": {}
    },
    {
      "line": "Asking for a new move",
      "annotations": {}
    },
    {
      "line": "I found door two",
      "annotations": {}
    },
    {
      "line": "The first being my heart",
      "annotations": {}
    },
    {
      "line": "I love the scent of her feel",
      "annotations": {}
    },
    {
      "line": "",
      "annotations": {}
    },
    {
      "line": "[Chorus]",
      "annotations": {}
    },
    {
      "line": "Feel good chemicals",
      "annotations": {}
    },
    {
      "line": "Running through my veins",
      "annotations": {}
    },
    {
      "line": "Feel good emotions",
      "annotations": {}
    },
    {
      "line": "Had me feeling phrased",
      "annotations": {}
    },
    {
      "line": "Feel good chemicals",
      "annotations": {}
    },
    {
      "line": "Running though my veins",
      "annotations": {}
    },
    {
      "line": "Feel good feelings",
      "annotations": {}
    },
    {
      "line": "Got me feeling this vain",
      "annotations": {}
    },
    {
      "line": "",
      "annotations": {}
    },
    {
      "line": "[Verse 2]",
      "annotations": {}
    },
    {
      "line": "Oh oh",
      "annotations": {}
    },
    {
      "line": "So feel this phrase",
      "annotations": {}
    },
    {
      "line": "Fill this place in my heart",
      "annotations": {}
    },
    {
      "line": "Girl it’s crazy being alone",
      "annotations": {}
    },
    {
      "line": "I got a girl, we serve her one",
      "annotations": {}
    },
    {
      "line": "Telling my dames",
      "annotations": {}
    },
    {
      "line": "Son on a fancying cord",
      "annotations": {}
    },
    {
      "line": "Sticking with the rein",
      "annotations": {}
    },
    {
      "line": "I’m sticking with the tank",
      "annotations": {}
    },
    {
      "line": "With my fears",
      "annotations": {}
    },
    {
      "line": "Oh gosh! show me when i get in",
      "annotations": {}
    },
    {
      "line": "Carolina, carolina, cute carolina",
      "annotations": {}
    },
    {
      "line": "",
      "annotations": {}
    },
    {
      "line": "[Chorus]",
      "annotations": {}
    },
    {
      "line": "Feel good chemicals",
      "annotations": {}
    },
    {
      "line": "Running through my veins",
      "annotations": {}
    },
    {
      "line": "Feel good emotions",
      "annotations": {}
    },
    {
      "line": "Had me feeling phrased",
      "annotations": {}
    },
    {
      "line": "Feel good chemicals",
      "annotations": {}
    },
    {
      "line": "Running though my veins",
      "annotations": {}
    },
    {
      "line": "Feel good feelings",
      "annotations": {}
    },
    {
      "line": "Got me feeling this vain",
      "annotations": {}
    },
    {
      "line": "(feeling good)",
      "annotations": {}
    }
  ]
}