{
  "lyrics": [
    {
      "line": "[Intro]",
      "annotations": {
        "Intro": "Annotation for [Intro]"
      }
    },
    {
      "line": "Fresh boy chilling",
      "annotations": {}
    },
    {
      "line": "",
      "annotations": {}
    },
    {
      "line": "[Verse 1]",
      "annotations": {
        "1": "Annotation for 1]",
        "Verse": "Annotation for [Verse"
      }
    },
    {
      "line": "Too caught up to say",
      "annotations": {}
    },
    {
      "line": "What i truly feel",
      "annotations": {}
    },
    {
      "line": "Nothing in my heart",
      "annotations": {}
    },
    {
      "line": "That will probably k!ll me",
      "annotations": {}
    },
    {
      "line": "I’m on this",
      "annotations": {}
    },
    {
      "line": "Too high tent",
      "annotations": {}
    },
    {
      "line": "On your ebullitions i rely",
      "annotations": {}
    },
    {
      "line": "When i see you here",
      "annotations": {}
    },
    {
      "line": "I mean it too much",
      "annotations": {}
    },
    {
      "line": "Feeling too lauded for this",
      "annotations": {}
    },
    {
      "line": "And right now i get it off",
      "annotations": {}
    },
    {
      "line": "Wherever i’m seeing your face",
      "annotations": {}
    },
    {
      "line": "Who isn’t in my head",
      "annotations": {}
    },
    {
      "line": "",
      "annotations": {}
    },
    {
      "line": "[Verse 2]",
      "annotations": {
        "2": "Annotation for 2]",
        "Verse": "Annotation for [Verse"
      }
    },
    {
      "line": "Telling how with this over again",
      "annotations": {}
    },
    {
      "line": "I stall you a mile away",
      "annotations": {}
    },
    {
      "line": "Instead you need a field of faeries",
      "annotations": {}
    },
    {
      "line": "And i unct you there",
      "annotations": {}
    },
    {
      "line": "What could be mine",
      "annotations": {}
    },
    {
      "line": "Not couldn’t be mine",
      "annotations": {}
    },
    {
      "line": "How i fill the airway",
      "annotations": {}
    },
    {
      "line": "So written in stone",
      "annotations": {}
    },
    {
      "line": "That house i’m forever",
      "annotations": {}
    }
  ]
}