{
  "lyrics": [
    {
      "line": "[Verse 1]",
      "annotations": {
        "1": "Annotation for 1]",
        "Verse": "Annotation for [Verse"
      }
    },
    {
      "line": "She said she’ll find me",
      "annotations": {}
    },
    {
      "line": "When she talk to me in here",
      "annotations": {}
    },
    {
      "line": "I ask about the cards and the written prose",
      "annotations": {}
    },
    {
      "line": "She’ll find me not in this book",
      "annotations": {}
    },
    {
      "line": "She’ll find me",
      "annotations": {}
    },
    {
      "line": "Not on another song",
      "annotations": {}
    },
    {
      "line": "She’ll find me",
      "annotations": {}
    },
    {
      "line": "Not on my x",
      "annotations": {}
    },
    {
      "line": "She’ll find me",
      "annotations": {}
    },
    {
      "line": "Somewhere, when she’s exed up her head",
      "annotations": {}
    },
    {
      "line": "I think i know that line",
      "annotations": {}
    },
    {
      "line": "I think i know that time",
      "annotations": {}
    },
    {
      "line": "When we had our first hi",
      "annotations": {}
    },
    {
      "line": "",
      "annotations": {}
    },
    {
      "line": "[Verse 2]",
      "annotations": {
        "2": "Annotation for 2]",
        "Verse": "Annotation for [Verse"
      }
    },
    {
      "line": "She’ll be missing now",
      "annotations": {}
    },
    {
      "line": "Shape your wishing author",
      "annotations": {}
    },
    {
      "line": "Kites flowing over my bedroom",
      "annotations": {}
    },
    {
      "line": "The times havе changed",
      "annotations": {}
    },
    {
      "line": "I still can’t find what i left",
      "annotations": {}
    },
    {
      "line": "What is on therе",
      "annotations": {}
    },
    {
      "line": "Assail, i’ll move my things",
      "annotations": {}
    },
    {
      "line": "I fear that nothing comes up",
      "annotations": {}
    },
    {
      "line": "No, nah, no",
      "annotations": {}
    },
    {
      "line": "I fear that nothing is up",
      "annotations": {}
    },
    {
      "line": "Uh oh",
      "annotations": {}
    },
    {
      "line": "",
      "annotations": {}
    },
    {
      "line": "[Verse 3]",
      "annotations": {
        "3": "Annotation for 3]",
        "Verse": "Annotation for [Verse"
      }
    },
    {
      "line": "Wake me up,",
      "annotations": {}
    },
    {
      "line": "Wake me, you’re up",
      "annotations": {}
    },
    {
      "line": "Wake me up,",
      "annotations": {}
    },
    {
      "line": "Wake me, you’re up",
      "annotations": {}
    },
    {
      "line": "Wake me, you’re up",
      "annotations": {}
    },
    {
      "line": "",
      "annotations": {}
    },
    {
      "line": "[Outro]",
      "annotations": {
        "Outro": "Annotation for [Outro]"
      }
    },
    {
      "line": "Well, how you’ll find me",
      "annotations": {}
    },
    {
      "line": "Well, will you find me?",
      "annotations": {}
    }
  ]
}