{
  "lyrics": [
    {
      "line": "[Intro]",
      "annotations": {}
    },
    {
      "line": "Wait",
      "annotations": {}
    },
    {
      "line": "Fresh boy chilling",
      "annotations": {}
    },
    {
      "line": "How can she say it’s forever",
      "annotations": {}
    },
    {
      "line": "And still need a bunch of this",
      "annotations": {}
    },
    {
      "line": "",
      "annotations": {}
    },
    {
      "line": "[Verse 1]",
      "annotations": {}
    },
    {
      "line": "Fire",
      "annotations": {}
    },
    {
      "line": "I say there is fire",
      "annotations": {}
    },
    {
      "line": "No one is coming",
      "annotations": {}
    },
    {
      "line": "I say there is fire",
      "annotations": {}
    },
    {
      "line": "Fire in my loins",
      "annotations": {}
    },
    {
      "line": "Fire in my heart",
      "annotations": {}
    },
    {
      "line": "Fire in my loins",
      "annotations": {}
    },
    {
      "line": "I’ve got none",
      "annotations": {}
    },
    {
      "line": "No water",
      "annotations": {}
    },
    {
      "line": "Burning louder",
      "annotations": {}
    },
    {
      "line": "And now you make it",
      "annotations": {}
    },
    {
      "line": "Want it seem this dire in",
      "annotations": {}
    },
    {
      "line": "I’m getting away",
      "annotations": {}
    },
    {
      "line": "I don’t get in her way",
      "annotations": {}
    },
    {
      "line": "Cos it’s fire",
      "annotations": {}
    },
    {
      "line": "And it’s burning",
      "annotations": {}
    },
    {
      "line": "Down deny it",
      "annotations": {}
    },
    {
      "line": "How you want to give me here",
      "annotations": {}
    },
    {
      "line": "",
      "annotations": {}
    },
    {
      "line": "[Verse 2]",
      "annotations": {}
    },
    {
      "line": "And i love it when i see your face",
      "annotations": {}
    },
    {
      "line": "Taking a taste",
      "annotations": {}
    },
    {
      "line": "Just the big enough",
      "annotations": {}
    },
    {
      "line": "Hiding in the shadow of the lace",
      "annotations": {}
    },
    {
      "line": "These drugs you make me take",
      "annotations": {}
    },
    {
      "line": "Boy you ever gon feel the same",
      "annotations": {}
    },
    {
      "line": "Jouissance, and i’m all for it",
      "annotations": {}
    },
    {
      "line": "Going down",
      "annotations": {}
    },
    {
      "line": "Not on my appetite for your love",
      "annotations": {}
    },
    {
      "line": "Filling up every hole",
      "annotations": {}
    },
    {
      "line": "That’s making up for playing your board",
      "annotations": {}
    },
    {
      "line": "It’s all about that comes this wood",
      "annotations": {}
    },
    {
      "line": "And i’m hoping it’s true",
      "annotations": {}
    },
    {
      "line": "Cos it’s burning",
      "annotations": {}
    },
    {
      "line": "And this water in my heart",
      "annotations": {}
    },
    {
      "line": "It is not the water you know",
      "annotations": {}
    },
    {
      "line": "Just say that i’m dirty soul",
      "annotations": {}
    }
  ]
}