{
  "lyrics": [
    {
      "line": "[Chorus]",
      "annotations": {
        "Chorus": "Annotation for [Chorus]"
      }
    },
    {
      "line": "If i could i would",
      "annotations": {}
    },
    {
      "line": "Any time any day any place",
      "annotations": {}
    },
    {
      "line": "I’ll fall back over myself",
      "annotations": {}
    },
    {
      "line": "Wish i accord the first lines",
      "annotations": {}
    },
    {
      "line": "If i could i would",
      "annotations": {}
    },
    {
      "line": "Any time any day any place",
      "annotations": {}
    },
    {
      "line": "I’ll fall back over myself",
      "annotations": {}
    },
    {
      "line": "Wish i accord the first lines",
      "annotations": {}
    },
    {
      "line": "If i could i would",
      "annotations": {}
    },
    {
      "line": "",
      "annotations": {}
    },
    {
      "line": "[Verse 1]",
      "annotations": {
        "1": "Annotation for 1]",
        "Verse": "Annotation for [Verse"
      }
    },
    {
      "line": "I make mistakes",
      "annotations": {}
    },
    {
      "line": "Coming up showing the same face",
      "annotations": {}
    },
    {
      "line": "Asking like, too afraid",
      "annotations": {}
    },
    {
      "line": "Well i’m in too deep",
      "annotations": {}
    },
    {
      "line": "With my feelings acting too fit for it",
      "annotations": {}
    },
    {
      "line": "Waking up to the same emotions",
      "annotations": {}
    },
    {
      "line": "How i feel about you",
      "annotations": {}
    },
    {
      "line": "Acting up when i feel the rush",
      "annotations": {}
    },
    {
      "line": "I give a sob for the fiend",
      "annotations": {}
    },
    {
      "line": "I feel run to, too long now",
      "annotations": {}
    },
    {
      "line": "Get myself back",
      "annotations": {}
    },
    {
      "line": "",
      "annotations": {}
    },
    {
      "line": "[Outro]",
      "annotations": {
        "Outro": "Annotation for [Outro]"
      }
    },
    {
      "line": "Wish i accord the first lines",
      "annotations": {}
    },
    {
      "line": "If i could i would",
      "annotations": {}
    }
  ]
}