{
  "lyrics": [
    {
      "line": "[Intro]",
      "annotations": {
        "Intro": "Annotation for [Intro]"
      }
    },
    {
      "line": "Fresh boy chilling",
      "annotations": {}
    },
    {
      "line": "",
      "annotations": {}
    },
    {
      "line": "[Verse 1]",
      "annotations": {
        "1": "Annotation for 1]",
        "Verse": "Annotation for [Verse"
      }
    },
    {
      "line": "There are lots of pretty girls in here",
      "annotations": {}
    },
    {
      "line": "There is fragrance in the air",
      "annotations": {}
    },
    {
      "line": "I’m bidding my time",
      "annotations": {}
    },
    {
      "line": "And though i’m coming for a girl",
      "annotations": {}
    },
    {
      "line": "Crease in my lines",
      "annotations": {}
    },
    {
      "line": "(i need to write on this)",
      "annotations": {}
    },
    {
      "line": "Biggy, not afraid though",
      "annotations": {}
    },
    {
      "line": "Seeking, not a g y here",
      "annotations": {}
    },
    {
      "line": "How she tells me that",
      "annotations": {}
    },
    {
      "line": "She’ll never get my freight in",
      "annotations": {}
    },
    {
      "line": "I’m in her paper",
      "annotations": {}
    },
    {
      "line": "Likened to savers",
      "annotations": {}
    },
    {
      "line": "I get a car",
      "annotations": {}
    },
    {
      "line": "She tell me i’m not fair",
      "annotations": {}
    },
    {
      "line": "Told her, girl, that sh t is not fitting",
      "annotations": {}
    },
    {
      "line": "",
      "annotations": {}
    },
    {
      "line": "[Bridge]",
      "annotations": {
        "Bridge": "Annotation for [Bridge]"
      }
    },
    {
      "line": "And i her try",
      "annotations": {}
    },
    {
      "line": "Looking in my face",
      "annotations": {}
    },
    {
      "line": "In the f cking amount of time",
      "annotations": {}
    },
    {
      "line": "I try",
      "annotations": {}
    },
    {
      "line": "Saying everything i am",
      "annotations": {}
    },
    {
      "line": "I’m out hеre",
      "annotations": {}
    },
    {
      "line": "",
      "annotations": {}
    },
    {
      "line": "[Verse 2]",
      "annotations": {
        "2": "Annotation for 2]",
        "Verse": "Annotation for [Verse"
      }
    },
    {
      "line": "Motherf ckers wanna hold mе down",
      "annotations": {}
    },
    {
      "line": "Like it’s not time to be gourmet",
      "annotations": {}
    },
    {
      "line": "I don’t even know",
      "annotations": {}
    },
    {
      "line": "Ain’t no f ckers around",
      "annotations": {}
    },
    {
      "line": "That’s the darkest",
      "annotations": {}
    },
    {
      "line": "It’s me on the mic",
      "annotations": {}
    },
    {
      "line": "Cos i won’t let it b rule",
      "annotations": {}
    },
    {
      "line": "And i’m skipping on my words",
      "annotations": {}
    },
    {
      "line": "Like i’m skipping docks",
      "annotations": {}
    },
    {
      "line": "But n0body says his stocks ever got her",
      "annotations": {}
    },
    {
      "line": "I’m liking it",
      "annotations": {}
    },
    {
      "line": "Cos i gotta aim this shot",
      "annotations": {}
    },
    {
      "line": "Shots at the back of my mind",
      "annotations": {}
    },
    {
      "line": "Like door on menace",
      "annotations": {}
    },
    {
      "line": "Fin in up, cornmeals",
      "annotations": {}
    },
    {
      "line": "All i ever had are darts",
      "annotations": {}
    },
    {
      "line": "Come up higher, i say to myself",
      "annotations": {}
    },
    {
      "line": "Why, we’re grinding harder",
      "annotations": {}
    },
    {
      "line": "I’m looking at myself",
      "annotations": {}
    },
    {
      "line": "Fishing out mummed thoughts",
      "annotations": {}
    },
    {
      "line": "If they stay true",
      "annotations": {}
    },
    {
      "line": "They will resonate with me",
      "annotations": {}
    },
    {
      "line": "Ace in on my son",
      "annotations": {}
    },
    {
      "line": "A man who really cares",
      "annotations": {}
    },
    {
      "line": "For these thoughts, mum louder",
      "annotations": {}
    },
    {
      "line": "If i fail, that’s my dot to her",
      "annotations": {}
    },
    {
      "line": "If i rise, that’s my fish",
      "annotations": {}
    },
    {
      "line": "The whole haircut, know that’s my official",
      "annotations": {}
    },
    {
      "line": "(laughter)",
      "annotations": {}
    },
    {
      "line": "That’s my fish",
      "annotations": {}
    },
    {
      "line": "Yeah, that’s my fish",
      "annotations": {}
    },
    {
      "line": "If i ride, that’s my fish",
      "annotations": {}
    },
    {
      "line": "How i f cking go",
      "annotations": {}
    }
  ]
}