{
  "lyrics": [
    {
      "line": "[Intro]",
      "annotations": {
        "Intro": "Annotation for [Intro]"
      }
    },
    {
      "line": "Oh oh oh oh",
      "annotations": {}
    },
    {
      "line": "Yeah!",
      "annotations": {}
    },
    {
      "line": "",
      "annotations": {}
    },
    {
      "line": "[Chorus]",
      "annotations": {
        "Chorus": "Annotation for [Chorus]"
      }
    },
    {
      "line": "Trip stunt",
      "annotations": {}
    },
    {
      "line": "Real nut",
      "annotations": {}
    },
    {
      "line": "Waterloo",
      "annotations": {}
    },
    {
      "line": "Lolly gauge",
      "annotations": {}
    },
    {
      "line": "In my head",
      "annotations": {}
    },
    {
      "line": "Where it ends",
      "annotations": {}
    },
    {
      "line": "I’m never gone",
      "annotations": {}
    },
    {
      "line": "In the reeling",
      "annotations": {}
    },
    {
      "line": "My sorrows ends on the page",
      "annotations": {}
    },
    {
      "line": "No face for the sunny days",
      "annotations": {}
    },
    {
      "line": "",
      "annotations": {}
    },
    {
      "line": "[Verse i]",
      "annotations": {
        "Verse": "Annotation for [Verse",
        "i": "Annotation for i]"
      }
    },
    {
      "line": "I’ll be fine",
      "annotations": {}
    },
    {
      "line": "Never real, now i am",
      "annotations": {}
    },
    {
      "line": "And she’ll get this rhyme",
      "annotations": {}
    },
    {
      "line": "And it feels its all right",
      "annotations": {}
    },
    {
      "line": "When am here it’s all right",
      "annotations": {}
    },
    {
      "line": "When you’re near i feel all right",
      "annotations": {}
    },
    {
      "line": "I’ll be fine now",
      "annotations": {}
    },
    {
      "line": "Yeah, it is all right",
      "annotations": {}
    },
    {
      "line": "And no o o way that i am going back",
      "annotations": {}
    },
    {
      "line": "No way its dime",
      "annotations": {}
    },
    {
      "line": "",
      "annotations": {}
    },
    {
      "line": "[Chorus]",
      "annotations": {
        "Chorus": "Annotation for [Chorus]"
      }
    },
    {
      "line": "Trip stunt",
      "annotations": {}
    },
    {
      "line": "Real nut",
      "annotations": {}
    },
    {
      "line": "Waterloo",
      "annotations": {}
    },
    {
      "line": "Lolly gauge",
      "annotations": {}
    },
    {
      "line": "In my head",
      "annotations": {}
    },
    {
      "line": "Where it ends",
      "annotations": {}
    },
    {
      "line": "I’m nеver gone",
      "annotations": {}
    },
    {
      "line": "In the reeling",
      "annotations": {}
    },
    {
      "line": "My sorrows еnds on the page",
      "annotations": {}
    },
    {
      "line": "No face for the sunny days",
      "annotations": {}
    },
    {
      "line": "",
      "annotations": {}
    },
    {
      "line": "[Verse 2]",
      "annotations": {
        "2": "Annotation for 2]",
        "Verse": "Annotation for [Verse"
      }
    },
    {
      "line": "Beat it up",
      "annotations": {}
    },
    {
      "line": "Come save it off",
      "annotations": {}
    },
    {
      "line": "I’m feeling lorn",
      "annotations": {}
    },
    {
      "line": "Oh take away the lake",
      "annotations": {}
    },
    {
      "line": "It is soaking",
      "annotations": {}
    },
    {
      "line": "Take away my hater",
      "annotations": {}
    },
    {
      "line": "",
      "annotations": {}
    },
    {
      "line": "[Chorus]",
      "annotations": {
        "Chorus": "Annotation for [Chorus]"
      }
    },
    {
      "line": "Trip stunt",
      "annotations": {}
    },
    {
      "line": "Real nut",
      "annotations": {}
    },
    {
      "line": "Waterloo",
      "annotations": {}
    },
    {
      "line": "Lolly gauge",
      "annotations": {}
    },
    {
      "line": "In my head",
      "annotations": {}
    },
    {
      "line": "Where it ends",
      "annotations": {}
    },
    {
      "line": "I’m never gone",
      "annotations": {}
    },
    {
      "line": "In the reeling",
      "annotations": {}
    },
    {
      "line": "My sorrows ends on the page (my sorrows ends on the page)",
      "annotations": {}
    },
    {
      "line": "No face for the sunny days",
      "annotations": {}
    },
    {
      "line": "",
      "annotations": {}
    },
    {
      "line": "[Outro]",
      "annotations": {
        "Outro": "Annotation for [Outro]"
      }
    },
    {
      "line": "Let’s do this sh t bro",
      "annotations": {}
    },
    {
      "line": "Argh",
      "annotations": {}
    },
    {
      "line": "(laughter)",
      "annotations": {}
    },
    {
      "line": "La la la",
      "annotations": {}
    },
    {
      "line": "Yeah!",
      "annotations": {}
    },
    {
      "line": "It’s just some . .",
      "annotations": {}
    },
    {
      "line": "You know . .",
      "annotations": {}
    },
    {
      "line": "Heavenly cool . . . you know pace",
      "annotations": {}
    }
  ]
}