{
  "lyrics": [
    {
      "line": "[Intro]",
      "annotations": {
        "Intro": "Annotation for [Intro]"
      }
    },
    {
      "line": "Fresh boy chilling",
      "annotations": {}
    },
    {
      "line": "",
      "annotations": {}
    },
    {
      "line": "[Verse 1]",
      "annotations": {
        "1": "Annotation for 1]",
        "Verse": "Annotation for [Verse"
      }
    },
    {
      "line": "I see what you’re doing",
      "annotations": {}
    },
    {
      "line": "Trying to get me out",
      "annotations": {}
    },
    {
      "line": "Get me outside my comfort zone",
      "annotations": {}
    },
    {
      "line": "(my comfort zone)",
      "annotations": {}
    },
    {
      "line": "How have been pr ne",
      "annotations": {}
    },
    {
      "line": "Sure you throw a bone",
      "annotations": {}
    },
    {
      "line": "And i get another bone",
      "annotations": {}
    },
    {
      "line": "It’s a bonus",
      "annotations": {}
    },
    {
      "line": "I better stick with my honours",
      "annotations": {}
    },
    {
      "line": "Saying, i can hold back",
      "annotations": {}
    },
    {
      "line": "",
      "annotations": {}
    },
    {
      "line": "[Chorus]",
      "annotations": {
        "Chorus": "Annotation for [Chorus]"
      }
    },
    {
      "line": "Got my heart racing",
      "annotations": {}
    },
    {
      "line": "Saying i can’t resist",
      "annotations": {}
    },
    {
      "line": "Can i resist?",
      "annotations": {}
    },
    {
      "line": "Say that i’m not a fool for you",
      "annotations": {}
    },
    {
      "line": "Got my heart racing",
      "annotations": {}
    },
    {
      "line": "Saying that i can’t resist",
      "annotations": {}
    },
    {
      "line": "(i’m not ready)",
      "annotations": {}
    },
    {
      "line": "Oh",
      "annotations": {}
    },
    {
      "line": "Am i a fool for you?",
      "annotations": {}
    },
    {
      "line": "It’s a food for thought",
      "annotations": {}
    },
    {
      "line": "(fool for you)",
      "annotations": {}
    },
    {
      "line": "Am i better outside my comfort zone",
      "annotations": {}
    },
    {
      "line": "(such a fool for you)",
      "annotations": {}
    },
    {
      "line": "Such a fool for you",
      "annotations": {}
    },
    {
      "line": "(not the best in me, not the best in me)",
      "annotations": {}
    },
    {
      "line": "",
      "annotations": {}
    },
    {
      "line": "[Verse 2]",
      "annotations": {
        "2": "Annotation for 2]",
        "Verse": "Annotation for [Verse"
      }
    },
    {
      "line": "Waking up with a bad back",
      "annotations": {}
    },
    {
      "line": "Feeling like i got another",
      "annotations": {}
    },
    {
      "line": "Wack attempt of proving myself right",
      "annotations": {}
    },
    {
      "line": "If i hit it in the back twice tonight",
      "annotations": {}
    },
    {
      "line": "I might feel like i got a lap coverеd",
      "annotations": {}
    },
    {
      "line": "But that don’t beat on you",
      "annotations": {}
    },
    {
      "line": "Don’t beat on you no",
      "annotations": {}
    },
    {
      "line": "",
      "annotations": {}
    },
    {
      "line": "[Chorus]",
      "annotations": {
        "Chorus": "Annotation for [Chorus]"
      }
    },
    {
      "line": "Got my heart racing",
      "annotations": {}
    },
    {
      "line": "Saying i can’t rеsist",
      "annotations": {}
    },
    {
      "line": "Can i resist?",
      "annotations": {}
    },
    {
      "line": "Say that i’m not a fool for you",
      "annotations": {}
    },
    {
      "line": "Got my heart racing",
      "annotations": {}
    },
    {
      "line": "Saying that i can’t resist",
      "annotations": {}
    },
    {
      "line": "(i’m not ready)",
      "annotations": {}
    },
    {
      "line": "Oh",
      "annotations": {}
    },
    {
      "line": "Am i a fool for you?",
      "annotations": {}
    },
    {
      "line": "It’s a food for thought",
      "annotations": {}
    },
    {
      "line": "(fool for you)",
      "annotations": {}
    },
    {
      "line": "Am i better outside my comfort zone",
      "annotations": {}
    },
    {
      "line": "(such a fool for you)",
      "annotations": {}
    },
    {
      "line": "Such a fool for you",
      "annotations": {}
    },
    {
      "line": "(not the best in me, not the best in me)",
      "annotations": {}
    },
    {
      "line": "",
      "annotations": {}
    },
    {
      "line": "[Outro]",
      "annotations": {
        "Outro": "Annotation for [Outro]"
      }
    },
    {
      "line": "Waking up with a bad back",
      "annotations": {}
    },
    {
      "line": "Waking up with a bad back",
      "annotations": {}
    },
    {
      "line": "Feeling like i got another",
      "annotations": {}
    },
    {
      "line": "Wack attempt of proving myself right",
      "annotations": {}
    }
  ]
}