{
  "lyrics": [
    {
      "line": "[Intro]",
      "annotations": {}
    },
    {
      "line": "How we started from the best",
      "annotations": {}
    },
    {
      "line": "Had me feeling it would last forever",
      "annotations": {}
    },
    {
      "line": "What if my airbag",
      "annotations": {}
    },
    {
      "line": "Got the thought",
      "annotations": {}
    },
    {
      "line": "This stick was the answer",
      "annotations": {}
    },
    {
      "line": "",
      "annotations": {}
    },
    {
      "line": "[Verse 1]",
      "annotations": {}
    },
    {
      "line": "I don’t want her sake about it",
      "annotations": {}
    },
    {
      "line": "I don’t wanna call your stream tomorrow",
      "annotations": {}
    },
    {
      "line": "I don’t wanna say goodbye",
      "annotations": {}
    },
    {
      "line": "I don’t wanna call you stray tomorrow",
      "annotations": {}
    },
    {
      "line": "Down, i’m back with my backpack",
      "annotations": {}
    },
    {
      "line": "You’re not sober to it though",
      "annotations": {}
    },
    {
      "line": "In the con, i am gone",
      "annotations": {}
    },
    {
      "line": "One law, all day, i want this",
      "annotations": {}
    },
    {
      "line": "Ah!",
      "annotations": {}
    },
    {
      "line": "One flaw",
      "annotations": {}
    },
    {
      "line": "Is it alright i want this",
      "annotations": {}
    },
    {
      "line": "I want this sin on mile",
      "annotations": {}
    },
    {
      "line": "Out of clothes",
      "annotations": {}
    },
    {
      "line": "Oh, you’re erotic",
      "annotations": {}
    },
    {
      "line": "Feeling like these words",
      "annotations": {}
    },
    {
      "line": "Hold all of your answer",
      "annotations": {}
    },
    {
      "line": "Hold me, your answer",
      "annotations": {}
    },
    {
      "line": "Got me stuck",
      "annotations": {}
    },
    {
      "line": "Come and position your classes",
      "annotations": {}
    },
    {
      "line": "I’m so caught up in all the passes",
      "annotations": {}
    },
    {
      "line": "I’m not sure if i can buy this",
      "annotations": {}
    },
    {
      "line": "I’m out here in a shelter",
      "annotations": {}
    },
    {
      "line": "Thenar the addict",
      "annotations": {}
    },
    {
      "line": "",
      "annotations": {}
    },
    {
      "line": "[Verse 2]",
      "annotations": {}
    },
    {
      "line": "How we started from you lying on me",
      "annotations": {}
    },
    {
      "line": "What’s the . . . your answer",
      "annotations": {}
    },
    {
      "line": "How you tame my ken",
      "annotations": {}
    },
    {
      "line": "Got me feeling like who is diablo",
      "annotations": {}
    },
    {
      "line": "(she’s only a guardian)",
      "annotations": {}
    },
    {
      "line": "How you got me feeling like",
      "annotations": {}
    },
    {
      "line": "Now i’m about estranged up",
      "annotations": {}
    },
    {
      "line": "No more nice hoe",
      "annotations": {}
    },
    {
      "line": "Halley your answer",
      "annotations": {}
    },
    {
      "line": "You have me feeling like",
      "annotations": {}
    },
    {
      "line": "Let’s be your answer",
      "annotations": {}
    },
    {
      "line": "Sometimes i feel it",
      "annotations": {}
    },
    {
      "line": "That’s it, your answer",
      "annotations": {}
    },
    {
      "line": "Call me, i hope you dial",
      "annotations": {}
    },
    {
      "line": "If you don’t call",
      "annotations": {}
    },
    {
      "line": "Then you are over",
      "annotations": {}
    },
    {
      "line": "Sorry, if i think",
      "annotations": {}
    },
    {
      "line": "You’re a broke ass sober",
      "annotations": {}
    },
    {
      "line": "If you love me",
      "annotations": {}
    },
    {
      "line": "Then you will take a bag",
      "annotations": {}
    },
    {
      "line": "I’m clambering what you’re unto",
      "annotations": {}
    },
    {
      "line": "",
      "annotations": {}
    },
    {
      "line": "[Verse 3]",
      "annotations": {}
    },
    {
      "line": "I love it",
      "annotations": {}
    },
    {
      "line": "I love it",
      "annotations": {}
    },
    {
      "line": "I’ll call this tea",
      "annotations": {}
    },
    {
      "line": "It is never in need girl",
      "annotations": {}
    },
    {
      "line": "When i’m with you",
      "annotations": {}
    },
    {
      "line": "It is unreal",
      "annotations": {}
    },
    {
      "line": "It is never in need girl",
      "annotations": {}
    },
    {
      "line": "When i’m with you",
      "annotations": {}
    },
    {
      "line": "We sound euro",
      "annotations": {}
    },
    {
      "line": "Beautiful",
      "annotations": {}
    },
    {
      "line": "If i had a levant",
      "annotations": {}
    },
    {
      "line": "I know i am here the evil",
      "annotations": {}
    },
    {
      "line": "Made decisions",
      "annotations": {}
    },
    {
      "line": "Now i can’t get through the heliox",
      "annotations": {}
    },
    {
      "line": "All these preachers",
      "annotations": {}
    },
    {
      "line": "All these vigils",
      "annotations": {}
    },
    {
      "line": "Hold the lamp and touch your hair",
      "annotations": {}
    },
    {
      "line": "I like the image",
      "annotations": {}
    },
    {
      "line": "Never tapping even though",
      "annotations": {}
    },
    {
      "line": "We had a lunch toy",
      "annotations": {}
    },
    {
      "line": "How you got it to me",
      "annotations": {}
    },
    {
      "line": "Leave the ceiling on",
      "annotations": {}
    },
    {
      "line": "You know now this feeling",
      "annotations": {}
    },
    {
      "line": "It is forever",
      "annotations": {}
    },
    {
      "line": "How you had me from the start",
      "annotations": {}
    },
    {
      "line": "Had me feeling",
      "annotations": {}
    },
    {
      "line": "Who is he . . . the . . . your answer",
      "annotations": {}
    },
    {
      "line": "How you tame my heart",
      "annotations": {}
    },
    {
      "line": "Had me feeling like this is the end",
      "annotations": {}
    },
    {
      "line": "",
      "annotations": {}
    },
    {
      "line": "[Outro]",
      "annotations": {}
    },
    {
      "line": "I like to tame the heart",
      "annotations": {}
    },
    {
      "line": "I want to work with some of that bane",
      "annotations": {}
    },
    {
      "line": "I like you",
      "annotations": {}
    },
    {
      "line": "So we can see if we love",
      "annotations": {}
    },
    {
      "line": "You k!lled that shame, you",
      "annotations": {}
    }
  ]
}