{
  "lyrics": [
    {
      "line": "[Intro]",
      "annotations": {
        "Intro": "Annotation for [Intro]"
      }
    },
    {
      "line": "Yup!",
      "annotations": {}
    },
    {
      "line": "Come on",
      "annotations": {}
    },
    {
      "line": "It is the boy with the magic",
      "annotations": {}
    },
    {
      "line": "And she knows i am happening",
      "annotations": {}
    },
    {
      "line": "It is the boy with the magic",
      "annotations": {}
    },
    {
      "line": "And she knows i am happening",
      "annotations": {}
    },
    {
      "line": "",
      "annotations": {}
    },
    {
      "line": "[Verse 1]",
      "annotations": {
        "1": "Annotation for 1]",
        "Verse": "Annotation for [Verse"
      }
    },
    {
      "line": "Tulip, tulip",
      "annotations": {}
    },
    {
      "line": "Had another girl",
      "annotations": {}
    },
    {
      "line": "She was feeling like she had me",
      "annotations": {}
    },
    {
      "line": "Phillip, phillip, phillip",
      "annotations": {}
    },
    {
      "line": "A kiddy and the mamma",
      "annotations": {}
    },
    {
      "line": "And i took another shirt",
      "annotations": {}
    },
    {
      "line": "And i’m",
      "annotations": {}
    },
    {
      "line": "Within",
      "annotations": {}
    },
    {
      "line": "With it",
      "annotations": {}
    },
    {
      "line": "Read it",
      "annotations": {}
    },
    {
      "line": "Others on the hands and my face",
      "annotations": {}
    },
    {
      "line": "They can’t even",
      "annotations": {}
    },
    {
      "line": "Hit it",
      "annotations": {}
    },
    {
      "line": "Heed it",
      "annotations": {}
    },
    {
      "line": "Hidden",
      "annotations": {}
    },
    {
      "line": "She knows that i’m a mush here",
      "annotations": {}
    },
    {
      "line": "Buck in",
      "annotations": {}
    },
    {
      "line": "Back in here",
      "annotations": {}
    },
    {
      "line": "Back in, a buyer",
      "annotations": {}
    },
    {
      "line": "Theo, i am here",
      "annotations": {}
    },
    {
      "line": "Back in here",
      "annotations": {}
    },
    {
      "line": "Back in here",
      "annotations": {}
    },
    {
      "line": "A buck in",
      "annotations": {}
    },
    {
      "line": "Back in here",
      "annotations": {}
    },
    {
      "line": "Two mil",
      "annotations": {}
    },
    {
      "line": "I ‘on’t",
      "annotations": {}
    },
    {
      "line": "I ‘on’t really get it",
      "annotations": {}
    },
    {
      "line": "This style you avert",
      "annotations": {}
    },
    {
      "line": "Alright",
      "annotations": {}
    },
    {
      "line": "Hey!",
      "annotations": {}
    },
    {
      "line": "Mine",
      "annotations": {}
    },
    {
      "line": "If they said they read it",
      "annotations": {}
    },
    {
      "line": "Minus",
      "annotations": {}
    },
    {
      "line": "He didn’t read it",
      "annotations": {}
    },
    {
      "line": "Ask if he did read it",
      "annotations": {}
    },
    {
      "line": "Oh oh",
      "annotations": {}
    },
    {
      "line": "Minus if you never read it",
      "annotations": {}
    },
    {
      "line": "Cos you never read it",
      "annotations": {}
    },
    {
      "line": "She never",
      "annotations": {}
    },
    {
      "line": "Never will read it",
      "annotations": {}
    },
    {
      "line": "Oh why?",
      "annotations": {}
    },
    {
      "line": "Minus if you never read it",
      "annotations": {}
    },
    {
      "line": "If you never read it",
      "annotations": {}
    },
    {
      "line": "If you never read it",
      "annotations": {}
    },
    {
      "line": "How?",
      "annotations": {}
    },
    {
      "line": "Minus if you never read it",
      "annotations": {}
    },
    {
      "line": "If you never read it",
      "annotations": {}
    },
    {
      "line": "If you never read it",
      "annotations": {}
    },
    {
      "line": "Oh!",
      "annotations": {}
    }
  ]
}