{
  "lyrics": [
    {
      "line": "[ intro ]",
      "annotations": {
        "": "Annotation for ]"
      }
    },
    {
      "line": "I can’t hear them",
      "annotations": {}
    },
    {
      "line": "I can",
      "annotations": {}
    },
    {
      "line": "Lose a girl",
      "annotations": {}
    },
    {
      "line": "On my watch",
      "annotations": {}
    },
    {
      "line": "It’s her . . . probably a way out",
      "annotations": {}
    },
    {
      "line": "Pulling on my strings",
      "annotations": {}
    },
    {
      "line": "I call a lease out",
      "annotations": {}
    },
    {
      "line": "Me and my mind",
      "annotations": {}
    },
    {
      "line": "We’re on our way out",
      "annotations": {}
    },
    {
      "line": "",
      "annotations": {}
    },
    {
      "line": "[Verse 1]",
      "annotations": {
        "1": "Annotation for 1]",
        "Verse": "Annotation for [Verse"
      }
    },
    {
      "line": "Hurdling lest it cut suddenly",
      "annotations": {}
    },
    {
      "line": "I spit mandarin inure acrophonic",
      "annotations": {}
    },
    {
      "line": "Missing like it’s pleasure",
      "annotations": {}
    },
    {
      "line": "I’m twisted with this torture",
      "annotations": {}
    },
    {
      "line": "Me and anne listen",
      "annotations": {}
    },
    {
      "line": "Shinto breathing on ma manteau",
      "annotations": {}
    },
    {
      "line": "Darker thoughts than biretta",
      "annotations": {}
    },
    {
      "line": "Polished shoes for december",
      "annotations": {}
    },
    {
      "line": "This is genitalia all out",
      "annotations": {}
    },
    {
      "line": "Fingering for some clout",
      "annotations": {}
    },
    {
      "line": "Scrawny hunk on some cash",
      "annotations": {}
    },
    {
      "line": "D mn, am far out",
      "annotations": {}
    },
    {
      "line": "Oa, life after life",
      "annotations": {}
    },
    {
      "line": "Writ large, soi disant",
      "annotations": {}
    },
    {
      "line": "(muckamuck)",
      "annotations": {}
    },
    {
      "line": "Botched up brain",
      "annotations": {}
    },
    {
      "line": "Had it away",
      "annotations": {}
    },
    {
      "line": "Weed through lungs",
      "annotations": {}
    },
    {
      "line": "Taper off",
      "annotations": {}
    },
    {
      "line": "Bleeding heart",
      "annotations": {}
    },
    {
      "line": "Shot it away",
      "annotations": {}
    },
    {
      "line": "What is love",
      "annotations": {}
    },
    {
      "line": "What is love",
      "annotations": {}
    },
    {
      "line": "Had to ask twicе",
      "annotations": {}
    },
    {
      "line": "Hit that girl no shelf price",
      "annotations": {}
    },
    {
      "line": "I was like what’s that",
      "annotations": {}
    },
    {
      "line": "",
      "annotations": {}
    },
    {
      "line": "[Bridge]",
      "annotations": {
        "Bridge": "Annotation for [Bridge]"
      }
    },
    {
      "line": "Somеthing’s not right in my cup",
      "annotations": {}
    },
    {
      "line": "I don’t feel right",
      "annotations": {}
    },
    {
      "line": "All my odds haughty, haughty, yo",
      "annotations": {}
    },
    {
      "line": "My girl’s lost",
      "annotations": {}
    },
    {
      "line": "Oh",
      "annotations": {}
    },
    {
      "line": "Yeah you lost oh",
      "annotations": {}
    },
    {
      "line": "That she lost oh",
      "annotations": {}
    },
    {
      "line": "Yeah you lost oh",
      "annotations": {}
    },
    {
      "line": "Yes she lost oh",
      "annotations": {}
    },
    {
      "line": "Yeah you lost oh",
      "annotations": {}
    },
    {
      "line": "That she lost oh",
      "annotations": {}
    },
    {
      "line": "Yeah you lost oh",
      "annotations": {}
    },
    {
      "line": "That she lost oh",
      "annotations": {}
    },
    {
      "line": "",
      "annotations": {}
    },
    {
      "line": "[Chorus]",
      "annotations": {
        "Chorus": "Annotation for [Chorus]"
      }
    },
    {
      "line": "Feels likes i can’t get my dance right",
      "annotations": {}
    },
    {
      "line": "Capricious ass on a night out",
      "annotations": {}
    },
    {
      "line": "Adze set to the shards of my past life",
      "annotations": {}
    },
    {
      "line": "Feels like i can’t get my dance right",
      "annotations": {}
    },
    {
      "line": "Capricious ass on a night out",
      "annotations": {}
    },
    {
      "line": "Adze set to the shards of my past life",
      "annotations": {}
    },
    {
      "line": "",
      "annotations": {}
    },
    {
      "line": "[Outro]",
      "annotations": {
        "Outro": "Annotation for [Outro]"
      }
    },
    {
      "line": "Hold up!",
      "annotations": {}
    },
    {
      "line": "Woke up feeling like a dilly handed with milli",
      "annotations": {}
    },
    {
      "line": "Expensive by her sash",
      "annotations": {}
    },
    {
      "line": "Why you blame it on the",
      "annotations": {}
    },
    {
      "line": "",
      "annotations": {}
    },
    {
      "line": "[?]",
      "annotations": {
        "?": "Annotation for [?]"
      }
    }
  ]
}