{
  "lyrics": [
    {
      "line": "[Intro]",
      "annotations": {}
    },
    {
      "line": "Tell me now",
      "annotations": {}
    },
    {
      "line": "How do we go about this",
      "annotations": {}
    },
    {
      "line": "",
      "annotations": {}
    },
    {
      "line": "[Verse 1]",
      "annotations": {}
    },
    {
      "line": "Sometimes i find",
      "annotations": {}
    },
    {
      "line": "Sometimes i don’t give a f ck",
      "annotations": {}
    },
    {
      "line": "Sometimes it feels like the last",
      "annotations": {}
    },
    {
      "line": "Was the our side of the pastime",
      "annotations": {}
    },
    {
      "line": "And i’m feeling like i got it on a hang",
      "annotations": {}
    },
    {
      "line": "And i’m caught in my other self",
      "annotations": {}
    },
    {
      "line": "These things don’t work out",
      "annotations": {}
    },
    {
      "line": "These things don’t tear me no more",
      "annotations": {}
    },
    {
      "line": "And i know i gotta let it go",
      "annotations": {}
    },
    {
      "line": "If i wanna take control",
      "annotations": {}
    },
    {
      "line": "",
      "annotations": {}
    },
    {
      "line": "[Chorus]",
      "annotations": {}
    },
    {
      "line": "Do i get it out",
      "annotations": {}
    },
    {
      "line": "Do i get it out",
      "annotations": {}
    },
    {
      "line": "Am i more than what i hope for",
      "annotations": {}
    },
    {
      "line": "Do i get it out",
      "annotations": {}
    },
    {
      "line": "Do i get it out",
      "annotations": {}
    },
    {
      "line": "Am i more than what i hope for",
      "annotations": {}
    },
    {
      "line": "",
      "annotations": {}
    },
    {
      "line": "[Verse 2]",
      "annotations": {}
    },
    {
      "line": "Time passes and i don’t give a f ck",
      "annotations": {}
    },
    {
      "line": "I’m on my job like i’m tryna get herе subbed",
      "annotations": {}
    },
    {
      "line": "No bothers?",
      "annotations": {}
    },
    {
      "line": "No it borders it all",
      "annotations": {}
    },
    {
      "line": "No wondеr it’s just me and my luck",
      "annotations": {}
    },
    {
      "line": "Oh am i her dark cry",
      "annotations": {}
    },
    {
      "line": "I’m a dog cry",
      "annotations": {}
    },
    {
      "line": "Do i ever say: here on dodge",
      "annotations": {}
    },
    {
      "line": "The reasons of my past",
      "annotations": {}
    },
    {
      "line": "",
      "annotations": {}
    },
    {
      "line": "[Outro]",
      "annotations": {}
    },
    {
      "line": "Something like that you know",
      "annotations": {}
    },
    {
      "line": "I like",
      "annotations": {}
    }
  ]
}