{
  "lyrics": [
    {
      "line": "[Intro]",
      "annotations": {}
    },
    {
      "line": "Oh you got pain",
      "annotations": {}
    },
    {
      "line": "Beautiful meme",
      "annotations": {}
    },
    {
      "line": "Black final glass",
      "annotations": {}
    },
    {
      "line": "You are the way",
      "annotations": {}
    },
    {
      "line": "You always were",
      "annotations": {}
    },
    {
      "line": "You make your cool gains",
      "annotations": {}
    },
    {
      "line": "",
      "annotations": {}
    },
    {
      "line": "[Chorus]",
      "annotations": {}
    },
    {
      "line": "She says get that education",
      "annotations": {}
    },
    {
      "line": "‘fore it snows me",
      "annotations": {}
    },
    {
      "line": "How many bars till it gets real",
      "annotations": {}
    },
    {
      "line": "Demystifying the realising",
      "annotations": {}
    },
    {
      "line": "She says spats in place",
      "annotations": {}
    },
    {
      "line": "Cards on face",
      "annotations": {}
    },
    {
      "line": "Call a date",
      "annotations": {}
    },
    {
      "line": "",
      "annotations": {}
    },
    {
      "line": "[Verse 1]",
      "annotations": {}
    },
    {
      "line": "Warts and all on balance",
      "annotations": {}
    },
    {
      "line": "Paul done dead relatives",
      "annotations": {}
    },
    {
      "line": "Cacophony can’t sit on this",
      "annotations": {}
    },
    {
      "line": "I’ll refute it",
      "annotations": {}
    },
    {
      "line": "Bon sens opportune it",
      "annotations": {}
    },
    {
      "line": "Time mimesis",
      "annotations": {}
    },
    {
      "line": "Like you and i",
      "annotations": {}
    },
    {
      "line": "Just wailing",
      "annotations": {}
    },
    {
      "line": "Beat a barf",
      "annotations": {}
    },
    {
      "line": "Hit the dash",
      "annotations": {}
    },
    {
      "line": "In the mine",
      "annotations": {}
    },
    {
      "line": "Fallow the line",
      "annotations": {}
    },
    {
      "line": "Be the man",
      "annotations": {}
    },
    {
      "line": "Lakе with a dan",
      "annotations": {}
    },
    {
      "line": "Hunches, me and mine",
      "annotations": {}
    },
    {
      "line": "Just mе and my train",
      "annotations": {}
    },
    {
      "line": "All week",
      "annotations": {}
    },
    {
      "line": "Falling, dwelling, whirling",
      "annotations": {}
    },
    {
      "line": "Broad in",
      "annotations": {}
    },
    {
      "line": "You know i am back where your loving",
      "annotations": {}
    },
    {
      "line": "You know i am back with the love in",
      "annotations": {}
    },
    {
      "line": "You know i am back with the loving",
      "annotations": {}
    },
    {
      "line": "And i never go",
      "annotations": {}
    },
    {
      "line": "Any goal on it",
      "annotations": {}
    },
    {
      "line": "I’m full on then",
      "annotations": {}
    },
    {
      "line": "She in the bed",
      "annotations": {}
    },
    {
      "line": "Silver lane",
      "annotations": {}
    }
  ]
}