{
  "lyrics": [
    {
      "line": "[Intro]",
      "annotations": {
        "Intro": "Annotation for [Intro]"
      }
    },
    {
      "line": "Pooh, you’re on your own",
      "annotations": {}
    },
    {
      "line": "How it goes, how it switches",
      "annotations": {}
    },
    {
      "line": "(your home is in europe.)",
      "annotations": {}
    },
    {
      "line": "My heart feels different",
      "annotations": {}
    },
    {
      "line": "I’m growing",
      "annotations": {}
    },
    {
      "line": "Oh well, one day i’ll be what i wanna be",
      "annotations": {}
    },
    {
      "line": "Right next to you is where i wanna be",
      "annotations": {}
    },
    {
      "line": "",
      "annotations": {}
    },
    {
      "line": "[Verse 1]",
      "annotations": {
        "1": "Annotation for 1]",
        "Verse": "Annotation for [Verse"
      }
    },
    {
      "line": "I’on’t really know",
      "annotations": {}
    },
    {
      "line": "Would it ever go wrong",
      "annotations": {}
    },
    {
      "line": "Maybe i feel that i’m your lil born",
      "annotations": {}
    },
    {
      "line": "A lie, our real bond, our real bond",
      "annotations": {}
    },
    {
      "line": "I’m born again",
      "annotations": {}
    },
    {
      "line": "H ll, but in my head, i don’t feel the same",
      "annotations": {}
    },
    {
      "line": "When you’re next to me, i don’t feel the same",
      "annotations": {}
    },
    {
      "line": "As the words don’t ever feel the same",
      "annotations": {}
    },
    {
      "line": "Feel the same, i’m in my brain and i feel sane",
      "annotations": {}
    },
    {
      "line": "I’m right herе, what you wanna do",
      "annotations": {}
    },
    {
      "line": "We can stay here, what you wanna say",
      "annotations": {}
    },
    {
      "line": "Wе could say yeah",
      "annotations": {}
    },
    {
      "line": "So we are happy, you happy fool",
      "annotations": {}
    },
    {
      "line": "I ‘on’t really give a f ck though",
      "annotations": {}
    },
    {
      "line": "I’m feeling like it’s enough though",
      "annotations": {}
    },
    {
      "line": "What they say, i ‘on’t really get it though",
      "annotations": {}
    },
    {
      "line": "Like oh oh",
      "annotations": {}
    },
    {
      "line": "It feels really quiet",
      "annotations": {}
    },
    {
      "line": "And my heart’s not, and my thoughts",
      "annotations": {}
    },
    {
      "line": "So over the place",
      "annotations": {}
    },
    {
      "line": "Make the ville so loud",
      "annotations": {}
    },
    {
      "line": "Would you get me out",
      "annotations": {}
    },
    {
      "line": "Talk to me",
      "annotations": {}
    },
    {
      "line": "I ‘on’t really know",
      "annotations": {}
    },
    {
      "line": "I don’t know the difference",
      "annotations": {}
    },
    {
      "line": "Would you get me out",
      "annotations": {}
    },
    {
      "line": "Talk to me",
      "annotations": {}
    },
    {
      "line": "I ‘on’t really know",
      "annotations": {}
    },
    {
      "line": "The godd mn difference",
      "annotations": {}
    },
    {
      "line": "Mine, i feel it’s mine",
      "annotations": {}
    },
    {
      "line": "Why they take it all the time",
      "annotations": {}
    },
    {
      "line": "",
      "annotations": {}
    },
    {
      "line": "[Verse 2]",
      "annotations": {
        "2": "Annotation for 2]",
        "Verse": "Annotation for [Verse"
      }
    },
    {
      "line": "I ‘on’t wanna feel like i’m out here whining",
      "annotations": {}
    },
    {
      "line": "I just feel i should be out there grinding",
      "annotations": {}
    },
    {
      "line": "Something like sipping my fair drink of trying",
      "annotations": {}
    },
    {
      "line": "To keep my cool when i’m smiling",
      "annotations": {}
    },
    {
      "line": "Yes she knows that i’m fine",
      "annotations": {}
    },
    {
      "line": "I’m one to bite in",
      "annotations": {}
    },
    {
      "line": "On that thing that she knows is really crying loud",
      "annotations": {}
    },
    {
      "line": "What you did to me",
      "annotations": {}
    },
    {
      "line": "You received the d mn pin",
      "annotations": {}
    },
    {
      "line": "I ‘on’t really know",
      "annotations": {}
    },
    {
      "line": "I just feel like i’m in a d mn pit",
      "annotations": {}
    },
    {
      "line": "There is no devil in here",
      "annotations": {}
    },
    {
      "line": "Just me, just me",
      "annotations": {}
    },
    {
      "line": "And i feel like i’m half evil",
      "annotations": {}
    },
    {
      "line": "And it is no light on",
      "annotations": {}
    },
    {
      "line": "And the dark is coming",
      "annotations": {}
    },
    {
      "line": "I just know that you will be coming",
      "annotations": {}
    },
    {
      "line": "And it makes me feel so good",
      "annotations": {}
    },
    {
      "line": "Lucky, i feel so good",
      "annotations": {}
    },
    {
      "line": "Even when i’m down",
      "annotations": {}
    },
    {
      "line": "I feel good",
      "annotations": {}
    },
    {
      "line": "I just gotta take my mind off and think of you",
      "annotations": {}
    },
    {
      "line": "Was it hard? hard, making songs for you",
      "annotations": {}
    },
    {
      "line": "I ‘on’t really know, maybe when i feel it is good",
      "annotations": {}
    },
    {
      "line": "Half done, in my head like i’m tryna work her legal",
      "annotations": {}
    },
    {
      "line": "It is the chock , oh it’s chock, d mn obstructing every time",
      "annotations": {}
    },
    {
      "line": "Trust issues, ah",
      "annotations": {}
    },
    {
      "line": "Made the jump, make you feel like you’ve got pictures",
      "annotations": {}
    },
    {
      "line": "Of being my better self, being my better self, yeah",
      "annotations": {}
    },
    {
      "line": "I’ma be my better self",
      "annotations": {}
    },
    {
      "line": "Headed to take a jump, so what i won",
      "annotations": {}
    },
    {
      "line": "Yeah, i’ma be my better self",
      "annotations": {}
    },
    {
      "line": "Sober for years, like he’s that god of clean",
      "annotations": {}
    },
    {
      "line": "Yeah, i think so",
      "annotations": {}
    },
    {
      "line": "It should be",
      "annotations": {}
    }
  ]
}