{
  "lyrics": [
    {
      "line": "[Intro]",
      "annotations": {}
    },
    {
      "line": "I just woke up",
      "annotations": {}
    },
    {
      "line": "Sounding like a pro prop",
      "annotations": {}
    },
    {
      "line": "I just woke up",
      "annotations": {}
    },
    {
      "line": "Sounding like a old prop",
      "annotations": {}
    },
    {
      "line": "I’m a kid with a cosh",
      "annotations": {}
    },
    {
      "line": "So i’m a fascist",
      "annotations": {}
    },
    {
      "line": "I ‘on’t take no f cking call",
      "annotations": {}
    },
    {
      "line": "I just take my own for we’re lovers",
      "annotations": {}
    },
    {
      "line": "",
      "annotations": {}
    },
    {
      "line": "[Verse 1]",
      "annotations": {}
    },
    {
      "line": "Paying, paying",
      "annotations": {}
    },
    {
      "line": "I’m paying whatever your ounce",
      "annotations": {}
    },
    {
      "line": "She never wanted a front star",
      "annotations": {}
    },
    {
      "line": "She only wanted what i could serve",
      "annotations": {}
    },
    {
      "line": "They never wanted it from the start",
      "annotations": {}
    },
    {
      "line": "Now i’m back in the north",
      "annotations": {}
    },
    {
      "line": "And i can’t tell my weight on the rope",
      "annotations": {}
    },
    {
      "line": "And i’m feeling tao",
      "annotations": {}
    },
    {
      "line": "Weigh every word i f cking spat",
      "annotations": {}
    },
    {
      "line": "Cos i’m lucky, loco",
      "annotations": {}
    },
    {
      "line": "Lock her with the f cking tricks",
      "annotations": {}
    },
    {
      "line": "And i’m weak, but i ain’t the no weaker treat",
      "annotations": {}
    },
    {
      "line": "But i got the wicker witch",
      "annotations": {}
    },
    {
      "line": "I’ma just put it and",
      "annotations": {}
    },
    {
      "line": "Lеt the f cking acorns fall out to the basket",
      "annotations": {}
    },
    {
      "line": "Evеrything i ever had",
      "annotations": {}
    },
    {
      "line": "Put it on the pantaloon",
      "annotations": {}
    },
    {
      "line": "Chilling on the helm",
      "annotations": {}
    },
    {
      "line": "Make me look like",
      "annotations": {}
    },
    {
      "line": "I’m still reeling on the fodder",
      "annotations": {}
    },
    {
      "line": "This sh t that i had",
      "annotations": {}
    },
    {
      "line": "When i was quick",
      "annotations": {}
    },
    {
      "line": "Ill quirky, creaking on the bee",
      "annotations": {}
    },
    {
      "line": "Yeah, i do it like that",
      "annotations": {}
    },
    {
      "line": "Uh oh i should have said n gga",
      "annotations": {}
    },
    {
      "line": "(scoffing)",
      "annotations": {}
    },
    {
      "line": "Spit this boy",
      "annotations": {}
    },
    {
      "line": "Ow!",
      "annotations": {}
    },
    {
      "line": "Like, look at my face",
      "annotations": {}
    },
    {
      "line": "I can tell what the time is",
      "annotations": {}
    },
    {
      "line": "Tis, tis, tis",
      "annotations": {}
    },
    {
      "line": "All i know is",
      "annotations": {}
    },
    {
      "line": "Tis, tis, tis, tis, tis, tis",
      "annotations": {}
    },
    {
      "line": "Hey, you’re sleeping",
      "annotations": {}
    },
    {
      "line": "",
      "annotations": {}
    },
    {
      "line": "[Verse 2]",
      "annotations": {}
    },
    {
      "line": "I stay with the gold pack",
      "annotations": {}
    },
    {
      "line": "Uh!",
      "annotations": {}
    },
    {
      "line": "My bob in a good wag",
      "annotations": {}
    },
    {
      "line": "Good wag",
      "annotations": {}
    },
    {
      "line": "Good wag bro",
      "annotations": {}
    },
    {
      "line": "I stay with the gold pack",
      "annotations": {}
    },
    {
      "line": "Roll with the good",
      "annotations": {}
    },
    {
      "line": "You’re wack",
      "annotations": {}
    },
    {
      "line": "You can feel the heat when we come around",
      "annotations": {}
    },
    {
      "line": "I don’t smile queen",
      "annotations": {}
    },
    {
      "line": "But i do it in the pound",
      "annotations": {}
    },
    {
      "line": "I do it in the pound",
      "annotations": {}
    },
    {
      "line": "I roll with the pack",
      "annotations": {}
    },
    {
      "line": "They won’t make me feel the record",
      "annotations": {}
    },
    {
      "line": "Never scared in my head",
      "annotations": {}
    },
    {
      "line": "I know it’s a lack",
      "annotations": {}
    },
    {
      "line": "Alright",
      "annotations": {}
    },
    {
      "line": "She cut me round the f cking back",
      "annotations": {}
    },
    {
      "line": "And her steel gold",
      "annotations": {}
    },
    {
      "line": "I ‘on’t even know then about you",
      "annotations": {}
    },
    {
      "line": "All i know is i’ma f cking do what i really do",
      "annotations": {}
    },
    {
      "line": "Tiller hit the place that i keep the kitty do",
      "annotations": {}
    },
    {
      "line": "Ooh, ooh howdy dear",
      "annotations": {}
    },
    {
      "line": "Do the f cking . . . hail your d ck",
      "annotations": {}
    },
    {
      "line": "I’m just going, now i’m perk",
      "annotations": {}
    },
    {
      "line": "I’m tryna be me",
      "annotations": {}
    },
    {
      "line": "Eh! your hey",
      "annotations": {}
    },
    {
      "line": "Wishing well",
      "annotations": {}
    },
    {
      "line": "That sh t weird",
      "annotations": {}
    },
    {
      "line": "Baby asking",
      "annotations": {}
    },
    {
      "line": "I just laugh",
      "annotations": {}
    },
    {
      "line": "I just laugh like",
      "annotations": {}
    },
    {
      "line": "Does she wear a thong",
      "annotations": {}
    },
    {
      "line": "Your clapping ass take the stance sh t",
      "annotations": {}
    },
    {
      "line": "Kobe on this f cking helm mo coup",
      "annotations": {}
    },
    {
      "line": "Tryna test shift",
      "annotations": {}
    }
  ]
}