{
  "lyrics": [
    {
      "line": "[Intro]",
      "annotations": {}
    },
    {
      "line": "Feelings get to me",
      "annotations": {}
    },
    {
      "line": "I will, i say i’ll tell her",
      "annotations": {}
    },
    {
      "line": "",
      "annotations": {}
    },
    {
      "line": "[Verse 1]",
      "annotations": {}
    },
    {
      "line": "My heart has been beating for a while now",
      "annotations": {}
    },
    {
      "line": "My drive has been acting all spirally now",
      "annotations": {}
    },
    {
      "line": "And i try to tell you how i feel",
      "annotations": {}
    },
    {
      "line": "But i mess it up every time",
      "annotations": {}
    },
    {
      "line": "And i land up on my hills",
      "annotations": {}
    },
    {
      "line": "",
      "annotations": {}
    },
    {
      "line": "[Bridge]",
      "annotations": {}
    },
    {
      "line": "Back to the same spot",
      "annotations": {}
    },
    {
      "line": "Cover, leaning in my hurt",
      "annotations": {}
    },
    {
      "line": "Am i enough",
      "annotations": {}
    },
    {
      "line": "",
      "annotations": {}
    },
    {
      "line": "[Chorus]",
      "annotations": {}
    },
    {
      "line": "If i ever say i feel",
      "annotations": {}
    },
    {
      "line": "It might be with this zeal",
      "annotations": {}
    },
    {
      "line": "If i ever say i will",
      "annotations": {}
    },
    {
      "line": "Girl i’ll try",
      "annotations": {}
    },
    {
      "line": "If i ever say i feel",
      "annotations": {}
    },
    {
      "line": "Best believe it is true",
      "annotations": {}
    },
    {
      "line": "The truth, it’s the true",
      "annotations": {}
    },
    {
      "line": "",
      "annotations": {}
    },
    {
      "line": "[Verse 2]",
      "annotations": {}
    },
    {
      "line": "I’m through with all of the hurt of the past",
      "annotations": {}
    },
    {
      "line": "Moving on with this moving",
      "annotations": {}
    },
    {
      "line": "I ain’t left, i’m in my yearns",
      "annotations": {}
    },
    {
      "line": "It is just goodness flowing out of my heart",
      "annotations": {}
    },
    {
      "line": "And my drive feels like thеre is nothing hanging on",
      "annotations": {}
    },
    {
      "line": "Not the tears",
      "annotations": {}
    },
    {
      "line": "Not today",
      "annotations": {}
    },
    {
      "line": "Not thе veil",
      "annotations": {}
    },
    {
      "line": "I see it clearly",
      "annotations": {}
    },
    {
      "line": "And i’m waking to mine",
      "annotations": {}
    },
    {
      "line": "",
      "annotations": {}
    },
    {
      "line": "[Chorus]",
      "annotations": {}
    },
    {
      "line": "If i ever say i feel",
      "annotations": {}
    },
    {
      "line": "(if i ever say)",
      "annotations": {}
    },
    {
      "line": "It might be with this zeal",
      "annotations": {}
    },
    {
      "line": "If i ever say i will",
      "annotations": {}
    },
    {
      "line": "(if i ever say, girl best believe i mean it)",
      "annotations": {}
    },
    {
      "line": "Girl i’ll try",
      "annotations": {}
    },
    {
      "line": "If i ever say i feel",
      "annotations": {}
    },
    {
      "line": "(if i ever say)",
      "annotations": {}
    },
    {
      "line": "Best believe it is true",
      "annotations": {}
    },
    {
      "line": "(if i ever say)",
      "annotations": {}
    },
    {
      "line": "The truth, it’s the true",
      "annotations": {}
    },
    {
      "line": "(best believe i love you)",
      "annotations": {}
    }
  ]
}