{
  "lyrics": [
    {
      "line": "[Intro]",
      "annotations": {}
    },
    {
      "line": "Yeah!",
      "annotations": {}
    },
    {
      "line": "",
      "annotations": {}
    },
    {
      "line": "[Refrain]",
      "annotations": {}
    },
    {
      "line": "Uh!",
      "annotations": {}
    },
    {
      "line": "H llo",
      "annotations": {}
    },
    {
      "line": "It was you",
      "annotations": {}
    },
    {
      "line": "But does it add up (up)",
      "annotations": {}
    },
    {
      "line": "H llo",
      "annotations": {}
    },
    {
      "line": "Buzzing",
      "annotations": {}
    },
    {
      "line": "Girl we stay right up",
      "annotations": {}
    },
    {
      "line": "My loves in you love",
      "annotations": {}
    },
    {
      "line": "So hyped up",
      "annotations": {}
    },
    {
      "line": "My feeling running on her love like drop top",
      "annotations": {}
    },
    {
      "line": "Tryna get back into my skin",
      "annotations": {}
    },
    {
      "line": "Wrapped up",
      "annotations": {}
    },
    {
      "line": "Bop stop",
      "annotations": {}
    },
    {
      "line": "Since your rap up",
      "annotations": {}
    },
    {
      "line": "Her pinch and i get back in my skin",
      "annotations": {}
    },
    {
      "line": "Door stop, stop, stop, snap",
      "annotations": {}
    },
    {
      "line": "Gotta tell me how it d mn goes",
      "annotations": {}
    },
    {
      "line": "I think i’m living it up wretched up",
      "annotations": {}
    },
    {
      "line": "Anything you need up",
      "annotations": {}
    },
    {
      "line": "All your low, highs didn’t get to me",
      "annotations": {}
    },
    {
      "line": "Like the top when it is just you and i?",
      "annotations": {}
    },
    {
      "line": "Just you and i",
      "annotations": {}
    },
    {
      "line": "The stall with these words don’t ever pin me down",
      "annotations": {}
    },
    {
      "line": "Bust on your third toe loud",
      "annotations": {}
    },
    {
      "line": "Wouldn’t even tell me",
      "annotations": {}
    },
    {
      "line": "Got a b tch a valve",
      "annotations": {}
    },
    {
      "line": "She could be mine",
      "annotations": {}
    },
    {
      "line": "If she not just, to take choo (jimmy choo)",
      "annotations": {}
    },
    {
      "line": "Lost in this corridor drawed in",
      "annotations": {}
    },
    {
      "line": "With a lime juice in my cup",
      "annotations": {}
    },
    {
      "line": "Save the club issues",
      "annotations": {}
    }
  ]
}