{
  "lyrics": [
    {
      "line": "Ctrl",
      "annotations": {}
    },
    {
      "line": "Scrambling fending handy:",
      "annotations": {}
    },
    {
      "line": "Let’s say i figure the squeeze",
      "annotations": {}
    },
    {
      "line": "Ctrl",
      "annotations": {}
    },
    {
      "line": "Let’s say am",
      "annotations": {}
    },
    {
      "line": "Scribbling scribbling",
      "annotations": {}
    },
    {
      "line": "With these words",
      "annotations": {}
    },
    {
      "line": "Take a scissor and cut it out with these words",
      "annotations": {}
    },
    {
      "line": "I’m not cut out for this sh t",
      "annotations": {}
    },
    {
      "line": "But i put the bull",
      "annotations": {}
    },
    {
      "line": "I’m acting like a matador",
      "annotations": {}
    },
    {
      "line": "So you know i come through red",
      "annotations": {}
    },
    {
      "line": "With this sh t with my girl",
      "annotations": {}
    },
    {
      "line": "Driving through, is that a merciless k!ll?",
      "annotations": {}
    },
    {
      "line": "You know i got no spec on",
      "annotations": {}
    },
    {
      "line": "But my temple hit you harder than these thoughts could ever …",
      "annotations": {}
    },
    {
      "line": "Come and love me with these d mn body",
      "annotations": {}
    },
    {
      "line": "My girl looking closer than your shorty could ever",
      "annotations": {}
    },
    {
      "line": "Don done don’t",
      "annotations": {}
    },
    {
      "line": "I mean dote on me",
      "annotations": {}
    },
    {
      "line": "Dote on her",
      "annotations": {}
    },
    {
      "line": "Loving this",
      "annotations": {}
    },
    {
      "line": "Eh!",
      "annotations": {}
    },
    {
      "line": "I’m filled with so much hate",
      "annotations": {}
    },
    {
      "line": "They wanna k!ll me so slow",
      "annotations": {}
    },
    {
      "line": "So i crib on these n ggas",
      "annotations": {}
    },
    {
      "line": "Yh i took them whole",
      "annotations": {}
    },
    {
      "line": "I’m not loving n0body",
      "annotations": {}
    },
    {
      "line": "Better get it through",
      "annotations": {}
    },
    {
      "line": "But i body every n gga",
      "annotations": {}
    },
    {
      "line": "Better get it. view",
      "annotations": {}
    },
    {
      "line": "Loving with a fvcking loupe",
      "annotations": {}
    },
    {
      "line": "I need a fvcking monocle",
      "annotations": {}
    },
    {
      "line": "Just to get my honey cool",
      "annotations": {}
    },
    {
      "line": "I think i’m lost with these b tter cools",
      "annotations": {}
    },
    {
      "line": "But i put the girl in the right side",
      "annotations": {}
    },
    {
      "line": "Call that sh t a bother too. ??",
      "annotations": {}
    }
  ]
}