{
  "lyrics": [
    {
      "line": "[Intro]",
      "annotations": {
        "Intro": "Annotation for [Intro]"
      }
    },
    {
      "line": "Fresh boy chilling",
      "annotations": {}
    },
    {
      "line": "",
      "annotations": {}
    },
    {
      "line": "[Verse 1]",
      "annotations": {
        "1": "Annotation for 1]",
        "Verse": "Annotation for [Verse"
      }
    },
    {
      "line": "Staying in the same place",
      "annotations": {}
    },
    {
      "line": "What’s the way for?",
      "annotations": {}
    },
    {
      "line": "Looking at the same dress",
      "annotations": {}
    },
    {
      "line": "I’ll cop it",
      "annotations": {}
    },
    {
      "line": "Boss, i copy",
      "annotations": {}
    },
    {
      "line": "You need that",
      "annotations": {}
    },
    {
      "line": "Girl, i’ll have it",
      "annotations": {}
    },
    {
      "line": "It’s a hobby",
      "annotations": {}
    },
    {
      "line": "Wanna hit that hard",
      "annotations": {}
    },
    {
      "line": "Every f cking time",
      "annotations": {}
    },
    {
      "line": "And she knows it that i am",
      "annotations": {}
    },
    {
      "line": "A loose sucker for her love",
      "annotations": {}
    },
    {
      "line": "",
      "annotations": {}
    },
    {
      "line": "[Verse 2]",
      "annotations": {
        "2": "Annotation for 2]",
        "Verse": "Annotation for [Verse"
      }
    },
    {
      "line": "You’ve got me",
      "annotations": {}
    },
    {
      "line": "Feeling bad when i’m away",
      "annotations": {}
    },
    {
      "line": "Take a nice picture",
      "annotations": {}
    },
    {
      "line": "Tell me i see the future too",
      "annotations": {}
    },
    {
      "line": "We’re on the beach",
      "annotations": {}
    },
    {
      "line": "I know i’m rich",
      "annotations": {}
    },
    {
      "line": "You don’t gotta say it now",
      "annotations": {}
    },
    {
      "line": "I’m tryna catch a fish",
      "annotations": {}
    },
    {
      "line": "It’s no leak",
      "annotations": {}
    },
    {
      "line": "The money is on seal",
      "annotations": {}
    },
    {
      "line": "Waiting for my wiz",
      "annotations": {}
    },
    {
      "line": "She knows, i’m smoking this harder",
      "annotations": {}
    },
    {
      "line": "Oh oh",
      "annotations": {}
    },
    {
      "line": "Girl when i look in it",
      "annotations": {}
    },
    {
      "line": "I’m never coming down",
      "annotations": {}
    },
    {
      "line": "No oh",
      "annotations": {}
    },
    {
      "line": "Taking you ride on a boat",
      "annotations": {}
    },
    {
      "line": "Girl, it’s never еnough of the groom calming down",
      "annotations": {}
    },
    {
      "line": "Oh oh, she knows that i heart hеr too",
      "annotations": {}
    },
    {
      "line": "Loving her ways i never did myself",
      "annotations": {}
    },
    {
      "line": "Saying, i never say i’m groom for myself",
      "annotations": {}
    },
    {
      "line": "She knows that",
      "annotations": {}
    },
    {
      "line": "(laughter)",
      "annotations": {}
    },
    {
      "line": "",
      "annotations": {}
    },
    {
      "line": "[Verse 3]",
      "annotations": {
        "3": "Annotation for 3]",
        "Verse": "Annotation for [Verse"
      }
    },
    {
      "line": "I love her brothers",
      "annotations": {}
    },
    {
      "line": "It’s the end of the day",
      "annotations": {}
    },
    {
      "line": "They found out, we’re lovers",
      "annotations": {}
    },
    {
      "line": "The crumb bout to mutter",
      "annotations": {}
    },
    {
      "line": "Saying, i left her at the grass",
      "annotations": {}
    },
    {
      "line": "(greener)",
      "annotations": {}
    },
    {
      "line": "Telling of what becomes of love in a pulse",
      "annotations": {}
    },
    {
      "line": "(it’s flourish, fluoride in my t  th)",
      "annotations": {}
    },
    {
      "line": "I swore, it’s for sure, who i really am",
      "annotations": {}
    },
    {
      "line": "Loving this way, gotta make you take a purse",
      "annotations": {}
    },
    {
      "line": "Is that the kind of girl you love?",
      "annotations": {}
    },
    {
      "line": "I say: woo!",
      "annotations": {}
    },
    {
      "line": "I love it, i love it",
      "annotations": {}
    },
    {
      "line": "Not letting you go",
      "annotations": {}
    },
    {
      "line": "She knows we’re on this",
      "annotations": {}
    },
    {
      "line": "I love it too",
      "annotations": {}
    },
    {
      "line": "How she talking to me",
      "annotations": {}
    },
    {
      "line": "That’s my boo",
      "annotations": {}
    }
  ]
}