{
  "lyrics": [
    {
      "line": "[Verse 1]",
      "annotations": {}
    },
    {
      "line": "Will you be the one",
      "annotations": {}
    },
    {
      "line": "To sing to my ears",
      "annotations": {}
    },
    {
      "line": "In the morning",
      "annotations": {}
    },
    {
      "line": "High fur",
      "annotations": {}
    },
    {
      "line": "You call the shots",
      "annotations": {}
    },
    {
      "line": "Why, for you make me hot",
      "annotations": {}
    },
    {
      "line": "Hotter than i can be yeah",
      "annotations": {}
    },
    {
      "line": "Hot girl",
      "annotations": {}
    },
    {
      "line": "Sheikh the sh t girl",
      "annotations": {}
    },
    {
      "line": "Your smile, let me lease eh",
      "annotations": {}
    },
    {
      "line": "Talk to me like you never had",
      "annotations": {}
    },
    {
      "line": "Anybody girl",
      "annotations": {}
    },
    {
      "line": "",
      "annotations": {}
    },
    {
      "line": "[Bridge]",
      "annotations": {}
    },
    {
      "line": "I’m so jealous",
      "annotations": {}
    },
    {
      "line": "I’m so jealous",
      "annotations": {}
    },
    {
      "line": "When it is in the morning",
      "annotations": {}
    },
    {
      "line": "I think i’ma baff for yours",
      "annotations": {}
    },
    {
      "line": "I’m so jealous",
      "annotations": {}
    },
    {
      "line": "I’m so jealous",
      "annotations": {}
    },
    {
      "line": "I think in the morning",
      "annotations": {}
    },
    {
      "line": "I’ma be the happiest man",
      "annotations": {}
    },
    {
      "line": "",
      "annotations": {}
    },
    {
      "line": "[Chorus]",
      "annotations": {}
    },
    {
      "line": "Happy married life",
      "annotations": {}
    },
    {
      "line": "I just wanna hear it",
      "annotations": {}
    },
    {
      "line": "I just wanna hear it",
      "annotations": {}
    },
    {
      "line": "I think i’m going",
      "annotations": {}
    },
    {
      "line": "Past the point of breakage",
      "annotations": {}
    },
    {
      "line": "And i’m free, free, free",
      "annotations": {}
    },
    {
      "line": "I am your soldier",
      "annotations": {}
    },
    {
      "line": "Twenty four, sеven",
      "annotations": {}
    },
    {
      "line": "Let me carry it out okay",
      "annotations": {}
    },
    {
      "line": "I am your soldiеr",
      "annotations": {}
    },
    {
      "line": "Twenty four seven",
      "annotations": {}
    },
    {
      "line": "Let me in, unveil you girl",
      "annotations": {}
    },
    {
      "line": "",
      "annotations": {}
    },
    {
      "line": "[Verse 2]",
      "annotations": {}
    },
    {
      "line": "I’m not here for the other guys",
      "annotations": {}
    },
    {
      "line": "I’m just here for your mobile phone",
      "annotations": {}
    },
    {
      "line": "Can i check it out",
      "annotations": {}
    },
    {
      "line": "You took some couple photos",
      "annotations": {}
    },
    {
      "line": "You didn’t send ’em to me",
      "annotations": {}
    },
    {
      "line": "Did you think that, i’ll be missing it",
      "annotations": {}
    },
    {
      "line": "Cos i’m lost",
      "annotations": {}
    },
    {
      "line": "When i’m not with you",
      "annotations": {}
    },
    {
      "line": "Lost in my head",
      "annotations": {}
    },
    {
      "line": "Thoughts of you",
      "annotations": {}
    },
    {
      "line": "Is it good enough",
      "annotations": {}
    },
    {
      "line": "If i never write n0body but you",
      "annotations": {}
    },
    {
      "line": "I love you",
      "annotations": {}
    },
    {
      "line": "Feel so sweet, so good",
      "annotations": {}
    },
    {
      "line": "",
      "annotations": {}
    },
    {
      "line": "[Outro]",
      "annotations": {}
    },
    {
      "line": "Baby girl, it is a happy marriage life",
      "annotations": {}
    },
    {
      "line": "It is a happy married life",
      "annotations": {}
    },
    {
      "line": "D mn, it is a happy married life",
      "annotations": {}
    },
    {
      "line": "(laughter)",
      "annotations": {}
    },
    {
      "line": "I love you mariam",
      "annotations": {}
    }
  ]
}