{
  "lyrics": [
    {
      "line": "[Intro]",
      "annotations": {
        "Intro": "Annotation for [Intro]"
      }
    },
    {
      "line": "Fresh boy chilling",
      "annotations": {}
    },
    {
      "line": "I guess it is the reason why i am in love anyway",
      "annotations": {}
    },
    {
      "line": "Just being able to be myself",
      "annotations": {}
    },
    {
      "line": "Ah!",
      "annotations": {}
    },
    {
      "line": "",
      "annotations": {}
    },
    {
      "line": "[Verse 1]",
      "annotations": {
        "1": "Annotation for 1]",
        "Verse": "Annotation for [Verse"
      }
    },
    {
      "line": "Tell me what you want",
      "annotations": {}
    },
    {
      "line": "Is it a bother if it is what i want",
      "annotations": {}
    },
    {
      "line": "Because i know you like",
      "annotations": {}
    },
    {
      "line": "Everything being polar",
      "annotations": {}
    },
    {
      "line": "I think i’ve got a new caller",
      "annotations": {}
    },
    {
      "line": "I’m not sure if it is trinity i hear from",
      "annotations": {}
    },
    {
      "line": "Or is it i’m not back at the dressing room",
      "annotations": {}
    },
    {
      "line": "Oh oh",
      "annotations": {}
    },
    {
      "line": "",
      "annotations": {}
    },
    {
      "line": "[Chorus]",
      "annotations": {
        "Chorus": "Annotation for [Chorus]"
      }
    },
    {
      "line": "Sipping on a gatorade",
      "annotations": {}
    },
    {
      "line": "Feelings just like hathaway",
      "annotations": {}
    },
    {
      "line": "I’m done running away from you",
      "annotations": {}
    },
    {
      "line": "Yeah, does your heart feel or wonder",
      "annotations": {}
    },
    {
      "line": "With a stuntman, i’ll become unglued",
      "annotations": {}
    },
    {
      "line": "Sipping on a gatorade",
      "annotations": {}
    },
    {
      "line": "Feelings just like hathaway",
      "annotations": {}
    },
    {
      "line": "I’m done running away from you",
      "annotations": {}
    },
    {
      "line": "Does your heart feel or wonder",
      "annotations": {}
    },
    {
      "line": "With a stuntman, will i f cking become ungluеd",
      "annotations": {}
    },
    {
      "line": "",
      "annotations": {}
    },
    {
      "line": "[Verse 2]",
      "annotations": {
        "2": "Annotation for 2]",
        "Verse": "Annotation for [Verse"
      }
    },
    {
      "line": "I’m done searching for your love",
      "annotations": {}
    },
    {
      "line": "Found it so many timеs",
      "annotations": {}
    },
    {
      "line": "D mn, i log it",
      "annotations": {}
    },
    {
      "line": "Then i got a reading",
      "annotations": {}
    },
    {
      "line": "Sike, i caught the way i’m living",
      "annotations": {}
    },
    {
      "line": "No, i’ll ignore the staff",
      "annotations": {}
    },
    {
      "line": "Looking for what better",
      "annotations": {}
    },
    {
      "line": "It’s weekend, like camera on your stuff",
      "annotations": {}
    },
    {
      "line": "I love how you talk",
      "annotations": {}
    },
    {
      "line": "Is it how you walking, wet around",
      "annotations": {}
    },
    {
      "line": "I saw we’re clammer talking",
      "annotations": {}
    },
    {
      "line": "I’d hop by, but you’re not around",
      "annotations": {}
    },
    {
      "line": "Is it true she’s not as rad as that",
      "annotations": {}
    },
    {
      "line": "I don’t know, i only see her on tv",
      "annotations": {}
    },
    {
      "line": "",
      "annotations": {}
    },
    {
      "line": "[Chorus]",
      "annotations": {
        "Chorus": "Annotation for [Chorus]"
      }
    },
    {
      "line": "Sipping on a gatorade",
      "annotations": {}
    },
    {
      "line": "Feelings just like hathaway",
      "annotations": {}
    },
    {
      "line": "I’m done running away from you",
      "annotations": {}
    },
    {
      "line": "Yeah, does your heart feel or wonder",
      "annotations": {}
    },
    {
      "line": "With a stuntman, i’ll become unglued",
      "annotations": {}
    },
    {
      "line": "Sipping on a gatorade",
      "annotations": {}
    },
    {
      "line": "Feelings just like hathaway",
      "annotations": {}
    },
    {
      "line": "I’m done running away from you",
      "annotations": {}
    },
    {
      "line": "Does your heart feel or wonder",
      "annotations": {}
    },
    {
      "line": "With a stuntman, will i f cking become unglued",
      "annotations": {}
    },
    {
      "line": "",
      "annotations": {}
    },
    {
      "line": "[Verse 3]",
      "annotations": {
        "3": "Annotation for 3]",
        "Verse": "Annotation for [Verse"
      }
    },
    {
      "line": "Take me, love me",
      "annotations": {}
    },
    {
      "line": "Love me all over",
      "annotations": {}
    },
    {
      "line": "Make me the star of all your movies",
      "annotations": {}
    },
    {
      "line": "(laughter)",
      "annotations": {}
    },
    {
      "line": "Let me start that again",
      "annotations": {}
    }
  ]
}