{
  "lyrics": [
    {
      "line": "[Intro]",
      "annotations": {}
    },
    {
      "line": "Fresh boy chilling",
      "annotations": {}
    },
    {
      "line": "",
      "annotations": {}
    },
    {
      "line": "[Verse 1]",
      "annotations": {}
    },
    {
      "line": "It’s nothing serious",
      "annotations": {}
    },
    {
      "line": "It’s just me on my business",
      "annotations": {}
    },
    {
      "line": "You know",
      "annotations": {}
    },
    {
      "line": "Nothing serious",
      "annotations": {}
    },
    {
      "line": "It’s just spinning",
      "annotations": {}
    },
    {
      "line": "It’s another day",
      "annotations": {}
    },
    {
      "line": "Better best believe",
      "annotations": {}
    },
    {
      "line": "Just another face",
      "annotations": {}
    },
    {
      "line": "Punch to see it",
      "annotations": {}
    },
    {
      "line": "I’m here on my vape",
      "annotations": {}
    },
    {
      "line": "And you know what you know",
      "annotations": {}
    },
    {
      "line": "When you know we ain’t no",
      "annotations": {}
    },
    {
      "line": "And nothing makes me down from this",
      "annotations": {}
    },
    {
      "line": "Better know",
      "annotations": {}
    },
    {
      "line": "Bet on no",
      "annotations": {}
    },
    {
      "line": "Better known",
      "annotations": {}
    },
    {
      "line": "Nothing brings me down from your love",
      "annotations": {}
    },
    {
      "line": "",
      "annotations": {}
    },
    {
      "line": "[Chorus]",
      "annotations": {}
    },
    {
      "line": "I will try",
      "annotations": {}
    },
    {
      "line": "I will try",
      "annotations": {}
    },
    {
      "line": "Get it off my head",
      "annotations": {}
    },
    {
      "line": "Bet i’ll try",
      "annotations": {}
    },
    {
      "line": "Bet i’ll try",
      "annotations": {}
    },
    {
      "line": "Get it off my head",
      "annotations": {}
    },
    {
      "line": "",
      "annotations": {}
    },
    {
      "line": "[Verse 3]",
      "annotations": {}
    },
    {
      "line": "Saving nothing more",
      "annotations": {}
    },
    {
      "line": "Not leaving out anything",
      "annotations": {}
    },
    {
      "line": "I’ll pay for her wrist, sending more",
      "annotations": {}
    },
    {
      "line": "Feeling i’ve got a tear vase",
      "annotations": {}
    },
    {
      "line": "Heartache",
      "annotations": {}
    },
    {
      "line": "Talk to me",
      "annotations": {}
    },
    {
      "line": "She say i’m pained",
      "annotations": {}
    },
    {
      "line": "Got nothing left",
      "annotations": {}
    },
    {
      "line": "A way you say",
      "annotations": {}
    },
    {
      "line": "Nothing left to say",
      "annotations": {}
    },
    {
      "line": "",
      "annotations": {}
    },
    {
      "line": "[Bridge]",
      "annotations": {}
    },
    {
      "line": "And my head next to you will i grow",
      "annotations": {}
    },
    {
      "line": "Am i next to you till i grow",
      "annotations": {}
    },
    {
      "line": "Oh clacks to you",
      "annotations": {}
    },
    {
      "line": "We are one then crow",
      "annotations": {}
    },
    {
      "line": "",
      "annotations": {}
    },
    {
      "line": "[Verse 4]",
      "annotations": {}
    },
    {
      "line": "Just say it",
      "annotations": {}
    },
    {
      "line": "Just say it how we . . .",
      "annotations": {}
    },
    {
      "line": "You’ve said he ate",
      "annotations": {}
    },
    {
      "line": "Back to it",
      "annotations": {}
    },
    {
      "line": "A map to her heart",
      "annotations": {}
    },
    {
      "line": "Better off if i find it",
      "annotations": {}
    },
    {
      "line": "If i don’t",
      "annotations": {}
    },
    {
      "line": "I might be lost where i don’t wanna",
      "annotations": {}
    },
    {
      "line": "A spade right next to me",
      "annotations": {}
    },
    {
      "line": "H ll will allow me",
      "annotations": {}
    },
    {
      "line": "Coot down around my wells",
      "annotations": {}
    }
  ]
}