{
  "lyrics": [
    {
      "line": "[Verse 1]",
      "annotations": {
        "1": "Annotation for 1]",
        "Verse": "Annotation for [Verse"
      }
    },
    {
      "line": "Forever",
      "annotations": {}
    },
    {
      "line": "I’m feeling like it is forever",
      "annotations": {}
    },
    {
      "line": "When i take my drivers",
      "annotations": {}
    },
    {
      "line": "Put them in the arrivals",
      "annotations": {}
    },
    {
      "line": "I’m feeling like it’s forever",
      "annotations": {}
    },
    {
      "line": "When i take my time",
      "annotations": {}
    },
    {
      "line": "And i put these words",
      "annotations": {}
    },
    {
      "line": "On the d mn bic",
      "annotations": {}
    },
    {
      "line": "Girl, i’m feeling like it is forever",
      "annotations": {}
    },
    {
      "line": "Your light shinning not a gleam",
      "annotations": {}
    },
    {
      "line": "Aim, you know that this is not the scene",
      "annotations": {}
    },
    {
      "line": "In the bed girl, i’m not making you scream",
      "annotations": {}
    },
    {
      "line": "Just making you find out",
      "annotations": {}
    },
    {
      "line": "What is about to be in the dream",
      "annotations": {}
    },
    {
      "line": "That is not 808",
      "annotations": {}
    },
    {
      "line": "That is me on the severe",
      "annotations": {}
    },
    {
      "line": "You’re the lane",
      "annotations": {}
    },
    {
      "line": "",
      "annotations": {}
    },
    {
      "line": "[Verse 2]",
      "annotations": {
        "2": "Annotation for 2]",
        "Verse": "Annotation for [Verse"
      }
    },
    {
      "line": "Silver lean, baby lean",
      "annotations": {}
    },
    {
      "line": "I’m tryna get my mind off",
      "annotations": {}
    },
    {
      "line": "These other lean, ease us",
      "annotations": {}
    },
    {
      "line": "Dreamings of all the planets",
      "annotations": {}
    },
    {
      "line": "I ‘on’t even know why i even got the habit",
      "annotations": {}
    },
    {
      "line": "But it’s me shining",
      "annotations": {}
    },
    {
      "line": "You make me shine girl",
      "annotations": {}
    },
    {
      "line": "Even though when it’s just a feeling",
      "annotations": {}
    },
    {
      "line": "That i am trying to hold on to this . . .",
      "annotations": {}
    },
    {
      "line": "",
      "annotations": {}
    },
    {
      "line": "[Verse 3]",
      "annotations": {
        "3": "Annotation for 3]",
        "Verse": "Annotation for [Verse"
      }
    },
    {
      "line": "Okay",
      "annotations": {}
    },
    {
      "line": "Going on this with my eyes closed",
      "annotations": {}
    },
    {
      "line": "Mind open like it’s our toast",
      "annotations": {}
    },
    {
      "line": "And i am feeling i don’t get those",
      "annotations": {}
    },
    {
      "line": "No more baby come on me",
      "annotations": {}
    },
    {
      "line": "I just want to get to this",
      "annotations": {}
    },
    {
      "line": "I am not trying to pour",
      "annotations": {}
    },
    {
      "line": "No, it’s not a rainfall",
      "annotations": {}
    },
    {
      "line": "It’s not a windfall",
      "annotations": {}
    },
    {
      "line": "It’s just me, and i am acting poor",
      "annotations": {}
    },
    {
      "line": "With your emotions",
      "annotations": {}
    },
    {
      "line": "Yeah, it is the abortions",
      "annotations": {}
    },
    {
      "line": "I don’t get it off",
      "annotations": {}
    },
    {
      "line": "It is the versions",
      "annotations": {}
    },
    {
      "line": "I’m lost in my conscience",
      "annotations": {}
    },
    {
      "line": "And that’s makes me feel like",
      "annotations": {}
    },
    {
      "line": "I could be something like a vulture",
      "annotations": {}
    },
    {
      "line": "Tell me what it feels like",
      "annotations": {}
    },
    {
      "line": "I like it when you’re not around",
      "annotations": {}
    },
    {
      "line": "And tell me what it feels like",
      "annotations": {}
    },
    {
      "line": "When i bother about",
      "annotations": {}
    },
    {
      "line": "The things that i haven’t said",
      "annotations": {}
    },
    {
      "line": "Things that i might just get around",
      "annotations": {}
    },
    {
      "line": "And get over my heart or its census",
      "annotations": {}
    },
    {
      "line": "Of how i am feeling for another",
      "annotations": {}
    },
    {
      "line": "Cut it out like i was not for the bags, i guts",
      "annotations": {}
    },
    {
      "line": "Of my living in the scene",
      "annotations": {}
    },
    {
      "line": "Barking like talking, big in on this vein",
      "annotations": {}
    },
    {
      "line": "",
      "annotations": {}
    },
    {
      "line": "[Outro]",
      "annotations": {
        "Outro": "Annotation for [Outro]"
      }
    },
    {
      "line": "Yeah",
      "annotations": {}
    },
    {
      "line": "It’s no time to do it again",
      "annotations": {}
    },
    {
      "line": "It’s one take and i have this in the lake",
      "annotations": {}
    },
    {
      "line": "I have been pondering my convictions",
      "annotations": {}
    },
    {
      "line": "And things that i say",
      "annotations": {}
    },
    {
      "line": "If they’re true with the diction",
      "annotations": {}
    },
    {
      "line": "’cause i won’t say them twice",
      "annotations": {}
    },
    {
      "line": "And i wonder if everyone here was the price",
      "annotations": {}
    },
    {
      "line": "I’m still working with this",
      "annotations": {}
    },
    {
      "line": "It is my dynamo, let’s do it again",
      "annotations": {}
    }
  ]
}