{
  "lyrics": [
    {
      "line": "[Intro]",
      "annotations": {}
    },
    {
      "line": "Fresh boy chilling",
      "annotations": {}
    },
    {
      "line": "",
      "annotations": {}
    },
    {
      "line": "[Verse 1]",
      "annotations": {}
    },
    {
      "line": "Has it been a minute",
      "annotations": {}
    },
    {
      "line": "Since i had a even digit running through my mind",
      "annotations": {}
    },
    {
      "line": "Coming up with numbers",
      "annotations": {}
    },
    {
      "line": "How to reach you",
      "annotations": {}
    },
    {
      "line": "Having thoughts about another picture",
      "annotations": {}
    },
    {
      "line": "Trifling man you see the way",
      "annotations": {}
    },
    {
      "line": "That i leave it undecided",
      "annotations": {}
    },
    {
      "line": "",
      "annotations": {}
    },
    {
      "line": "[Chorus]",
      "annotations": {}
    },
    {
      "line": "Heartbeat",
      "annotations": {}
    },
    {
      "line": "Love gives",
      "annotations": {}
    },
    {
      "line": "What i’ve got",
      "annotations": {}
    },
    {
      "line": "In night a kid singing",
      "annotations": {}
    },
    {
      "line": "I don’t know how to spell",
      "annotations": {}
    },
    {
      "line": "L o v e y o u",
      "annotations": {}
    },
    {
      "line": "I think i still owe you",
      "annotations": {}
    },
    {
      "line": "",
      "annotations": {}
    },
    {
      "line": "[Verse 2]",
      "annotations": {}
    },
    {
      "line": "Love abandoned",
      "annotations": {}
    },
    {
      "line": "Love in a barn, i think i had a garden",
      "annotations": {}
    },
    {
      "line": "I was banned, now they say ghetto foetus",
      "annotations": {}
    },
    {
      "line": "What’s the farthest meme in here girl",
      "annotations": {}
    },
    {
      "line": "I can’t take my hands off mine",
      "annotations": {}
    },
    {
      "line": "Can’t take my hands off mine",
      "annotations": {}
    },
    {
      "line": "",
      "annotations": {}
    },
    {
      "line": "[Chorus]",
      "annotations": {}
    },
    {
      "line": "Heartbeat",
      "annotations": {}
    },
    {
      "line": "Love gives",
      "annotations": {}
    },
    {
      "line": "What i’ve got",
      "annotations": {}
    },
    {
      "line": "In night a kid singing",
      "annotations": {}
    },
    {
      "line": "I don’t know how to spell",
      "annotations": {}
    },
    {
      "line": "L o v e y o u",
      "annotations": {}
    },
    {
      "line": "I think i still owe you",
      "annotations": {}
    }
  ]
}