{
  "lyrics": [
    {
      "line": "[Intro]",
      "annotations": {
        "Intro": "Annotation for [Intro]"
      }
    },
    {
      "line": "Yeah",
      "annotations": {}
    },
    {
      "line": "",
      "annotations": {}
    },
    {
      "line": "[Chorus]",
      "annotations": {
        "Chorus": "Annotation for [Chorus]"
      }
    },
    {
      "line": "My alter ego is like hopping off to heathrow",
      "annotations": {}
    },
    {
      "line": "I got some field notes",
      "annotations": {}
    },
    {
      "line": "So i’m hoping for some deep throats",
      "annotations": {}
    },
    {
      "line": "You can hit me up",
      "annotations": {}
    },
    {
      "line": "But don’t talk about jet lag",
      "annotations": {}
    },
    {
      "line": "You can hold me",
      "annotations": {}
    },
    {
      "line": "But don’t care about this charm",
      "annotations": {}
    },
    {
      "line": "",
      "annotations": {}
    },
    {
      "line": "[Verse 1]",
      "annotations": {
        "1": "Annotation for 1]",
        "Verse": "Annotation for [Verse"
      }
    },
    {
      "line": "My natural mama hates it",
      "annotations": {}
    },
    {
      "line": "When my tongue is out",
      "annotations": {}
    },
    {
      "line": "And my real mama thinks that",
      "annotations": {}
    },
    {
      "line": "I could care about",
      "annotations": {}
    },
    {
      "line": "Better things like",
      "annotations": {}
    },
    {
      "line": "How my life is",
      "annotations": {}
    },
    {
      "line": "Talking about it",
      "annotations": {}
    },
    {
      "line": "Talk about it",
      "annotations": {}
    },
    {
      "line": "How my life is",
      "annotations": {}
    },
    {
      "line": "Talk about it",
      "annotations": {}
    },
    {
      "line": "Took a body",
      "annotations": {}
    },
    {
      "line": "Took a bad day",
      "annotations": {}
    },
    {
      "line": "",
      "annotations": {}
    },
    {
      "line": "[Bridge]",
      "annotations": {
        "Bridge": "Annotation for [Bridge]"
      }
    },
    {
      "line": "Are you subscribed",
      "annotations": {}
    },
    {
      "line": "Sure how you do",
      "annotations": {}
    },
    {
      "line": "",
      "annotations": {}
    },
    {
      "line": "[Chorus ii]",
      "annotations": {
        "Chorus": "Annotation for [Chorus",
        "ii": "Annotation for ii]"
      }
    },
    {
      "line": "My alter ego is like hopping off to heathrow",
      "annotations": {}
    },
    {
      "line": "I got some field notes",
      "annotations": {}
    },
    {
      "line": "So i’m hoping for some deep throats",
      "annotations": {}
    },
    {
      "line": "You can hit me up",
      "annotations": {}
    },
    {
      "line": "But just don’t yap about jet lag",
      "annotations": {}
    },
    {
      "line": "You can hold me",
      "annotations": {}
    },
    {
      "line": "But don’t torch",
      "annotations": {}
    },
    {
      "line": "Don’t care about this charm",
      "annotations": {}
    },
    {
      "line": "",
      "annotations": {}
    },
    {
      "line": "[Verse 2]",
      "annotations": {
        "2": "Annotation for 2]",
        "Verse": "Annotation for [Verse"
      }
    },
    {
      "line": "My natural mama hates it",
      "annotations": {}
    },
    {
      "line": "When my tongue is out",
      "annotations": {}
    },
    {
      "line": "And my real mama thinks that",
      "annotations": {}
    },
    {
      "line": "I could carе about",
      "annotations": {}
    },
    {
      "line": "Mums",
      "annotations": {}
    },
    {
      "line": "",
      "annotations": {}
    },
    {
      "line": "[Chorus]",
      "annotations": {
        "Chorus": "Annotation for [Chorus]"
      }
    },
    {
      "line": "My alter ego is like hopping off to hеathrow",
      "annotations": {}
    },
    {
      "line": "I got some field notes",
      "annotations": {}
    },
    {
      "line": "So i’m hoping for some deep throats",
      "annotations": {}
    },
    {
      "line": "You can hit me up",
      "annotations": {}
    },
    {
      "line": "But don’t talk about jet lag",
      "annotations": {}
    },
    {
      "line": "You can hold me",
      "annotations": {}
    },
    {
      "line": "But don’t care about this charm",
      "annotations": {}
    }
  ]
}