{
  "lyrics": [
    {
      "line": "[Verse 1]",
      "annotations": {
        "1": "Annotation for 1]",
        "Verse": "Annotation for [Verse"
      }
    },
    {
      "line": "Yeah",
      "annotations": {}
    },
    {
      "line": "Too cliché",
      "annotations": {}
    },
    {
      "line": "This is the last chance",
      "annotations": {}
    },
    {
      "line": "To be something different",
      "annotations": {}
    },
    {
      "line": "I miss my friends but",
      "annotations": {}
    },
    {
      "line": "I’m paid through paypal",
      "annotations": {}
    },
    {
      "line": "Motherf cker this is my credit card",
      "annotations": {}
    },
    {
      "line": "You could call me back if you need distance",
      "annotations": {}
    },
    {
      "line": "I promise this is not the hour",
      "annotations": {}
    },
    {
      "line": "Emma x on me chest",
      "annotations": {}
    },
    {
      "line": "And i’m going for the best yeah",
      "annotations": {}
    },
    {
      "line": "I’m always gunning",
      "annotations": {}
    },
    {
      "line": "But i’m never gonna bother",
      "annotations": {}
    },
    {
      "line": "Cos all these n ggers know",
      "annotations": {}
    },
    {
      "line": "He is never about the others",
      "annotations": {}
    },
    {
      "line": "It is just about the money",
      "annotations": {}
    },
    {
      "line": "Parked up in my corners",
      "annotations": {}
    },
    {
      "line": "And n ggers still tryna count",
      "annotations": {}
    },
    {
      "line": "The f cking commas",
      "annotations": {}
    },
    {
      "line": "I was f cking on the tv",
      "annotations": {}
    },
    {
      "line": "For wanted while i was stuck",
      "annotations": {}
    },
    {
      "line": "Now all n ggers tryna hold me back",
      "annotations": {}
    },
    {
      "line": "I say that’s rigid, stop",
      "annotations": {}
    },
    {
      "line": "I’m in a f cking distend",
      "annotations": {}
    },
    {
      "line": "Of the deep perm",
      "annotations": {}
    },
    {
      "line": "",
      "annotations": {}
    },
    {
      "line": "[Verse 2]",
      "annotations": {
        "2": "Annotation for 2]",
        "Verse": "Annotation for [Verse"
      }
    },
    {
      "line": "Yeah, yeah",
      "annotations": {}
    },
    {
      "line": "I still say sh t",
      "annotations": {}
    },
    {
      "line": "I stick to my heavy keys",
      "annotations": {}
    },
    {
      "line": "Back to the park",
      "annotations": {}
    },
    {
      "line": "Cos i never say odd",
      "annotations": {}
    },
    {
      "line": "All these n ggers tryna put me",
      "annotations": {}
    },
    {
      "line": "In the f cking spot",
      "annotations": {}
    },
    {
      "line": "But i don’t go there",
      "annotations": {}
    },
    {
      "line": "It is the f cking monologue",
      "annotations": {}
    },
    {
      "line": "I don’t give a f ck about what they say",
      "annotations": {}
    },
    {
      "line": "I’ll be spitting this sh t",
      "annotations": {}
    },
    {
      "line": "Cos i don’t hear the sane",
      "annotations": {}
    },
    {
      "line": "I only mind my own f cking d mn business",
      "annotations": {}
    },
    {
      "line": "N ggers tryna call me up",
      "annotations": {}
    },
    {
      "line": "That’s a severance",
      "annotations": {}
    },
    {
      "line": "I sever all f cking ties",
      "annotations": {}
    },
    {
      "line": "Except for love",
      "annotations": {}
    },
    {
      "line": "Now these n ggers got me feeling like",
      "annotations": {}
    },
    {
      "line": "This is all for the money",
      "annotations": {}
    },
    {
      "line": "For the plough, say what",
      "annotations": {}
    },
    {
      "line": "Okay back",
      "annotations": {}
    },
    {
      "line": "Back . . .",
      "annotations": {}
    },
    {
      "line": "(who taught you first pouf)",
      "annotations": {}
    },
    {
      "line": ". . . to the one i . . . nuff",
      "annotations": {}
    },
    {
      "line": "",
      "annotations": {}
    },
    {
      "line": "[Outro]",
      "annotations": {
        "Outro": "Annotation for [Outro]"
      }
    },
    {
      "line": "What is it now?",
      "annotations": {}
    },
    {
      "line": "Why are you clip",
      "annotations": {}
    },
    {
      "line": "Which one is correct?",
      "annotations": {}
    },
    {
      "line": "Uh!",
      "annotations": {}
    },
    {
      "line": "Which one is correct?",
      "annotations": {}
    },
    {
      "line": "Why are everyone posting this",
      "annotations": {}
    },
    {
      "line": "Or why is everyone posting this",
      "annotations": {}
    },
    {
      "line": "What?",
      "annotations": {}
    },
    {
      "line": "Why is everyone posting this",
      "annotations": {}
    },
    {
      "line": "Or why are everyone posting this",
      "annotations": {}
    }
  ]
}