{
  "lyrics": [
    {
      "line": "[Intro]",
      "annotations": {
        "Intro": "Annotation for [Intro]"
      }
    },
    {
      "line": "You ain’t got no hold over me",
      "annotations": {}
    },
    {
      "line": "You ain’t got",
      "annotations": {}
    },
    {
      "line": "You ain’t got",
      "annotations": {}
    },
    {
      "line": "You ain’t got no hold over me",
      "annotations": {}
    },
    {
      "line": "",
      "annotations": {}
    },
    {
      "line": "[Chorus]",
      "annotations": {
        "Chorus": "Annotation for [Chorus]"
      }
    },
    {
      "line": "You ain’t got no hold over me",
      "annotations": {}
    },
    {
      "line": "I was hurting",
      "annotations": {}
    },
    {
      "line": "Thought it for nothing",
      "annotations": {}
    },
    {
      "line": "How we ended",
      "annotations": {}
    },
    {
      "line": "Had me laden",
      "annotations": {}
    },
    {
      "line": "Playing pretend",
      "annotations": {}
    },
    {
      "line": "This will never end",
      "annotations": {}
    },
    {
      "line": "You ain’t got no hold over me",
      "annotations": {}
    },
    {
      "line": "Pass the buck",
      "annotations": {}
    },
    {
      "line": "Shut me off",
      "annotations": {}
    },
    {
      "line": "Forlorn on my own",
      "annotations": {}
    },
    {
      "line": "No shoulders i cried alone",
      "annotations": {}
    },
    {
      "line": "Alone alone",
      "annotations": {}
    },
    {
      "line": "",
      "annotations": {}
    },
    {
      "line": "[Verse 1]",
      "annotations": {
        "1": "Annotation for 1]",
        "Verse": "Annotation for [Verse"
      }
    },
    {
      "line": "I thought you were something special",
      "annotations": {}
    },
    {
      "line": "Something i could hold on to",
      "annotations": {}
    },
    {
      "line": "Not to miss a touch i couldn’t shudder to",
      "annotations": {}
    },
    {
      "line": "Two weeks down this road",
      "annotations": {}
    },
    {
      "line": "This was over too",
      "annotations": {}
    },
    {
      "line": "I could lie a lie",
      "annotations": {}
    },
    {
      "line": "Tell a lie my utter liar",
      "annotations": {}
    },
    {
      "line": "Paired into your random pander",
      "annotations": {}
    },
    {
      "line": "Whack a mole erosion of falling altitudes",
      "annotations": {}
    },
    {
      "line": "Attitude more corrosive than oxy dew",
      "annotations": {}
    },
    {
      "line": "Me racking clues courier of bad moods",
      "annotations": {}
    },
    {
      "line": "Sip from your aid",
      "annotations": {}
    },
    {
      "line": "Backwashed migraine",
      "annotations": {}
    },
    {
      "line": "Last sheath had the worst stain",
      "annotations": {}
    },
    {
      "line": "Had me wishing on a card game",
      "annotations": {}
    },
    {
      "line": "Losing streak what a satire",
      "annotations": {}
    },
    {
      "line": "Call me out how high up my umpire",
      "annotations": {}
    },
    {
      "line": "Your brash image",
      "annotations": {}
    },
    {
      "line": "Ignoring everything",
      "annotations": {}
    },
    {
      "line": "It’s a fight",
      "annotations": {}
    },
    {
      "line": "It’s verbal",
      "annotations": {}
    },
    {
      "line": "It’s a fight",
      "annotations": {}
    },
    {
      "line": "It isn’t fair",
      "annotations": {}
    },
    {
      "line": "What’s a revolver",
      "annotations": {}
    },
    {
      "line": "Had everything",
      "annotations": {}
    },
    {
      "line": "Now am back to the floor",
      "annotations": {}
    },
    {
      "line": "Like i never got sh t started",
      "annotations": {}
    },
    {
      "line": "It’s a flop",
      "annotations": {}
    },
    {
      "line": "It’s a flew over",
      "annotations": {}
    },
    {
      "line": "It’s a vibe",
      "annotations": {}
    },
    {
      "line": "Is it wrong",
      "annotations": {}
    },
    {
      "line": "Cos i’m not with the bag; game",
      "annotations": {}
    },
    {
      "line": "I can’t reach myself",
      "annotations": {}
    },
    {
      "line": "Music in me and now i",
      "annotations": {}
    },
    {
      "line": "Can’t get a hold over me",
      "annotations": {}
    },
    {
      "line": "",
      "annotations": {}
    },
    {
      "line": "[Chorus]",
      "annotations": {
        "Chorus": "Annotation for [Chorus]"
      }
    },
    {
      "line": "You ain’t got no hold over me",
      "annotations": {}
    },
    {
      "line": "I was hurting",
      "annotations": {}
    },
    {
      "line": "Thought it for nothing",
      "annotations": {}
    },
    {
      "line": "How we ended",
      "annotations": {}
    },
    {
      "line": "Had me laden",
      "annotations": {}
    },
    {
      "line": "Playing pretend",
      "annotations": {}
    },
    {
      "line": "This will never end",
      "annotations": {}
    },
    {
      "line": "You ain’t got no hold over me",
      "annotations": {}
    },
    {
      "line": "Pass the buck",
      "annotations": {}
    },
    {
      "line": "Shut me off",
      "annotations": {}
    },
    {
      "line": "Forlorn on my own",
      "annotations": {}
    },
    {
      "line": "No shoulders i cried alone",
      "annotations": {}
    },
    {
      "line": "Alone alone",
      "annotations": {}
    },
    {
      "line": "",
      "annotations": {}
    },
    {
      "line": "[Outro]",
      "annotations": {
        "Outro": "Annotation for [Outro]"
      }
    },
    {
      "line": "I just want you here",
      "annotations": {}
    },
    {
      "line": "Head here pretty",
      "annotations": {}
    },
    {
      "line": "Head here pretty",
      "annotations": {}
    }
  ]
}