{
  "lyrics": [
    {
      "line": "[Intro]",
      "annotations": {}
    },
    {
      "line": "Nika mariana",
      "annotations": {}
    },
    {
      "line": "(laughter)",
      "annotations": {}
    },
    {
      "line": "",
      "annotations": {}
    },
    {
      "line": "[Verse 1]",
      "annotations": {}
    },
    {
      "line": "Have you seen a pretty girl walk around here",
      "annotations": {}
    },
    {
      "line": "(walking around)",
      "annotations": {}
    },
    {
      "line": "She could have your heart",
      "annotations": {}
    },
    {
      "line": "Have you call out",
      "annotations": {}
    },
    {
      "line": "(she got mine)",
      "annotations": {}
    },
    {
      "line": "Help! (help)",
      "annotations": {}
    },
    {
      "line": "I think she just spilled my heart in two",
      "annotations": {}
    },
    {
      "line": "(oh oh)",
      "annotations": {}
    },
    {
      "line": "Help, she just called home alone",
      "annotations": {}
    },
    {
      "line": "(shhh)",
      "annotations": {}
    },
    {
      "line": "Ping on my lover",
      "annotations": {}
    },
    {
      "line": "I hope i get your response real fast",
      "annotations": {}
    },
    {
      "line": "Talking to you",
      "annotations": {}
    },
    {
      "line": "Everyday, don’t bother me no way",
      "annotations": {}
    },
    {
      "line": "",
      "annotations": {}
    },
    {
      "line": "[Verse 2]",
      "annotations": {}
    },
    {
      "line": "I wish i could stare at her",
      "annotations": {}
    },
    {
      "line": "In a manner and spill her garden",
      "annotations": {}
    },
    {
      "line": "Wishing dreams come true",
      "annotations": {}
    },
    {
      "line": "Break her out of her author",
      "annotations": {}
    },
    {
      "line": "Like bеing in her fate",
      "annotations": {}
    },
    {
      "line": "Favourite, pacе it",
      "annotations": {}
    },
    {
      "line": "Oh i grieve my time away",
      "annotations": {}
    },
    {
      "line": "When i’m, freaking",
      "annotations": {}
    },
    {
      "line": "I don’t know what to say",
      "annotations": {}
    },
    {
      "line": "Oh girl, not today",
      "annotations": {}
    },
    {
      "line": "(not today)",
      "annotations": {}
    },
    {
      "line": "Oh lover not today",
      "annotations": {}
    },
    {
      "line": "(not today)",
      "annotations": {}
    },
    {
      "line": "",
      "annotations": {}
    },
    {
      "line": "[Verse 3]",
      "annotations": {}
    },
    {
      "line": "I fall from high ground",
      "annotations": {}
    },
    {
      "line": "To your warm hands my bride",
      "annotations": {}
    },
    {
      "line": "(my bride)",
      "annotations": {}
    },
    {
      "line": "How i’m feeling now",
      "annotations": {}
    },
    {
      "line": "I couldn’t put down with a thousand words",
      "annotations": {}
    },
    {
      "line": "(way)",
      "annotations": {}
    },
    {
      "line": "I might have to write a whole prayer braille",
      "annotations": {}
    },
    {
      "line": "Just to say i crave her visage",
      "annotations": {}
    },
    {
      "line": "(pretty)",
      "annotations": {}
    },
    {
      "line": "Feeling like grease to cars",
      "annotations": {}
    },
    {
      "line": "Let’s go",
      "annotations": {}
    },
    {
      "line": "",
      "annotations": {}
    },
    {
      "line": "[Outro]",
      "annotations": {}
    },
    {
      "line": "Fresh boy chilling",
      "annotations": {}
    }
  ]
}