{
  "lyrics": [
    {
      "line": "[Intro]",
      "annotations": {
        "Intro": "Annotation for [Intro]"
      }
    },
    {
      "line": "I’m making a song for mariam",
      "annotations": {}
    },
    {
      "line": "",
      "annotations": {}
    },
    {
      "line": "[Verse 1]",
      "annotations": {
        "1": "Annotation for 1]",
        "Verse": "Annotation for [Verse"
      }
    },
    {
      "line": "Cos, of course i love her",
      "annotations": {}
    },
    {
      "line": "I can’t deny it",
      "annotations": {}
    },
    {
      "line": "She had me through the rover",
      "annotations": {}
    },
    {
      "line": "That’s no bower",
      "annotations": {}
    },
    {
      "line": "D mn i get her right now",
      "annotations": {}
    },
    {
      "line": "It’s not about when",
      "annotations": {}
    },
    {
      "line": "She’s got me floating",
      "annotations": {}
    },
    {
      "line": "This is so verdict",
      "annotations": {}
    },
    {
      "line": "Valid and i know",
      "annotations": {}
    },
    {
      "line": "Letting known",
      "annotations": {}
    },
    {
      "line": "She’s the air in the moon",
      "annotations": {}
    },
    {
      "line": "But i just wanna go home",
      "annotations": {}
    },
    {
      "line": "And i know",
      "annotations": {}
    },
    {
      "line": "She’s the winning comb",
      "annotations": {}
    },
    {
      "line": "Eff in the moon",
      "annotations": {}
    },
    {
      "line": "But i just wanna go home",
      "annotations": {}
    },
    {
      "line": "When we’re apart",
      "annotations": {}
    },
    {
      "line": "Can’t get the quay",
      "annotations": {}
    },
    {
      "line": "Yes, she has me feeling like this sorry",
      "annotations": {}
    },
    {
      "line": "She’s everything i ever wanted",
      "annotations": {}
    },
    {
      "line": "I can’t deny it",
      "annotations": {}
    },
    {
      "line": "I forget every girl i know",
      "annotations": {}
    },
    {
      "line": "I’ma freaking light it now",
      "annotations": {}
    },
    {
      "line": "She’s the kinda girl",
      "annotations": {}
    },
    {
      "line": "That make you ride, the chauffeur",
      "annotations": {}
    },
    {
      "line": "Dishevelled",
      "annotations": {}
    },
    {
      "line": "Like dance like it’s over",
      "annotations": {}
    },
    {
      "line": "I’m acting like a codger",
      "annotations": {}
    },
    {
      "line": "She’s my ever nova",
      "annotations": {}
    },
    {
      "line": "She’s the colour sweating",
      "annotations": {}
    },
    {
      "line": "On everything that i am saying",
      "annotations": {}
    }
  ]
}