{
  "lyrics": [
    {
      "line": "[Intro]",
      "annotations": {
        "Intro": "Annotation for [Intro]"
      }
    },
    {
      "line": "Fresh boy chilling",
      "annotations": {}
    },
    {
      "line": "Sometimes a phase",
      "annotations": {}
    },
    {
      "line": "We fail, you’re tying me",
      "annotations": {}
    },
    {
      "line": "",
      "annotations": {}
    },
    {
      "line": "[Verse 1]",
      "annotations": {
        "1": "Annotation for 1]",
        "Verse": "Annotation for [Verse"
      }
    },
    {
      "line": "This emotion still pink, a vain",
      "annotations": {}
    },
    {
      "line": "Saying something to my ears",
      "annotations": {}
    },
    {
      "line": "I can’t defy",
      "annotations": {}
    },
    {
      "line": "I just gotta be on my kneels",
      "annotations": {}
    },
    {
      "line": "Say it one time like",
      "annotations": {}
    },
    {
      "line": "I think i caught a fever, leave her",
      "annotations": {}
    },
    {
      "line": "Saying twice",
      "annotations": {}
    },
    {
      "line": "Too many words in my head",
      "annotations": {}
    },
    {
      "line": "Focusing on what is important",
      "annotations": {}
    },
    {
      "line": "Seems to be disgusting",
      "annotations": {}
    },
    {
      "line": "When it’s to you",
      "annotations": {}
    },
    {
      "line": "Oh when it’s not you",
      "annotations": {}
    },
    {
      "line": "I just wanna sing out",
      "annotations": {}
    },
    {
      "line": "",
      "annotations": {}
    },
    {
      "line": "[Bridge]",
      "annotations": {
        "Bridge": "Annotation for [Bridge]"
      }
    },
    {
      "line": "We should pay tribute to love",
      "annotations": {}
    },
    {
      "line": "Not this way, not the sway",
      "annotations": {}
    },
    {
      "line": "",
      "annotations": {}
    },
    {
      "line": "[Chorus]",
      "annotations": {
        "Chorus": "Annotation for [Chorus]"
      }
    },
    {
      "line": "Loving to be real doesn’t have to be honest",
      "annotations": {}
    },
    {
      "line": "I could just say that i want your love",
      "annotations": {}
    },
    {
      "line": "At the moment we just gotta let it all go",
      "annotations": {}
    },
    {
      "line": "Let all the problеms wait at the door",
      "annotations": {}
    },
    {
      "line": "",
      "annotations": {}
    },
    {
      "line": "[Verse 2]",
      "annotations": {
        "2": "Annotation for 2]",
        "Verse": "Annotation for [Verse"
      }
    },
    {
      "line": "Cos my heart is beating fastеr",
      "annotations": {}
    },
    {
      "line": "Than the words you’re saying to me girl",
      "annotations": {}
    },
    {
      "line": "I guess we could tell on the bed",
      "annotations": {}
    },
    {
      "line": "When i’m heavy on you",
      "annotations": {}
    },
    {
      "line": "I hope my weight is not pushing too much",
      "annotations": {}
    },
    {
      "line": "You wonder how he does it too hard now",
      "annotations": {}
    },
    {
      "line": "Does it too hard now",
      "annotations": {}
    },
    {
      "line": "",
      "annotations": {}
    },
    {
      "line": "[Bridge 2]",
      "annotations": {
        "2": "Annotation for 2]",
        "Bridge": "Annotation for [Bridge"
      }
    },
    {
      "line": "I know we are cheaters",
      "annotations": {}
    },
    {
      "line": "Leavers of the ones we love",
      "annotations": {}
    },
    {
      "line": "Who is the most",
      "annotations": {}
    },
    {
      "line": "Who is the best player",
      "annotations": {}
    },
    {
      "line": "And you say",
      "annotations": {}
    },
    {
      "line": "It could never be me",
      "annotations": {}
    },
    {
      "line": "Oh oh",
      "annotations": {}
    },
    {
      "line": "",
      "annotations": {}
    },
    {
      "line": "[Chorus]",
      "annotations": {
        "Chorus": "Annotation for [Chorus]"
      }
    },
    {
      "line": "Loving to be real doesn’t have to be honest",
      "annotations": {}
    },
    {
      "line": "I could just say that i want your love",
      "annotations": {}
    },
    {
      "line": "At the moment we just gotta let it all go",
      "annotations": {}
    },
    {
      "line": "Let all the problems wait at the door",
      "annotations": {}
    }
  ]
}