{
  "lyrics": [
    {
      "line": "[Intro]",
      "annotations": {
        "Intro": "Annotation for [Intro]"
      }
    },
    {
      "line": "I know it hurt sometimes",
      "annotations": {}
    },
    {
      "line": "I’m all right i’ll be fine",
      "annotations": {}
    },
    {
      "line": "",
      "annotations": {}
    },
    {
      "line": "[Verse 1]",
      "annotations": {
        "1": "Annotation for 1]",
        "Verse": "Annotation for [Verse"
      }
    },
    {
      "line": "Hope on the knotted noose stern of a lasso",
      "annotations": {}
    },
    {
      "line": "Strewth!",
      "annotations": {}
    },
    {
      "line": "Down from eerie eaves to the patio",
      "annotations": {}
    },
    {
      "line": "Rush of blood",
      "annotations": {}
    },
    {
      "line": "Rush of blood",
      "annotations": {}
    },
    {
      "line": "Heart stops",
      "annotations": {}
    },
    {
      "line": "Mine bumps",
      "annotations": {}
    },
    {
      "line": "Void of name",
      "annotations": {}
    },
    {
      "line": "Still i eat you alive",
      "annotations": {}
    },
    {
      "line": "Carry on",
      "annotations": {}
    },
    {
      "line": "Carry on",
      "annotations": {}
    },
    {
      "line": "Though benighted",
      "annotations": {}
    },
    {
      "line": "I’ma still lay you beside me",
      "annotations": {}
    },
    {
      "line": "Heart pieces my kintsugi",
      "annotations": {}
    },
    {
      "line": "",
      "annotations": {}
    },
    {
      "line": "[Bridge]",
      "annotations": {
        "Bridge": "Annotation for [Bridge]"
      }
    },
    {
      "line": "I don’t see you in a better light",
      "annotations": {}
    },
    {
      "line": "Parts receptacle in, make it feel right",
      "annotations": {}
    },
    {
      "line": "Together this heart wreck could be pithy",
      "annotations": {}
    },
    {
      "line": "You’d rather have it last the night",
      "annotations": {}
    },
    {
      "line": "But i’m",
      "annotations": {}
    },
    {
      "line": "Still stuck on you",
      "annotations": {}
    },
    {
      "line": "Demise of my reason",
      "annotations": {}
    },
    {
      "line": "Cos this heart construed",
      "annotations": {}
    },
    {
      "line": "Pillow talk till our stalk the talk of the heavens",
      "annotations": {}
    },
    {
      "line": "Smiles of ivory (smiles of ivory)",
      "annotations": {}
    },
    {
      "line": "Our own penitentiary",
      "annotations": {}
    },
    {
      "line": "",
      "annotations": {}
    },
    {
      "line": "[Chorus]",
      "annotations": {
        "Chorus": "Annotation for [Chorus]"
      }
    },
    {
      "line": "I know it hurt sometimes",
      "annotations": {}
    },
    {
      "line": "I’m all right i’ll be fine",
      "annotations": {}
    },
    {
      "line": "I know it hurt at times",
      "annotations": {}
    },
    {
      "line": "I’m all right i’ll be fine",
      "annotations": {}
    },
    {
      "line": "",
      "annotations": {}
    },
    {
      "line": "[Verse 2]",
      "annotations": {
        "2": "Annotation for 2]",
        "Verse": "Annotation for [Verse"
      }
    },
    {
      "line": "Quaggy heart takes no slithery",
      "annotations": {}
    },
    {
      "line": "Staying still streaks of misery",
      "annotations": {}
    },
    {
      "line": "Pretty girl with silly dreams",
      "annotations": {}
    },
    {
      "line": "Bad wheat makes no dizzy gleams",
      "annotations": {}
    },
    {
      "line": "This hurts like picking bins",
      "annotations": {}
    },
    {
      "line": "Me minus i results in why",
      "annotations": {}
    },
    {
      "line": "Still i’ll give self for a better shelf",
      "annotations": {}
    },
    {
      "line": "Would you be my belt",
      "annotations": {}
    },
    {
      "line": "When sheaths don’t hold",
      "annotations": {}
    },
    {
      "line": "And oars ply burrows",
      "annotations": {}
    },
    {
      "line": "Would you play till tomorrow",
      "annotations": {}
    },
    {
      "line": "Sake a pale and wake the tale",
      "annotations": {}
    },
    {
      "line": "Crane for the page",
      "annotations": {}
    },
    {
      "line": "A lengthy all we did",
      "annotations": {}
    },
    {
      "line": "Retorting",
      "annotations": {}
    },
    {
      "line": "Depressing",
      "annotations": {}
    },
    {
      "line": "The common pipette in",
      "annotations": {}
    },
    {
      "line": "Till we thought we had a thing",
      "annotations": {}
    },
    {
      "line": "Top lid",
      "annotations": {}
    },
    {
      "line": "We all did",
      "annotations": {}
    },
    {
      "line": "Eyes shut to the already drained",
      "annotations": {}
    },
    {
      "line": "A breaking admit",
      "annotations": {}
    },
    {
      "line": "",
      "annotations": {}
    },
    {
      "line": "[Bridge]",
      "annotations": {
        "Bridge": "Annotation for [Bridge]"
      }
    },
    {
      "line": "Pillow talk till our stalk the talk of the heavens",
      "annotations": {}
    },
    {
      "line": "Smiles of ivory",
      "annotations": {}
    },
    {
      "line": "Our own penitentiary",
      "annotations": {}
    },
    {
      "line": "",
      "annotations": {}
    },
    {
      "line": "[Chorus]",
      "annotations": {
        "Chorus": "Annotation for [Chorus]"
      }
    },
    {
      "line": "I know it hurt sometimes",
      "annotations": {}
    },
    {
      "line": "I’m all right i’ll be fine",
      "annotations": {}
    },
    {
      "line": "I know it hurt at times",
      "annotations": {}
    },
    {
      "line": "I’m all right i’ll be fine",
      "annotations": {}
    },
    {
      "line": "I know it hurt sometimes",
      "annotations": {}
    },
    {
      "line": "I’m all right i’ll be fine",
      "annotations": {}
    },
    {
      "line": "I know it hurt at times",
      "annotations": {}
    },
    {
      "line": "I’m all right i’ll be fine",
      "annotations": {}
    },
    {
      "line": "",
      "annotations": {}
    },
    {
      "line": "[Outro]",
      "annotations": {
        "Outro": "Annotation for [Outro]"
      }
    },
    {
      "line": "I know",
      "annotations": {}
    },
    {
      "line": "I know",
      "annotations": {}
    },
    {
      "line": "It hurt at times",
      "annotations": {}
    },
    {
      "line": "Hurt at times",
      "annotations": {}
    },
    {
      "line": "I know",
      "annotations": {}
    },
    {
      "line": "I know",
      "annotations": {}
    },
    {
      "line": "It hurt at times",
      "annotations": {}
    },
    {
      "line": "Hurts",
      "annotations": {}
    }
  ]
}