{
  "lyrics": [
    {
      "line": "[Intro]",
      "annotations": {}
    },
    {
      "line": "Missing you",
      "annotations": {}
    },
    {
      "line": "Missing you",
      "annotations": {}
    },
    {
      "line": "Then why hold it back",
      "annotations": {}
    },
    {
      "line": "Let the words",
      "annotations": {}
    },
    {
      "line": "I ‘on’t really mean",
      "annotations": {}
    },
    {
      "line": "",
      "annotations": {}
    },
    {
      "line": "[Verse 1]",
      "annotations": {}
    },
    {
      "line": "When he is down for you",
      "annotations": {}
    },
    {
      "line": "He’s down, real down",
      "annotations": {}
    },
    {
      "line": "How i lose my d mn mind",
      "annotations": {}
    },
    {
      "line": "When he is down for you",
      "annotations": {}
    },
    {
      "line": "He’s down",
      "annotations": {}
    },
    {
      "line": "How i godd mn lose my mind",
      "annotations": {}
    },
    {
      "line": "Take my love",
      "annotations": {}
    },
    {
      "line": "It’s a fight when you got it",
      "annotations": {}
    },
    {
      "line": "Don’t know ma",
      "annotations": {}
    },
    {
      "line": "How i lose it",
      "annotations": {}
    },
    {
      "line": "Take my love girl",
      "annotations": {}
    },
    {
      "line": "When you got it",
      "annotations": {}
    },
    {
      "line": "I can’t put a finger how i lose you",
      "annotations": {}
    },
    {
      "line": "Talk to me",
      "annotations": {}
    },
    {
      "line": "Don’t you hold back",
      "annotations": {}
    },
    {
      "line": "My heart it is on wait",
      "annotations": {}
    },
    {
      "line": "It is not going back",
      "annotations": {}
    },
    {
      "line": "Nothing ever phases me",
      "annotations": {}
    },
    {
      "line": "It is just this love",
      "annotations": {}
    },
    {
      "line": "I don’t want yours fizzling out",
      "annotations": {}
    },
    {
      "line": "We got about a minute to hold it down",
      "annotations": {}
    },
    {
      "line": "I ‘on’t know if my mind is slowly soaring around",
      "annotations": {}
    },
    {
      "line": "",
      "annotations": {}
    },
    {
      "line": "[Outro]",
      "annotations": {}
    },
    {
      "line": "Cut that sh t out",
      "annotations": {}
    },
    {
      "line": "I changed my mind",
      "annotations": {}
    },
    {
      "line": "Thank you",
      "annotations": {}
    }
  ]
}