{
  "lyrics": [
    {
      "line": "[Intro]",
      "annotations": {
        "Intro": "Annotation for [Intro]"
      }
    },
    {
      "line": "Woah, woah, woah, yeah",
      "annotations": {}
    },
    {
      "line": "She had me from the start undenying",
      "annotations": {}
    },
    {
      "line": "Ah!",
      "annotations": {}
    },
    {
      "line": "She had me through it all",
      "annotations": {}
    },
    {
      "line": "And in her heart it was burning",
      "annotations": {}
    },
    {
      "line": "Yeah",
      "annotations": {}
    },
    {
      "line": "How you had me from the start",
      "annotations": {}
    },
    {
      "line": "Beats me yeah",
      "annotations": {}
    },
    {
      "line": "How you had me from the start",
      "annotations": {}
    },
    {
      "line": "I can’t put it down",
      "annotations": {}
    },
    {
      "line": "How you had me from the start",
      "annotations": {}
    },
    {
      "line": "That beats me",
      "annotations": {}
    },
    {
      "line": "How you had me from the start",
      "annotations": {}
    },
    {
      "line": "I can’t put it down",
      "annotations": {}
    },
    {
      "line": "",
      "annotations": {}
    },
    {
      "line": "[Verse 1]",
      "annotations": {
        "1": "Annotation for 1]",
        "Verse": "Annotation for [Verse"
      }
    },
    {
      "line": "Hold me down",
      "annotations": {}
    },
    {
      "line": "For the sake",
      "annotations": {}
    },
    {
      "line": "You won’t be around",
      "annotations": {}
    },
    {
      "line": "My heart still beats like a round",
      "annotations": {}
    },
    {
      "line": "My heart still bleeds like a crown",
      "annotations": {}
    },
    {
      "line": "How you had me from the start",
      "annotations": {}
    },
    {
      "line": "Beats me",
      "annotations": {}
    },
    {
      "line": "I can’t nail it out",
      "annotations": {}
    },
    {
      "line": "You see",
      "annotations": {}
    },
    {
      "line": "I can’t care about other things",
      "annotations": {}
    },
    {
      "line": "I can’t get out of this",
      "annotations": {}
    },
    {
      "line": "I don’t want a holy crone",
      "annotations": {}
    },
    {
      "line": "You should know that i’ll be herе",
      "annotations": {}
    },
    {
      "line": "Where the whorе down",
      "annotations": {}
    },
    {
      "line": "I don’t wanna let you go",
      "annotations": {}
    },
    {
      "line": "You should know that i’ll be right here",
      "annotations": {}
    },
    {
      "line": "Wedding wheel",
      "annotations": {}
    },
    {
      "line": "How you got me from the start",
      "annotations": {}
    },
    {
      "line": "Got me singing",
      "annotations": {}
    },
    {
      "line": "If you don’t love me then",
      "annotations": {}
    },
    {
      "line": "Cede it right now",
      "annotations": {}
    },
    {
      "line": "How you got me from the start",
      "annotations": {}
    },
    {
      "line": "Had me seeking",
      "annotations": {}
    },
    {
      "line": "Woah, way you down my liner",
      "annotations": {}
    },
    {
      "line": "Now i’m at this port now",
      "annotations": {}
    },
    {
      "line": "And it feels that",
      "annotations": {}
    },
    {
      "line": "I can’t delete her",
      "annotations": {}
    },
    {
      "line": "How you got me from the start",
      "annotations": {}
    },
    {
      "line": "Got me feeling alright",
      "annotations": {}
    },
    {
      "line": "Now i can’t help it",
      "annotations": {}
    },
    {
      "line": "Let you go",
      "annotations": {}
    },
    {
      "line": "Woah",
      "annotations": {}
    },
    {
      "line": "Back to this sh t",
      "annotations": {}
    },
    {
      "line": "Like a handed down shame",
      "annotations": {}
    },
    {
      "line": "Woah",
      "annotations": {}
    },
    {
      "line": "I can’t jot this sh t down",
      "annotations": {}
    },
    {
      "line": "Like i just had to hum the hook sound",
      "annotations": {}
    },
    {
      "line": "How you had me",
      "annotations": {}
    },
    {
      "line": "It’s dope in all of my arteries",
      "annotations": {}
    },
    {
      "line": "How you had me",
      "annotations": {}
    },
    {
      "line": "Cutting all my vices",
      "annotations": {}
    },
    {
      "line": "How you had me",
      "annotations": {}
    },
    {
      "line": "When i was stuck",
      "annotations": {}
    },
    {
      "line": "At my momma’s place",
      "annotations": {}
    },
    {
      "line": "Tryna beat the heartbeat",
      "annotations": {}
    },
    {
      "line": "Now i’m back with this freaking rap sh t",
      "annotations": {}
    },
    {
      "line": "Acting like i can’t get you out that sh t",
      "annotations": {}
    },
    {
      "line": "Hum dum map",
      "annotations": {}
    },
    {
      "line": "It’s how you put me",
      "annotations": {}
    },
    {
      "line": "When i’m mad sh t",
      "annotations": {}
    },
    {
      "line": "Threw my hundreds",
      "annotations": {}
    },
    {
      "line": "How you say it is the right sh t",
      "annotations": {}
    },
    {
      "line": "I’ll be in the place",
      "annotations": {}
    },
    {
      "line": "Trying to focus on the real sh t",
      "annotations": {}
    },
    {
      "line": "Bullsh t",
      "annotations": {}
    },
    {
      "line": "Scheming on my face",
      "annotations": {}
    },
    {
      "line": "Like it’s no sh t",
      "annotations": {}
    },
    {
      "line": "I’ll be in my head",
      "annotations": {}
    },
    {
      "line": "Trying to focus on the right sh t",
      "annotations": {}
    },
    {
      "line": "Bullsh t",
      "annotations": {}
    },
    {
      "line": "Scheming’ in my face",
      "annotations": {}
    },
    {
      "line": "That’s the wrong sh t",
      "annotations": {}
    },
    {
      "line": "How you had me from the start",
      "annotations": {}
    },
    {
      "line": "For one, it is her",
      "annotations": {}
    }
  ]
}