{
  "lyrics": [
    {
      "line": "[Verse 1]",
      "annotations": {}
    },
    {
      "line": "And it goes",
      "annotations": {}
    },
    {
      "line": "And it goes",
      "annotations": {}
    },
    {
      "line": "Summer times on the road",
      "annotations": {}
    },
    {
      "line": "Where did my clothes go",
      "annotations": {}
    },
    {
      "line": "I feel that i’m my own",
      "annotations": {}
    },
    {
      "line": "Bother and troubles",
      "annotations": {}
    },
    {
      "line": "I feel that i’m my own hubble",
      "annotations": {}
    },
    {
      "line": "And i’m looking at your",
      "annotations": {}
    },
    {
      "line": "Body, body, body girl",
      "annotations": {}
    },
    {
      "line": "Out there in outer sp ce",
      "annotations": {}
    },
    {
      "line": "You dazzle me",
      "annotations": {}
    },
    {
      "line": "And i can’t",
      "annotations": {}
    },
    {
      "line": "Get you out of",
      "annotations": {}
    },
    {
      "line": "Out of my mind",
      "annotations": {}
    },
    {
      "line": "",
      "annotations": {}
    },
    {
      "line": "[Verse 2]",
      "annotations": {}
    },
    {
      "line": "How you look so beautiful",
      "annotations": {}
    },
    {
      "line": "(beautiful)",
      "annotations": {}
    },
    {
      "line": "How you’re looking so beautiful",
      "annotations": {}
    },
    {
      "line": "(beautiful)",
      "annotations": {}
    },
    {
      "line": "How you were well to know",
      "annotations": {}
    },
    {
      "line": "I must be blind",
      "annotations": {}
    },
    {
      "line": "(i’m blind)",
      "annotations": {}
    },
    {
      "line": "I know for sure",
      "annotations": {}
    },
    {
      "line": "I must be on my last drive",
      "annotations": {}
    },
    {
      "line": "And i’m hitting your way",
      "annotations": {}
    },
    {
      "line": "Your way, your way",
      "annotations": {}
    },
    {
      "line": "",
      "annotations": {}
    },
    {
      "line": "[Verse 3]",
      "annotations": {}
    },
    {
      "line": "Girl therapy",
      "annotations": {}
    },
    {
      "line": "Day your way will be the last cline",
      "annotations": {}
    },
    {
      "line": "There’s no where further from this",
      "annotations": {}
    },
    {
      "line": "Further from you",
      "annotations": {}
    },
    {
      "line": "I see nothing further from you",
      "annotations": {}
    },
    {
      "line": "Arriving at your home",
      "annotations": {}
    },
    {
      "line": "I’ll find your place",
      "annotations": {}
    },
    {
      "line": "Oh oh",
      "annotations": {}
    },
    {
      "line": "I’ll find your address",
      "annotations": {}
    },
    {
      "line": "And say i’m at the way",
      "annotations": {}
    }
  ]
}