{
  "lyrics": [
    {
      "line": "[Chorus]",
      "annotations": {
        "Chorus": "Annotation for [Chorus]"
      }
    },
    {
      "line": "Humming the words",
      "annotations": {}
    },
    {
      "line": "Humming your name",
      "annotations": {}
    },
    {
      "line": "All again",
      "annotations": {}
    },
    {
      "line": "Humming the words",
      "annotations": {}
    },
    {
      "line": "Humming your name",
      "annotations": {}
    },
    {
      "line": "Juice in my cup",
      "annotations": {}
    },
    {
      "line": "Just a mock up",
      "annotations": {}
    },
    {
      "line": "Get me through the day",
      "annotations": {}
    },
    {
      "line": "This smooth top",
      "annotations": {}
    },
    {
      "line": "A small talk",
      "annotations": {}
    },
    {
      "line": "Get me through the day",
      "annotations": {}
    },
    {
      "line": "",
      "annotations": {}
    },
    {
      "line": "[Verse 1]",
      "annotations": {
        "1": "Annotation for 1]",
        "Verse": "Annotation for [Verse"
      }
    },
    {
      "line": "Is a smack better",
      "annotations": {}
    },
    {
      "line": "Dearth better",
      "annotations": {}
    },
    {
      "line": "Couldn’t receive",
      "annotations": {}
    },
    {
      "line": "Couldn’t deceive",
      "annotations": {}
    },
    {
      "line": "Is this smile better?",
      "annotations": {}
    },
    {
      "line": "Is this my betting?",
      "annotations": {}
    },
    {
      "line": "Check the recipient",
      "annotations": {}
    },
    {
      "line": "Couldn’t reset",
      "annotations": {}
    },
    {
      "line": "Hit up p wn lean",
      "annotations": {}
    },
    {
      "line": "I’d get you",
      "annotations": {}
    },
    {
      "line": "All the time",
      "annotations": {}
    },
    {
      "line": "Mow the time",
      "annotations": {}
    },
    {
      "line": "Hit up on here",
      "annotations": {}
    },
    {
      "line": "I’ll get it all the timе",
      "annotations": {}
    },
    {
      "line": "More the time",
      "annotations": {}
    },
    {
      "line": "",
      "annotations": {}
    },
    {
      "line": "[Verse 2]",
      "annotations": {
        "2": "Annotation for 2]",
        "Verse": "Annotation for [Verse"
      }
    },
    {
      "line": "Miss no bish",
      "annotations": {}
    },
    {
      "line": "Giving",
      "annotations": {}
    },
    {
      "line": "Lip sipping",
      "annotations": {}
    },
    {
      "line": "Ah ah",
      "annotations": {}
    },
    {
      "line": "On my way",
      "annotations": {}
    },
    {
      "line": "Miss no bish",
      "annotations": {}
    },
    {
      "line": "Lip sipping",
      "annotations": {}
    },
    {
      "line": "Big giving",
      "annotations": {}
    },
    {
      "line": "Big living",
      "annotations": {}
    },
    {
      "line": "Tipping on my siеving",
      "annotations": {}
    },
    {
      "line": "I got it on my weaving",
      "annotations": {}
    },
    {
      "line": "Her light in my eyes",
      "annotations": {}
    },
    {
      "line": "That’s the reason",
      "annotations": {}
    },
    {
      "line": "And i’m up i am here busy in m.i.a",
      "annotations": {}
    },
    {
      "line": "",
      "annotations": {}
    },
    {
      "line": "[Chorus]",
      "annotations": {
        "Chorus": "Annotation for [Chorus]"
      }
    },
    {
      "line": "Humming the words",
      "annotations": {}
    },
    {
      "line": "Humming your name",
      "annotations": {}
    },
    {
      "line": "All again",
      "annotations": {}
    },
    {
      "line": "Humming the words",
      "annotations": {}
    },
    {
      "line": "Humming your name",
      "annotations": {}
    },
    {
      "line": "(oh, we yarn)",
      "annotations": {}
    },
    {
      "line": "Juice in my cup",
      "annotations": {}
    },
    {
      "line": "Just a mock up",
      "annotations": {}
    },
    {
      "line": "Get me through the day",
      "annotations": {}
    },
    {
      "line": "This smooth top (smooth)",
      "annotations": {}
    },
    {
      "line": "A small talk",
      "annotations": {}
    },
    {
      "line": "Get me through the day",
      "annotations": {}
    }
  ]
}