{
  "lyrics": [
    {
      "line": "[Verse 1]",
      "annotations": {}
    },
    {
      "line": "She’s like no other",
      "annotations": {}
    },
    {
      "line": "That’s why she’s my girl",
      "annotations": {}
    },
    {
      "line": "She blows the covers",
      "annotations": {}
    },
    {
      "line": "That’s why she’s my wifey",
      "annotations": {}
    },
    {
      "line": "My love like no other",
      "annotations": {}
    },
    {
      "line": "Come here be my",
      "annotations": {}
    },
    {
      "line": "Yup",
      "annotations": {}
    },
    {
      "line": "Be my hump",
      "annotations": {}
    },
    {
      "line": "",
      "annotations": {}
    },
    {
      "line": "[Verse 2]",
      "annotations": {}
    },
    {
      "line": "Wimple off that’s her club",
      "annotations": {}
    },
    {
      "line": "Pair is on, won’t you what say was wrong",
      "annotations": {}
    },
    {
      "line": "Mine’s been on for a thousand years",
      "annotations": {}
    },
    {
      "line": "If we are a soul",
      "annotations": {}
    },
    {
      "line": "I think woah",
      "annotations": {}
    },
    {
      "line": "All i ever do is clean on my phone",
      "annotations": {}
    },
    {
      "line": "Tryna know if i ever took a petty role",
      "annotations": {}
    },
    {
      "line": "Merry go, take away the year",
      "annotations": {}
    },
    {
      "line": "She ghosts, i don’t feel my toes",
      "annotations": {}
    },
    {
      "line": "My love’s been hock . . .",
      "annotations": {}
    },
    {
      "line": "Till you lie in orient",
      "annotations": {}
    },
    {
      "line": "I need to know",
      "annotations": {}
    },
    {
      "line": "Would you let me go",
      "annotations": {}
    },
    {
      "line": "No, another road",
      "annotations": {}
    },
    {
      "line": "For it we go, let’s just go",
      "annotations": {}
    },
    {
      "line": "",
      "annotations": {}
    },
    {
      "line": "[Verse 3]",
      "annotations": {}
    },
    {
      "line": "Mayday, my lady has been calling me",
      "annotations": {}
    },
    {
      "line": "Saying baby",
      "annotations": {}
    },
    {
      "line": "I think i want that wedding ring",
      "annotations": {}
    },
    {
      "line": "Oh oh oh oh",
      "annotations": {}
    },
    {
      "line": "I think i want that wedding ring",
      "annotations": {}
    },
    {
      "line": "Spinning drag",
      "annotations": {}
    },
    {
      "line": "Why do we go",
      "annotations": {}
    },
    {
      "line": "I could do the racing in the running and gone",
      "annotations": {}
    },
    {
      "line": "I know, every time i’m on it",
      "annotations": {}
    },
    {
      "line": "Like a police",
      "annotations": {}
    },
    {
      "line": "Chasing you my pretty fugitive",
      "annotations": {}
    },
    {
      "line": "I’m your police",
      "annotations": {}
    },
    {
      "line": "I’m unto you my wifey",
      "annotations": {}
    },
    {
      "line": "I’m unto you my wifey",
      "annotations": {}
    },
    {
      "line": "I’m unto you my wifey",
      "annotations": {}
    }
  ]
}