{
  "lyrics": [
    {
      "line": "[Verse 1]",
      "annotations": {}
    },
    {
      "line": "Register, i’m taking my affairs seriously",
      "annotations": {}
    },
    {
      "line": "I don’t give a f ck what they say",
      "annotations": {}
    },
    {
      "line": "I’m with the facade like an edifice",
      "annotations": {}
    },
    {
      "line": "I don’t give a f ck what they put on this time",
      "annotations": {}
    },
    {
      "line": "I’m a man",
      "annotations": {}
    },
    {
      "line": "So you come around and help me with my plans",
      "annotations": {}
    },
    {
      "line": "You can have my hands",
      "annotations": {}
    },
    {
      "line": "Say my name, i get it",
      "annotations": {}
    },
    {
      "line": "I don’t give a f ck what they say on the reddit",
      "annotations": {}
    },
    {
      "line": "What they put on my very frame",
      "annotations": {}
    },
    {
      "line": "Got my headphones",
      "annotations": {}
    },
    {
      "line": "Saying i was plugged",
      "annotations": {}
    },
    {
      "line": "Taking her sorrow",
      "annotations": {}
    },
    {
      "line": "Not good a goal",
      "annotations": {}
    },
    {
      "line": "I don’t know",
      "annotations": {}
    },
    {
      "line": "What put me on",
      "annotations": {}
    },
    {
      "line": "Maybe it is a taste of this or diss or these days",
      "annotations": {}
    },
    {
      "line": "You want me in more tears",
      "annotations": {}
    },
    {
      "line": "Why",
      "annotations": {}
    },
    {
      "line": "You want me and i don’t get it",
      "annotations": {}
    },
    {
      "line": "",
      "annotations": {}
    },
    {
      "line": "[Verse 2]",
      "annotations": {}
    },
    {
      "line": "Chapter, there a freak o lane",
      "annotations": {}
    },
    {
      "line": "I’m not what you say i pray",
      "annotations": {}
    },
    {
      "line": "Am i the devil",
      "annotations": {}
    },
    {
      "line": "I’m not the only one",
      "annotations": {}
    },
    {
      "line": "Am i the one who has never been better",
      "annotations": {}
    },
    {
      "line": "It just gets quieter",
      "annotations": {}
    },
    {
      "line": "When i take my time",
      "annotations": {}
    },
    {
      "line": "I ponder when the song makes it mine",
      "annotations": {}
    },
    {
      "line": "Does it ever make it mine",
      "annotations": {}
    },
    {
      "line": "Your smile go a long line",
      "annotations": {}
    },
    {
      "line": "Meaning i’m alone",
      "annotations": {}
    },
    {
      "line": "",
      "annotations": {}
    },
    {
      "line": "[Outro]",
      "annotations": {}
    },
    {
      "line": "Maybe a rothschild smile, hmm",
      "annotations": {}
    },
    {
      "line": "New m",
      "annotations": {}
    },
    {
      "line": "I remember in my office",
      "annotations": {}
    },
    {
      "line": "Like just being myself",
      "annotations": {}
    },
    {
      "line": "Just like",
      "annotations": {}
    },
    {
      "line": "Oh, i’ll never meet one",
      "annotations": {}
    },
    {
      "line": "Like never, or talk to one",
      "annotations": {}
    }
  ]
}