{
  "lyrics": [
    {
      "line": "[Verse 1]",
      "annotations": {}
    },
    {
      "line": "I never meant to hurt you",
      "annotations": {}
    },
    {
      "line": "All i ever wanted was some closure",
      "annotations": {}
    },
    {
      "line": "Baby we need to come closer",
      "annotations": {}
    },
    {
      "line": "Ah!",
      "annotations": {}
    },
    {
      "line": "I swear i never meant to hurt you",
      "annotations": {}
    },
    {
      "line": "All i ever wanted was some closure",
      "annotations": {}
    },
    {
      "line": "With some clothes on",
      "annotations": {}
    },
    {
      "line": "Cos it is cold out here",
      "annotations": {}
    },
    {
      "line": "And i’ve been hurt so many times",
      "annotations": {}
    },
    {
      "line": "Ah!",
      "annotations": {}
    },
    {
      "line": "Got my heart numb like a f cking glock",
      "annotations": {}
    },
    {
      "line": "Ah!",
      "annotations": {}
    },
    {
      "line": "Girl you got me looking at you from a side",
      "annotations": {}
    },
    {
      "line": "Ah! i’ma be fine",
      "annotations": {}
    },
    {
      "line": "Call me when there is no one there",
      "annotations": {}
    },
    {
      "line": "I’ll be right there just to ease your pain",
      "annotations": {}
    },
    {
      "line": "Cos i’ve been hurting too",
      "annotations": {}
    },
    {
      "line": "Yeah, i’ve been hurting too",
      "annotations": {}
    },
    {
      "line": "Tell me why our love gotta so bad",
      "annotations": {}
    },
    {
      "line": "Maybe then i could put you on the map",
      "annotations": {}
    },
    {
      "line": "Tell me why our love gotta hurt so bad",
      "annotations": {}
    },
    {
      "line": "Baby i feel better when i pop these pills",
      "annotations": {}
    },
    {
      "line": "Oh lord, you gotta come now",
      "annotations": {}
    },
    {
      "line": "Cos i can’t take it no more",
      "annotations": {}
    },
    {
      "line": "(ah)",
      "annotations": {}
    },
    {
      "line": "I feel you and i was made for better",
      "annotations": {}
    },
    {
      "line": "",
      "annotations": {}
    },
    {
      "line": "[Outro: tai lopez]",
      "annotations": {}
    },
    {
      "line": "Most common question i get about",
      "annotations": {}
    }
  ]
}