{
  "lyrics": [
    {
      "line": "[Intro]",
      "annotations": {}
    },
    {
      "line": "Fresh boy chilling",
      "annotations": {}
    },
    {
      "line": "",
      "annotations": {}
    },
    {
      "line": "[Verse 1]",
      "annotations": {}
    },
    {
      "line": "Playing these games",
      "annotations": {}
    },
    {
      "line": "Though we call it kings games",
      "annotations": {}
    },
    {
      "line": "Playing this same dames",
      "annotations": {}
    },
    {
      "line": "Over and over on the radio",
      "annotations": {}
    },
    {
      "line": "And i know who has got this",
      "annotations": {}
    },
    {
      "line": "And i know who is going to get this",
      "annotations": {}
    },
    {
      "line": "When i say he got the mark",
      "annotations": {}
    },
    {
      "line": "I’m never on num band",
      "annotations": {}
    },
    {
      "line": "Oh give it up",
      "annotations": {}
    },
    {
      "line": "I get eviscerated",
      "annotations": {}
    },
    {
      "line": "I never say",
      "annotations": {}
    },
    {
      "line": "I’m being lance sake; stays",
      "annotations": {}
    },
    {
      "line": "",
      "annotations": {}
    },
    {
      "line": "[Chorus]",
      "annotations": {}
    },
    {
      "line": "When i get a girl, i just see your face",
      "annotations": {}
    },
    {
      "line": "When you told me",
      "annotations": {}
    },
    {
      "line": "That you gonna always be my saviour",
      "annotations": {}
    },
    {
      "line": "I get the ghetto",
      "annotations": {}
    },
    {
      "line": "I get the foetus",
      "annotations": {}
    },
    {
      "line": "I get the always lean on my",
      "annotations": {}
    },
    {
      "line": "Hey, you will grow up",
      "annotations": {}
    },
    {
      "line": "",
      "annotations": {}
    },
    {
      "line": "[Verse 2]",
      "annotations": {}
    },
    {
      "line": "I’m bust on this",
      "annotations": {}
    },
    {
      "line": "When i hit the scene like i’m lost on this",
      "annotations": {}
    },
    {
      "line": "When i take my time i get enough of this",
      "annotations": {}
    },
    {
      "line": "How do i lead myself with this",
      "annotations": {}
    },
    {
      "line": "When i’m stuck in the same place i started",
      "annotations": {}
    },
    {
      "line": "With nothing to put on the pavement",
      "annotations": {}
    },
    {
      "line": "And i know that i got a placement",
      "annotations": {}
    },
    {
      "line": "Will it be the same?",
      "annotations": {}
    },
    {
      "line": "That’s a nutter",
      "annotations": {}
    },
    {
      "line": "Because this is not adjacent",
      "annotations": {}
    },
    {
      "line": "I’m lost on nay faces",
      "annotations": {}
    },
    {
      "line": "Hilt, like i gotta do it",
      "annotations": {}
    },
    {
      "line": "Demise on many men",
      "annotations": {}
    },
    {
      "line": "I’m knowing when i’m calling",
      "annotations": {}
    },
    {
      "line": "I’m saving one year of howling",
      "annotations": {}
    },
    {
      "line": "Like he’s seating out of buckingham",
      "annotations": {}
    },
    {
      "line": "And i’m hauling in, sending enough frigates",
      "annotations": {}
    },
    {
      "line": "And i get, i in ghetto",
      "annotations": {}
    },
    {
      "line": "You’re not that supposed with it",
      "annotations": {}
    },
    {
      "line": "Crutch with it, like he’s never haunted",
      "annotations": {}
    },
    {
      "line": "I’m just an artist tryna get the claw at this",
      "annotations": {}
    },
    {
      "line": "Hoping, i never forfeit",
      "annotations": {}
    },
    {
      "line": "What’s important than a foe",
      "annotations": {}
    },
    {
      "line": "What i know i gotta say on this",
      "annotations": {}
    },
    {
      "line": "Trying to save myself",
      "annotations": {}
    },
    {
      "line": "Never savour myself",
      "annotations": {}
    },
    {
      "line": "Wish you, wish you, that is me",
      "annotations": {}
    },
    {
      "line": "Cos, i’ve been where you’ve been like",
      "annotations": {}
    },
    {
      "line": "You’ve been with that bin at",
      "annotations": {}
    },
    {
      "line": "It is there for reeling",
      "annotations": {}
    },
    {
      "line": "We’re tryna get it, all the districts",
      "annotations": {}
    },
    {
      "line": "Like we’re tryna do it for the",
      "annotations": {}
    },
    {
      "line": "Frisson with the acne faces",
      "annotations": {}
    },
    {
      "line": "I keep plundering your kales",
      "annotations": {}
    },
    {
      "line": "Like it’s just shallots",
      "annotations": {}
    },
    {
      "line": "Yeah",
      "annotations": {}
    }
  ]
}