{
  "lyrics": [
    {
      "line": "[Intro]",
      "annotations": {}
    },
    {
      "line": "Yup",
      "annotations": {}
    },
    {
      "line": "Never get it right",
      "annotations": {}
    },
    {
      "line": "Something like i’m tossing in my brain",
      "annotations": {}
    },
    {
      "line": "And i get a quarter, a payday",
      "annotations": {}
    },
    {
      "line": "Eh?",
      "annotations": {}
    },
    {
      "line": "",
      "annotations": {}
    },
    {
      "line": "[Verse 1]",
      "annotations": {}
    },
    {
      "line": "It is slim grate",
      "annotations": {}
    },
    {
      "line": "With my f cking lady",
      "annotations": {}
    },
    {
      "line": "I don’t ever say it",
      "annotations": {}
    },
    {
      "line": "I just pace and paste it",
      "annotations": {}
    },
    {
      "line": "How many? have a taste",
      "annotations": {}
    },
    {
      "line": "Feels like something",
      "annotations": {}
    },
    {
      "line": "I can’t get a phase off",
      "annotations": {}
    },
    {
      "line": "I’ma just give a pickle weather",
      "annotations": {}
    },
    {
      "line": "Take a whole",
      "annotations": {}
    },
    {
      "line": "Holding out",
      "annotations": {}
    },
    {
      "line": "Nasty, quilts top sh t",
      "annotations": {}
    },
    {
      "line": "I’m not slovenly, i’m just cuddling",
      "annotations": {}
    },
    {
      "line": "I’m just a sovereign, a lean",
      "annotations": {}
    },
    {
      "line": "Am i overly holding all my thoughts",
      "annotations": {}
    },
    {
      "line": "",
      "annotations": {}
    },
    {
      "line": "[Chorus]",
      "annotations": {}
    },
    {
      "line": "I pray",
      "annotations": {}
    },
    {
      "line": "When it sink it down",
      "annotations": {}
    },
    {
      "line": "I pray",
      "annotations": {}
    },
    {
      "line": "Hollers in the rear",
      "annotations": {}
    },
    {
      "line": "When you look up in it",
      "annotations": {}
    },
    {
      "line": "I pray",
      "annotations": {}
    },
    {
      "line": "I can’t get enough, i see it",
      "annotations": {}
    },
    {
      "line": "I pray",
      "annotations": {}
    },
    {
      "line": "Suckling in the sum reign",
      "annotations": {}
    },
    {
      "line": "Oh ah ah",
      "annotations": {}
    },
    {
      "line": "Sweating money getter",
      "annotations": {}
    },
    {
      "line": "You can’t get it right",
      "annotations": {}
    },
    {
      "line": "Oh ah ah",
      "annotations": {}
    },
    {
      "line": "Beat her like the last",
      "annotations": {}
    },
    {
      "line": "Take her to my hotel",
      "annotations": {}
    },
    {
      "line": "We paid to get in",
      "annotations": {}
    },
    {
      "line": "(laughter)",
      "annotations": {}
    },
    {
      "line": "",
      "annotations": {}
    },
    {
      "line": "[Verse 2]",
      "annotations": {}
    },
    {
      "line": "Hey",
      "annotations": {}
    },
    {
      "line": "Figure it out like a stove in",
      "annotations": {}
    },
    {
      "line": "I’m not even reporting",
      "annotations": {}
    },
    {
      "line": "I just take her, no recording it",
      "annotations": {}
    },
    {
      "line": "I’m just solving it, like eden, ain’t it",
      "annotations": {}
    },
    {
      "line": "I’m not even a fed head",
      "annotations": {}
    },
    {
      "line": "It is just loving on her kid head",
      "annotations": {}
    },
    {
      "line": "Oh my vid set, had to take it on her plinth",
      "annotations": {}
    },
    {
      "line": "To the back",
      "annotations": {}
    },
    {
      "line": "Told her i was not even for the ride ache",
      "annotations": {}
    },
    {
      "line": "Swimming pool leg",
      "annotations": {}
    },
    {
      "line": "No gravity",
      "annotations": {}
    },
    {
      "line": "(yeah)",
      "annotations": {}
    },
    {
      "line": "All these bridals on me",
      "annotations": {}
    },
    {
      "line": "Take a fake, do defending",
      "annotations": {}
    },
    {
      "line": "Oh sh t, they ain’t your man",
      "annotations": {}
    },
    {
      "line": "(i’m not even your man)",
      "annotations": {}
    },
    {
      "line": "Got enough, already",
      "annotations": {}
    },
    {
      "line": "I say over and over",
      "annotations": {}
    },
    {
      "line": "She gotta l!ck it like tuba in her",
      "annotations": {}
    },
    {
      "line": "I’m serving her water, i l!ck",
      "annotations": {}
    },
    {
      "line": "This ain’t over, we audited",
      "annotations": {}
    },
    {
      "line": "(laughter)",
      "annotations": {}
    }
  ]
}