{
  "lyrics": [
    {
      "line": "[Intro]",
      "annotations": {
        "Intro": "Annotation for [Intro]"
      }
    },
    {
      "line": "Fresh boy chilling",
      "annotations": {}
    },
    {
      "line": "Oh oh",
      "annotations": {}
    },
    {
      "line": "Oh",
      "annotations": {}
    },
    {
      "line": "",
      "annotations": {}
    },
    {
      "line": "[Chorus]",
      "annotations": {
        "Chorus": "Annotation for [Chorus]"
      }
    },
    {
      "line": "I so many times try to fight over how i feel",
      "annotations": {}
    },
    {
      "line": "I try so many times to fight over how i feel",
      "annotations": {}
    },
    {
      "line": "I try so many times to fight over how i feel",
      "annotations": {}
    },
    {
      "line": "I try so many times to fight over how i feel",
      "annotations": {}
    },
    {
      "line": "",
      "annotations": {}
    },
    {
      "line": "[Bridge]",
      "annotations": {
        "Bridge": "Annotation for [Bridge]"
      }
    },
    {
      "line": "Feelings coming down",
      "annotations": {}
    },
    {
      "line": "Hidden code",
      "annotations": {}
    },
    {
      "line": "When you’re around",
      "annotations": {}
    },
    {
      "line": "Feel the ritz all around",
      "annotations": {}
    },
    {
      "line": "How it goes",
      "annotations": {}
    },
    {
      "line": "To another round",
      "annotations": {}
    },
    {
      "line": "",
      "annotations": {}
    },
    {
      "line": "[Verse 1]",
      "annotations": {
        "1": "Annotation for 1]",
        "Verse": "Annotation for [Verse"
      }
    },
    {
      "line": "I get it i’m so easy",
      "annotations": {}
    },
    {
      "line": "Looking for another beauty",
      "annotations": {}
    },
    {
      "line": "I know it’s not my duty",
      "annotations": {}
    },
    {
      "line": "Saying how good you’re looking today",
      "annotations": {}
    },
    {
      "line": "But girl you got me",
      "annotations": {}
    },
    {
      "line": "From a mile away i’m betwixt",
      "annotations": {}
    },
    {
      "line": "Oh girl you got me",
      "annotations": {}
    },
    {
      "line": "My heart flawed",
      "annotations": {}
    },
    {
      "line": "Mind your applaud, i’ll do it",
      "annotations": {}
    },
    {
      "line": "I try, i try",
      "annotations": {}
    },
    {
      "line": "",
      "annotations": {}
    },
    {
      "line": "[Chorus]",
      "annotations": {
        "Chorus": "Annotation for [Chorus]"
      }
    },
    {
      "line": "I so many times try to fight over how i feel",
      "annotations": {}
    },
    {
      "line": "I try so many times to fight over how i feel",
      "annotations": {}
    },
    {
      "line": "I try so many times to fight over how i feel",
      "annotations": {}
    },
    {
      "line": "I try so many times to fight over how i feel",
      "annotations": {}
    },
    {
      "line": "",
      "annotations": {}
    },
    {
      "line": "[Bridge]",
      "annotations": {
        "Bridge": "Annotation for [Bridge]"
      }
    },
    {
      "line": "Feelings coming down",
      "annotations": {}
    },
    {
      "line": "Hidden code",
      "annotations": {}
    },
    {
      "line": "When you’re around",
      "annotations": {}
    },
    {
      "line": "Feel the ritz all around",
      "annotations": {}
    },
    {
      "line": "How it goes",
      "annotations": {}
    },
    {
      "line": "To another round",
      "annotations": {}
    }
  ]
}