{
  "lyrics": [
    {
      "line": "[Intro]",
      "annotations": {
        "Intro": "Annotation for [Intro]"
      }
    },
    {
      "line": "Take a chance",
      "annotations": {}
    },
    {
      "line": "Break all the b rules",
      "annotations": {}
    },
    {
      "line": "",
      "annotations": {}
    },
    {
      "line": "[Verse 1]",
      "annotations": {
        "1": "Annotation for 1]",
        "Verse": "Annotation for [Verse"
      }
    },
    {
      "line": "Swear you pair me off a fay",
      "annotations": {}
    },
    {
      "line": "Tasing all the crepes",
      "annotations": {}
    },
    {
      "line": "She’s dazing all the capes",
      "annotations": {}
    },
    {
      "line": "(daze in all the rays)",
      "annotations": {}
    },
    {
      "line": "Ah!",
      "annotations": {}
    },
    {
      "line": "Big on everything",
      "annotations": {}
    },
    {
      "line": "(i’m her son)",
      "annotations": {}
    },
    {
      "line": "Big on my ambitions",
      "annotations": {}
    },
    {
      "line": "(dawning sun anon)",
      "annotations": {}
    },
    {
      "line": "Big on this zeal",
      "annotations": {}
    },
    {
      "line": "(over your town)",
      "annotations": {}
    },
    {
      "line": "",
      "annotations": {}
    },
    {
      "line": "[Chorus]",
      "annotations": {
        "Chorus": "Annotation for [Chorus]"
      }
    },
    {
      "line": "I’ll never serve you",
      "annotations": {}
    },
    {
      "line": "I’ll never save",
      "annotations": {}
    },
    {
      "line": "I who never gave",
      "annotations": {}
    },
    {
      "line": "I’ll never break",
      "annotations": {}
    },
    {
      "line": "I’ll never get it",
      "annotations": {}
    },
    {
      "line": "I’ll never say",
      "annotations": {}
    },
    {
      "line": "I’ll never be brave",
      "annotations": {}
    },
    {
      "line": "I’ll never fail on",
      "annotations": {}
    },
    {
      "line": "I cover the sun",
      "annotations": {}
    },
    {
      "line": "I colour this all",
      "annotations": {}
    },
    {
      "line": "I’m under resolving",
      "annotations": {}
    },
    {
      "line": "Resolved, i’ll be going",
      "annotations": {}
    },
    {
      "line": "",
      "annotations": {}
    },
    {
      "line": "[Verse 2]",
      "annotations": {
        "2": "Annotation for 2]",
        "Verse": "Annotation for [Verse"
      }
    },
    {
      "line": "We should just take it back",
      "annotations": {}
    },
    {
      "line": "(take it back)",
      "annotations": {}
    },
    {
      "line": "Back",
      "annotations": {}
    },
    {
      "line": "We should just . . .",
      "annotations": {}
    },
    {
      "line": "Sake the sam",
      "annotations": {}
    },
    {
      "line": "(for the sake of the sam)",
      "annotations": {}
    },
    {
      "line": "We should go",
      "annotations": {}
    },
    {
      "line": "We should go",
      "annotations": {}
    },
    {
      "line": "Somewhere where it’ll be just you and i girl",
      "annotations": {}
    },
    {
      "line": "(somewhere h lla big, see you when i call)",
      "annotations": {}
    },
    {
      "line": "I’ll never get the time",
      "annotations": {}
    },
    {
      "line": "My texts on rewind",
      "annotations": {}
    },
    {
      "line": "But do you ever . . .",
      "annotations": {}
    },
    {
      "line": "Will you ever find a time",
      "annotations": {}
    },
    {
      "line": "‘fore you get carted up to that club",
      "annotations": {}
    },
    {
      "line": "You call it milou",
      "annotations": {}
    },
    {
      "line": "Bill here",
      "annotations": {}
    },
    {
      "line": "A millionaire in your army",
      "annotations": {}
    },
    {
      "line": "Terry, tear it, three",
      "annotations": {}
    },
    {
      "line": "That’s the number that you’ll find me on",
      "annotations": {}
    },
    {
      "line": "Call me, coma, clone me",
      "annotations": {}
    },
    {
      "line": "I’ll never hear you go",
      "annotations": {}
    },
    {
      "line": "I’ll be losing my mind",
      "annotations": {}
    },
    {
      "line": "Losing my mind",
      "annotations": {}
    },
    {
      "line": "All the time",
      "annotations": {}
    },
    {
      "line": "Milli, milli, milli, milli",
      "annotations": {}
    },
    {
      "line": "Is that the number where i’m on",
      "annotations": {}
    },
    {
      "line": "Three, three, three, three",
      "annotations": {}
    },
    {
      "line": "Is number you’ll find me on",
      "annotations": {}
    },
    {
      "line": "I’m losing my mind at this",
      "annotations": {}
    },
    {
      "line": "My mind",
      "annotations": {}
    },
    {
      "line": "Losing my mind",
      "annotations": {}
    },
    {
      "line": "",
      "annotations": {}
    },
    {
      "line": "[Outro]",
      "annotations": {
        "Outro": "Annotation for [Outro]"
      }
    },
    {
      "line": "It’s all complicated",
      "annotations": {}
    },
    {
      "line": "Overstated",
      "annotations": {}
    },
    {
      "line": "I’m lost in your heart emotions",
      "annotations": {}
    },
    {
      "line": "Do i ever take time",
      "annotations": {}
    },
    {
      "line": "To give up on the seating",
      "annotations": {}
    },
    {
      "line": "All my sitting on everything i hold above",
      "annotations": {}
    },
    {
      "line": "Ah",
      "annotations": {}
    }
  ]
}