{
  "lyrics": [
    {
      "line": "[Verse 1]",
      "annotations": {}
    },
    {
      "line": "Well now i’m alone",
      "annotations": {}
    },
    {
      "line": "I need no one",
      "annotations": {}
    },
    {
      "line": "Yeah i will be better on my own",
      "annotations": {}
    },
    {
      "line": "I’ll be that lonely pole",
      "annotations": {}
    },
    {
      "line": "You ‘on’t need to dance over me",
      "annotations": {}
    },
    {
      "line": "Just let me rest in peace",
      "annotations": {}
    },
    {
      "line": "Alone, alone",
      "annotations": {}
    },
    {
      "line": "I am better alone",
      "annotations": {}
    },
    {
      "line": "So long",
      "annotations": {}
    },
    {
      "line": "You know",
      "annotations": {}
    },
    {
      "line": "It never comes down",
      "annotations": {}
    },
    {
      "line": "Oh!",
      "annotations": {}
    },
    {
      "line": "So my page reads i love you",
      "annotations": {}
    },
    {
      "line": "Feeling like it’s not in line",
      "annotations": {}
    },
    {
      "line": "No affected darling",
      "annotations": {}
    },
    {
      "line": "See you on",
      "annotations": {}
    },
    {
      "line": "Call me nand",
      "annotations": {}
    },
    {
      "line": "Feeling it’s a lovely song",
      "annotations": {}
    },
    {
      "line": "I’m pouring up",
      "annotations": {}
    },
    {
      "line": "I know that i’m a lonely wrong",
      "annotations": {}
    },
    {
      "line": "You’re the only delay",
      "annotations": {}
    }
  ]
}