{
  "lyrics": [
    {
      "line": "[Verse 1]",
      "annotations": {
        "1": "Annotation for 1]",
        "Verse": "Annotation for [Verse"
      }
    },
    {
      "line": "I think we had something",
      "annotations": {}
    },
    {
      "line": "My thoughts dowel on your hurting",
      "annotations": {}
    },
    {
      "line": "And i can’t take",
      "annotations": {}
    },
    {
      "line": "I’ll take it; the hurt",
      "annotations": {}
    },
    {
      "line": "And i can’t take",
      "annotations": {}
    },
    {
      "line": "I’ll take the hurt",
      "annotations": {}
    },
    {
      "line": "I’ll take the hurt",
      "annotations": {}
    },
    {
      "line": "It’s for the while",
      "annotations": {}
    },
    {
      "line": "I’ll take the hurt",
      "annotations": {}
    },
    {
      "line": "It’s for the while",
      "annotations": {}
    },
    {
      "line": "And i wrestled",
      "annotations": {}
    },
    {
      "line": "Pock precise for the broken",
      "annotations": {}
    },
    {
      "line": "I cried then, i cried din",
      "annotations": {}
    },
    {
      "line": "Oh, another thing",
      "annotations": {}
    },
    {
      "line": "",
      "annotations": {}
    },
    {
      "line": "[Chorus]",
      "annotations": {
        "Chorus": "Annotation for [Chorus]"
      }
    },
    {
      "line": "Sorry, sorry, my love don’t say it often",
      "annotations": {}
    },
    {
      "line": "I’m sorry, i’m sorry, my love hurts; sundae",
      "annotations": {}
    },
    {
      "line": "Sorry, sorry, my love don’t say it often",
      "annotations": {}
    },
    {
      "line": "I’m sorry, i’m sorry, my love hurts; sundae",
      "annotations": {}
    },
    {
      "line": "",
      "annotations": {}
    },
    {
      "line": "[Verse 2]",
      "annotations": {
        "2": "Annotation for 2]",
        "Verse": "Annotation for [Verse"
      }
    },
    {
      "line": "My inane thinking",
      "annotations": {}
    },
    {
      "line": "Could you hold the th rn?",
      "annotations": {}
    },
    {
      "line": "Bid the need",
      "annotations": {}
    },
    {
      "line": "Feel me nearer",
      "annotations": {}
    },
    {
      "line": "Could you hold a th rn?",
      "annotations": {}
    },
    {
      "line": "",
      "annotations": {}
    },
    {
      "line": "[Chorus]",
      "annotations": {
        "Chorus": "Annotation for [Chorus]"
      }
    },
    {
      "line": "Sorry, sorry, my love don’t say it that often",
      "annotations": {}
    },
    {
      "line": "I’m sorry, i’m sorry, my love hurts; sundae",
      "annotations": {}
    },
    {
      "line": "I’m sorry, i’m sorry, my love don’t say it that often",
      "annotations": {}
    },
    {
      "line": "I’m sorry, i’m sorry, my love hurts; sundae",
      "annotations": {}
    },
    {
      "line": "",
      "annotations": {}
    },
    {
      "line": "[Outro]",
      "annotations": {
        "Outro": "Annotation for [Outro]"
      }
    },
    {
      "line": "I’m sorry, i’m sorry, i’m sorry",
      "annotations": {}
    }
  ]
}