{
  "lyrics": [
    {
      "line": "[Intro]",
      "annotations": {
        "Intro": "Annotation for [Intro]"
      }
    },
    {
      "line": "Check one, two",
      "annotations": {}
    },
    {
      "line": "Please don’t be mad",
      "annotations": {}
    },
    {
      "line": "This won’t take more than two minutes",
      "annotations": {}
    },
    {
      "line": "I just need a take",
      "annotations": {}
    },
    {
      "line": "I’m on air",
      "annotations": {}
    },
    {
      "line": "Oh i just need to say it",
      "annotations": {}
    },
    {
      "line": "Girl i’m right here",
      "annotations": {}
    },
    {
      "line": "",
      "annotations": {}
    },
    {
      "line": "[Verse 1]",
      "annotations": {
        "1": "Annotation for 1]",
        "Verse": "Annotation for [Verse"
      }
    },
    {
      "line": "Treating you like a slag",
      "annotations": {}
    },
    {
      "line": "Over what doesn’t have a past",
      "annotations": {}
    },
    {
      "line": "Do i need it",
      "annotations": {}
    },
    {
      "line": "Recall my words fast",
      "annotations": {}
    },
    {
      "line": "Tip back this door path",
      "annotations": {}
    },
    {
      "line": "I don’t wanna say it yet",
      "annotations": {}
    },
    {
      "line": "Who i lied to",
      "annotations": {}
    },
    {
      "line": "Two hearts playing on my band",
      "annotations": {}
    },
    {
      "line": "Oh no, i don’t wanna say it to you",
      "annotations": {}
    },
    {
      "line": "How i feel",
      "annotations": {}
    },
    {
      "line": "The way i am weighted",
      "annotations": {}
    },
    {
      "line": "The way you fell",
      "annotations": {}
    },
    {
      "line": "You have a habit",
      "annotations": {}
    },
    {
      "line": "I’m the fool coming here, ah!",
      "annotations": {}
    },
    {
      "line": "Ever something holding me",
      "annotations": {}
    },
    {
      "line": "Take her",
      "annotations": {}
    },
    {
      "line": "D mn, i’ll pay",
      "annotations": {}
    },
    {
      "line": "It’s the doom, when me stuck",
      "annotations": {}
    },
    {
      "line": "At the ground",
      "annotations": {}
    },
    {
      "line": "With some beggar brother",
      "annotations": {}
    },
    {
      "line": "Oh no, i don’t want her back ah",
      "annotations": {}
    },
    {
      "line": "No, i don’t want hеr back",
      "annotations": {}
    },
    {
      "line": "I am sorry",
      "annotations": {}
    },
    {
      "line": "Oh maybe i am caught up in my head",
      "annotations": {}
    },
    {
      "line": "Probably, the way thеy’ll never harp",
      "annotations": {}
    },
    {
      "line": "Feeling like a . . .",
      "annotations": {}
    },
    {
      "line": "It’s a drag",
      "annotations": {}
    },
    {
      "line": "It’s a drag",
      "annotations": {}
    },
    {
      "line": "It’s the tracks",
      "annotations": {}
    },
    {
      "line": "Holding my mind",
      "annotations": {}
    },
    {
      "line": "Got me feeling like i’m wack",
      "annotations": {}
    },
    {
      "line": "Oh no, yeah, she got me feeling wack",
      "annotations": {}
    },
    {
      "line": "All over again",
      "annotations": {}
    },
    {
      "line": "",
      "annotations": {}
    },
    {
      "line": "[Outro]",
      "annotations": {
        "Outro": "Annotation for [Outro]"
      }
    },
    {
      "line": "It’s going",
      "annotations": {}
    },
    {
      "line": "He’s coming",
      "annotations": {}
    },
    {
      "line": "It never stops, it never stops, it never stops",
      "annotations": {}
    },
    {
      "line": "It’s going, it’s going, it never stops",
      "annotations": {}
    },
    {
      "line": "It never stops",
      "annotations": {}
    },
    {
      "line": "My emotions are for you",
      "annotations": {}
    },
    {
      "line": "Sorry, if it doesn’t come vast",
      "annotations": {}
    },
    {
      "line": "Sorry if the pace ain’t low",
      "annotations": {}
    },
    {
      "line": "Discrete the wall",
      "annotations": {}
    },
    {
      "line": "Every, giving, you’re lured",
      "annotations": {}
    }
  ]
}