{
  "lyrics": [
    {
      "line": "[Intro]",
      "annotations": {
        "Intro": "Annotation for [Intro]"
      }
    },
    {
      "line": "Fresh boy chilling",
      "annotations": {}
    },
    {
      "line": "",
      "annotations": {}
    },
    {
      "line": "[Verse 1]",
      "annotations": {
        "1": "Annotation for 1]",
        "Verse": "Annotation for [Verse"
      }
    },
    {
      "line": "Sweet baby",
      "annotations": {}
    },
    {
      "line": "You tell me",
      "annotations": {}
    },
    {
      "line": "That you have it",
      "annotations": {}
    },
    {
      "line": "And i see it",
      "annotations": {}
    },
    {
      "line": "I can feel it",
      "annotations": {}
    },
    {
      "line": "When i’m holding my cell phone",
      "annotations": {}
    },
    {
      "line": "And i have these thoughts",
      "annotations": {}
    },
    {
      "line": "I wanna be with you",
      "annotations": {}
    },
    {
      "line": "Forever and ever",
      "annotations": {}
    },
    {
      "line": "Cos my thoughts don’t lie to me",
      "annotations": {}
    },
    {
      "line": "Lie to me, bride to me",
      "annotations": {}
    },
    {
      "line": "I will say",
      "annotations": {}
    },
    {
      "line": "I would quiet if they ever do",
      "annotations": {}
    },
    {
      "line": "And my time",
      "annotations": {}
    },
    {
      "line": "How can i spend more of it with you",
      "annotations": {}
    },
    {
      "line": "Course this feeling",
      "annotations": {}
    },
    {
      "line": "Say they’re true",
      "annotations": {}
    },
    {
      "line": "Looking for something",
      "annotations": {}
    },
    {
      "line": "That’ll help with a new view",
      "annotations": {}
    },
    {
      "line": "And all that comes between us",
      "annotations": {}
    },
    {
      "line": "Nothing more than our imagination",
      "annotations": {}
    },
    {
      "line": "",
      "annotations": {}
    },
    {
      "line": "[Chorus]",
      "annotations": {
        "Chorus": "Annotation for [Chorus]"
      }
    },
    {
      "line": "Just believe it",
      "annotations": {}
    },
    {
      "line": "When i say that",
      "annotations": {}
    },
    {
      "line": "I love you, i love you",
      "annotations": {}
    },
    {
      "line": "Then can’t you see it",
      "annotations": {}
    },
    {
      "line": "You’re so beautiful",
      "annotations": {}
    },
    {
      "line": "Oh so beautiful",
      "annotations": {}
    },
    {
      "line": "",
      "annotations": {}
    },
    {
      "line": "[Verse 2]",
      "annotations": {
        "2": "Annotation for 2]",
        "Verse": "Annotation for [Verse"
      }
    },
    {
      "line": "Time passes, lives gone",
      "annotations": {}
    },
    {
      "line": "And so many lies that have been told",
      "annotations": {}
    },
    {
      "line": "Wishing i could stake my time",
      "annotations": {}
    },
    {
      "line": "To tell you something more . . .",
      "annotations": {}
    },
    {
      "line": "Eloquent",
      "annotations": {}
    },
    {
      "line": "Cos it isn’t how i feel",
      "annotations": {}
    },
    {
      "line": "Bouncing to this",
      "annotations": {}
    },
    {
      "line": "Living life like i don’t see it",
      "annotations": {}
    },
    {
      "line": "Girl isn’t much i will say",
      "annotations": {}
    },
    {
      "line": "But can you see that face",
      "annotations": {}
    },
    {
      "line": "Imagination",
      "annotations": {}
    },
    {
      "line": "(hold on to imagination)",
      "annotations": {}
    },
    {
      "line": "",
      "annotations": {}
    },
    {
      "line": "[Chorus]",
      "annotations": {
        "Chorus": "Annotation for [Chorus]"
      }
    },
    {
      "line": "Just believe it",
      "annotations": {}
    },
    {
      "line": "(oh)",
      "annotations": {}
    },
    {
      "line": "When i say that",
      "annotations": {}
    },
    {
      "line": "I love you, i love you",
      "annotations": {}
    },
    {
      "line": "(just believe it)",
      "annotations": {}
    },
    {
      "line": "Then can’t you see it",
      "annotations": {}
    },
    {
      "line": "(oi)",
      "annotations": {}
    },
    {
      "line": "You’re so beautiful",
      "annotations": {}
    },
    {
      "line": "(love)",
      "annotations": {}
    },
    {
      "line": "Oh so beautiful",
      "annotations": {}
    },
    {
      "line": "(beaut)",
      "annotations": {}
    },
    {
      "line": "",
      "annotations": {}
    },
    {
      "line": "[Outro]",
      "annotations": {
        "Outro": "Annotation for [Outro]"
      }
    },
    {
      "line": "Time passes, lives gone",
      "annotations": {}
    },
    {
      "line": "And so many lies that have been told",
      "annotations": {}
    }
  ]
}