{
  "lyrics": [
    {
      "line": "[Verse 1]",
      "annotations": {}
    },
    {
      "line": "Let my light fill this place",
      "annotations": {}
    },
    {
      "line": "(yeah! yeah!)",
      "annotations": {}
    },
    {
      "line": "Before you know",
      "annotations": {}
    },
    {
      "line": "My face is on fire",
      "annotations": {}
    },
    {
      "line": "So, i can’t feel my face",
      "annotations": {}
    },
    {
      "line": "Hey! (yeah!)",
      "annotations": {}
    },
    {
      "line": "She dancing with me through the fire",
      "annotations": {}
    },
    {
      "line": "Hold my hand through the dark",
      "annotations": {}
    },
    {
      "line": "Hold my trust in this fire",
      "annotations": {}
    },
    {
      "line": "They air me out",
      "annotations": {}
    },
    {
      "line": "Ignite my spark",
      "annotations": {}
    },
    {
      "line": "I’m a dumb boy",
      "annotations": {}
    },
    {
      "line": "Yes, they say",
      "annotations": {}
    },
    {
      "line": "I’m a call boy",
      "annotations": {}
    },
    {
      "line": "Yes, they say",
      "annotations": {}
    },
    {
      "line": "And they say i don’t know sh t",
      "annotations": {}
    },
    {
      "line": "I’m a ball boy (i’m a ball boy)",
      "annotations": {}
    },
    {
      "line": "Hahaha",
      "annotations": {}
    },
    {
      "line": "They say sh t",
      "annotations": {}
    },
    {
      "line": "About my ways",
      "annotations": {}
    },
    {
      "line": "They say sh t in my face (my face)",
      "annotations": {}
    },
    {
      "line": "But i’m no b tch",
      "annotations": {}
    },
    {
      "line": "Counting my digits on a reg though",
      "annotations": {}
    },
    {
      "line": "Eh!",
      "annotations": {}
    },
    {
      "line": "",
      "annotations": {}
    },
    {
      "line": "[Chorus]",
      "annotations": {}
    },
    {
      "line": "When it’s time",
      "annotations": {}
    },
    {
      "line": "You can see it on my face boy",
      "annotations": {}
    },
    {
      "line": "(on my face boy)",
      "annotations": {}
    },
    {
      "line": "When it’s time",
      "annotations": {}
    },
    {
      "line": "Eh!",
      "annotations": {}
    },
    {
      "line": "You can see it on my face boy",
      "annotations": {}
    },
    {
      "line": "Cos i’m up till the morning",
      "annotations": {}
    },
    {
      "line": "For the money",
      "annotations": {}
    },
    {
      "line": "Yeah",
      "annotations": {}
    },
    {
      "line": "For the monеy",
      "annotations": {}
    },
    {
      "line": "Yeah",
      "annotations": {}
    },
    {
      "line": "(for the money i’m a savagе, yeah, yeah, yeah)",
      "annotations": {}
    },
    {
      "line": "I’m up till the morning",
      "annotations": {}
    },
    {
      "line": "Yeah, for the money i am",
      "annotations": {}
    }
  ]
}