{
  "lyrics": [
    {
      "line": "[Intro]",
      "annotations": {}
    },
    {
      "line": "Fresh boy chilling",
      "annotations": {}
    },
    {
      "line": "I just wanted you to know",
      "annotations": {}
    },
    {
      "line": "Know, know, know, know",
      "annotations": {}
    },
    {
      "line": "",
      "annotations": {}
    },
    {
      "line": "[Verse 1]",
      "annotations": {}
    },
    {
      "line": "For the time i know that",
      "annotations": {}
    },
    {
      "line": "Waiting won’t solve a thing",
      "annotations": {}
    },
    {
      "line": "Looking at the pace of my",
      "annotations": {}
    },
    {
      "line": "Fraidy in this",
      "annotations": {}
    },
    {
      "line": "Spear, you’re in on layers",
      "annotations": {}
    },
    {
      "line": "I gotta let it go",
      "annotations": {}
    },
    {
      "line": "Figure it out on my own",
      "annotations": {}
    },
    {
      "line": "Wishing this wasn’t out of the broach",
      "annotations": {}
    },
    {
      "line": "Waiting (weight in)",
      "annotations": {}
    },
    {
      "line": "I’ll be waiting it is not leaving",
      "annotations": {}
    },
    {
      "line": "This feeling of mine",
      "annotations": {}
    },
    {
      "line": "I’ll be up playing in your face",
      "annotations": {}
    },
    {
      "line": "Once again i have got to say",
      "annotations": {}
    },
    {
      "line": "Do you love me?",
      "annotations": {}
    },
    {
      "line": "Every time i am seeing you with another boy here",
      "annotations": {}
    },
    {
      "line": "Do you love me?",
      "annotations": {}
    },
    {
      "line": "For every time i am stuck on your page for",
      "annotations": {}
    },
    {
      "line": "",
      "annotations": {}
    },
    {
      "line": "[Verse 2]",
      "annotations": {}
    },
    {
      "line": "Jealous feelings",
      "annotations": {}
    },
    {
      "line": "Jealousy is taking my b tterflies higher",
      "annotations": {}
    },
    {
      "line": "Seeming like everything you do to me",
      "annotations": {}
    },
    {
      "line": "Has me slacklining",
      "annotations": {}
    },
    {
      "line": "Falling, in my head girl i am fooling",
      "annotations": {}
    },
    {
      "line": "On my screen girl it is boiling",
      "annotations": {}
    },
    {
      "line": "This jealousy has me asking",
      "annotations": {}
    },
    {
      "line": "",
      "annotations": {}
    },
    {
      "line": "[Chorus]",
      "annotations": {}
    },
    {
      "line": "Do you love me?",
      "annotations": {}
    },
    {
      "line": "For the whomever, the other dudes",
      "annotations": {}
    },
    {
      "line": "I’m like your rad dosh",
      "annotations": {}
    },
    {
      "line": "Do you love me?",
      "annotations": {}
    },
    {
      "line": "For the round, heading down order",
      "annotations": {}
    },
    {
      "line": "Rescuing girl",
      "annotations": {}
    },
    {
      "line": "Do you love me for the run?",
      "annotations": {}
    },
    {
      "line": "Farther, order in her room",
      "annotations": {}
    },
    {
      "line": "I’m going, i’m asking girl",
      "annotations": {}
    },
    {
      "line": "Do you love me?",
      "annotations": {}
    },
    {
      "line": "Further, harder, girl i’m going",
      "annotations": {}
    },
    {
      "line": "I’m asking girl",
      "annotations": {}
    },
    {
      "line": "Do you love me yeah?",
      "annotations": {}
    },
    {
      "line": "",
      "annotations": {}
    },
    {
      "line": "[Outro]",
      "annotations": {}
    },
    {
      "line": "I wanna be the man",
      "annotations": {}
    },
    {
      "line": "Fresh boy chilling",
      "annotations": {}
    }
  ]
}