{
  "lyrics": [
    {
      "line": "[Intro]",
      "annotations": {
        "Intro": "Annotation for [Intro]"
      }
    },
    {
      "line": "Oh oh oh oh",
      "annotations": {}
    },
    {
      "line": "",
      "annotations": {}
    },
    {
      "line": "[Chorus]",
      "annotations": {
        "Chorus": "Annotation for [Chorus]"
      }
    },
    {
      "line": "I’m the jekyll who is always",
      "annotations": {}
    },
    {
      "line": "Always in love",
      "annotations": {}
    },
    {
      "line": "And she knows that my heart flutters",
      "annotations": {}
    },
    {
      "line": "I’m the rebel who’s never picking calls",
      "annotations": {}
    },
    {
      "line": "Whoa",
      "annotations": {}
    },
    {
      "line": "",
      "annotations": {}
    },
    {
      "line": "[Verse 1]",
      "annotations": {
        "1": "Annotation for 1]",
        "Verse": "Annotation for [Verse"
      }
    },
    {
      "line": "Tell me that i made it",
      "annotations": {}
    },
    {
      "line": "To the front row",
      "annotations": {}
    },
    {
      "line": "Call it tabu",
      "annotations": {}
    },
    {
      "line": "My mind’s on",
      "annotations": {}
    },
    {
      "line": "It’s on you",
      "annotations": {}
    },
    {
      "line": "Think her code a shot",
      "annotations": {}
    },
    {
      "line": "Put her where the longing is",
      "annotations": {}
    },
    {
      "line": "In new den",
      "annotations": {}
    },
    {
      "line": "It never comes down",
      "annotations": {}
    },
    {
      "line": "It never comes down",
      "annotations": {}
    },
    {
      "line": "When i’m with you",
      "annotations": {}
    },
    {
      "line": "Not when i’m with you",
      "annotations": {}
    },
    {
      "line": "",
      "annotations": {}
    },
    {
      "line": "[Bridge]",
      "annotations": {
        "Bridge": "Annotation for [Bridge]"
      }
    },
    {
      "line": "Cos, you’re always here",
      "annotations": {}
    },
    {
      "line": "Take care rib, now it’s always here",
      "annotations": {}
    },
    {
      "line": "Oh, i do",
      "annotations": {}
    },
    {
      "line": "Oh my dear, it is always here",
      "annotations": {}
    },
    {
      "line": "Sell you away",
      "annotations": {}
    },
    {
      "line": "Oh, it is always",
      "annotations": {}
    },
    {
      "line": "",
      "annotations": {}
    },
    {
      "line": "[Verse 2]",
      "annotations": {
        "2": "Annotation for 2]",
        "Verse": "Annotation for [Verse"
      }
    },
    {
      "line": "Oh i am not myself",
      "annotations": {}
    },
    {
      "line": "Don’t need a bottle to feel it",
      "annotations": {}
    },
    {
      "line": "Don’t need another top to top my love",
      "annotations": {}
    },
    {
      "line": "I’m right here, saying that it is over",
      "annotations": {}
    },
    {
      "line": "And nearer again",
      "annotations": {}
    },
    {
      "line": "I don’t see your piece of missing, h ll no",
      "annotations": {}
    },
    {
      "line": "Cos it feels that you’re always here",
      "annotations": {}
    },
    {
      "line": "Singing in my head",
      "annotations": {}
    },
    {
      "line": "Prepare, i ain’t dying now, you know",
      "annotations": {}
    },
    {
      "line": "",
      "annotations": {}
    },
    {
      "line": "[Chorus]",
      "annotations": {
        "Chorus": "Annotation for [Chorus]"
      }
    },
    {
      "line": "I’m the jekyll who is always",
      "annotations": {}
    },
    {
      "line": "Always in love",
      "annotations": {}
    },
    {
      "line": "And she knows that my heart flutters",
      "annotations": {}
    },
    {
      "line": "I’m the rebel who’s never picking calls",
      "annotations": {}
    },
    {
      "line": "Whoa",
      "annotations": {}
    }
  ]
}