{
  "lyrics": [
    {
      "line": "[Intro]",
      "annotations": {}
    },
    {
      "line": "Find me a girl who is pretty in heart",
      "annotations": {}
    },
    {
      "line": "I want her soul",
      "annotations": {}
    },
    {
      "line": "Find me a girl with the quiddity of style",
      "annotations": {}
    },
    {
      "line": "Mode bankroll",
      "annotations": {}
    },
    {
      "line": "",
      "annotations": {}
    },
    {
      "line": "[Verse 1]",
      "annotations": {}
    },
    {
      "line": "We should head any day",
      "annotations": {}
    },
    {
      "line": "That’s her foreign",
      "annotations": {}
    },
    {
      "line": "It’s your girl",
      "annotations": {}
    },
    {
      "line": "It’s her; fervent",
      "annotations": {}
    },
    {
      "line": "You should give me your hone",
      "annotations": {}
    },
    {
      "line": "I’m unto piton",
      "annotations": {}
    },
    {
      "line": "This girl, she’s a real nun",
      "annotations": {}
    },
    {
      "line": "And my heart sovereign",
      "annotations": {}
    },
    {
      "line": "Holding, it’s sobbing",
      "annotations": {}
    },
    {
      "line": "And my love is on her",
      "annotations": {}
    },
    {
      "line": "It’s no tearing or rent",
      "annotations": {}
    },
    {
      "line": "When i’m with her",
      "annotations": {}
    },
    {
      "line": "I get real h rny",
      "annotations": {}
    },
    {
      "line": "Nil nun",
      "annotations": {}
    },
    {
      "line": "When i’m with her",
      "annotations": {}
    },
    {
      "line": "Chasing this feeling",
      "annotations": {}
    },
    {
      "line": "Like it’s all i’ve got",
      "annotations": {}
    },
    {
      "line": "She knows my mind’s on her",
      "annotations": {}
    },
    {
      "line": "Tux on her, love’s on",
      "annotations": {}
    },
    {
      "line": "Everything silent",
      "annotations": {}
    },
    {
      "line": "Okay, i hear wе going for the sheet",
      "annotations": {}
    },
    {
      "line": "Better put my namе",
      "annotations": {}
    },
    {
      "line": "Better know i’m with the sh t",
      "annotations": {}
    },
    {
      "line": "However, you goad",
      "annotations": {}
    },
    {
      "line": "(i’m with you)",
      "annotations": {}
    },
    {
      "line": "That we going for this sh t",
      "annotations": {}
    },
    {
      "line": "She’s something like goose",
      "annotations": {}
    },
    {
      "line": "I’m about to share it",
      "annotations": {}
    },
    {
      "line": "Real by the shady",
      "annotations": {}
    },
    {
      "line": "I’m about to share it",
      "annotations": {}
    },
    {
      "line": "Yeah, wouldn’t know",
      "annotations": {}
    },
    {
      "line": "Cos n0body sharing",
      "annotations": {}
    },
    {
      "line": "Despite no one sharing",
      "annotations": {}
    },
    {
      "line": "It’s just me and my girl",
      "annotations": {}
    },
    {
      "line": "H ll",
      "annotations": {}
    },
    {
      "line": "",
      "annotations": {}
    },
    {
      "line": "[Outro]",
      "annotations": {}
    },
    {
      "line": "Two",
      "annotations": {}
    },
    {
      "line": "Oh oh",
      "annotations": {}
    },
    {
      "line": "It is just us two",
      "annotations": {}
    },
    {
      "line": "Oh oh",
      "annotations": {}
    },
    {
      "line": "Make a way",
      "annotations": {}
    },
    {
      "line": "You should know i’ll serve with it",
      "annotations": {}
    },
    {
      "line": "Girl every side i’m hitting",
      "annotations": {}
    }
  ]
}