{
  "lyrics": [
    {
      "line": "[Intro]",
      "annotations": {
        "Intro": "Annotation for [Intro]"
      }
    },
    {
      "line": "Yeah",
      "annotations": {}
    },
    {
      "line": "Skrr",
      "annotations": {}
    },
    {
      "line": "Bet the day, you’re yum",
      "annotations": {}
    },
    {
      "line": "Fresh boy chilling",
      "annotations": {}
    },
    {
      "line": "Does my breath feel in here?",
      "annotations": {}
    },
    {
      "line": "",
      "annotations": {}
    },
    {
      "line": "[Verse 1]",
      "annotations": {
        "1": "Annotation for 1]",
        "Verse": "Annotation for [Verse"
      }
    },
    {
      "line": "At times i think to myself",
      "annotations": {}
    },
    {
      "line": "Do i get a chance, take you out",
      "annotations": {}
    },
    {
      "line": "When i’m at my bed, i’m at the edge",
      "annotations": {}
    },
    {
      "line": "Oh my legs don’t touch the floor",
      "annotations": {}
    },
    {
      "line": "It’s how i feel",
      "annotations": {}
    },
    {
      "line": "All these thoughts in my head, got me off the flaw",
      "annotations": {}
    },
    {
      "line": "Looking high, can i ever touch your flaw",
      "annotations": {}
    },
    {
      "line": "(so be it, i’m in love if you’re rare)",
      "annotations": {}
    },
    {
      "line": "",
      "annotations": {}
    },
    {
      "line": "[Bridge]",
      "annotations": {
        "Bridge": "Annotation for [Bridge]"
      }
    },
    {
      "line": "I just need a day with you",
      "annotations": {}
    },
    {
      "line": "Just the moments to tell you that",
      "annotations": {}
    },
    {
      "line": "You’re beautiful",
      "annotations": {}
    },
    {
      "line": "You’re so beautiful",
      "annotations": {}
    },
    {
      "line": "",
      "annotations": {}
    },
    {
      "line": "[Chorus]",
      "annotations": {
        "Chorus": "Annotation for [Chorus]"
      }
    },
    {
      "line": "I would say it a thousand times",
      "annotations": {}
    },
    {
      "line": "If it needs to be said that way",
      "annotations": {}
    },
    {
      "line": "The sky could come down",
      "annotations": {}
    },
    {
      "line": "It still means the same",
      "annotations": {}
    },
    {
      "line": "You’re one of the best smiles i ever saw",
      "annotations": {}
    },
    {
      "line": "And i’m all over it",
      "annotations": {}
    },
    {
      "line": "All over again like a thousand times in my head",
      "annotations": {}
    },
    {
      "line": "Oh i’m all over it",
      "annotations": {}
    },
    {
      "line": "A thousand times in my head",
      "annotations": {}
    },
    {
      "line": "",
      "annotations": {}
    },
    {
      "line": "[Verse 2]",
      "annotations": {
        "2": "Annotation for 2]",
        "Verse": "Annotation for [Verse"
      }
    },
    {
      "line": "So we go",
      "annotations": {}
    },
    {
      "line": "We’ll get a place open, i prefer la tonight in my head",
      "annotations": {}
    },
    {
      "line": "It’s cos of you, how you do it",
      "annotations": {}
    },
    {
      "line": "How you crank a smile",
      "annotations": {}
    },
    {
      "line": "I don’t really know how this world could ever be the same without you",
      "annotations": {}
    },
    {
      "line": "Manky, you got me crucifying all my l st",
      "annotations": {}
    },
    {
      "line": "",
      "annotations": {}
    },
    {
      "line": "[Bridge]",
      "annotations": {
        "Bridge": "Annotation for [Bridge]"
      }
    },
    {
      "line": "I just need a day with you",
      "annotations": {}
    },
    {
      "line": "Just the moments to tell you that",
      "annotations": {}
    },
    {
      "line": "You’re beautiful",
      "annotations": {}
    },
    {
      "line": "You’re so beautiful",
      "annotations": {}
    },
    {
      "line": "",
      "annotations": {}
    },
    {
      "line": "[Chorus]",
      "annotations": {
        "Chorus": "Annotation for [Chorus]"
      }
    },
    {
      "line": "I would say it a thousand times",
      "annotations": {}
    },
    {
      "line": "If it needs to be said that way",
      "annotations": {}
    },
    {
      "line": "The sky could come down",
      "annotations": {}
    },
    {
      "line": "It still means the same",
      "annotations": {}
    },
    {
      "line": "You’re one of the best smiles i ever saw",
      "annotations": {}
    },
    {
      "line": "And i’m all over it",
      "annotations": {}
    },
    {
      "line": "All over again like a thousand times in my head",
      "annotations": {}
    },
    {
      "line": "Oh i’m all over it",
      "annotations": {}
    },
    {
      "line": "A thousand times in my head",
      "annotations": {}
    },
    {
      "line": "",
      "annotations": {}
    },
    {
      "line": "[Outro]",
      "annotations": {
        "Outro": "Annotation for [Outro]"
      }
    },
    {
      "line": "How do i ever feel the way",
      "annotations": {}
    },
    {
      "line": "Oh no",
      "annotations": {}
    },
    {
      "line": "When you make it so different",
      "annotations": {}
    }
  ]
}