{
  "lyrics": [
    {
      "line": "[Intro]",
      "annotations": {
        "Intro": "Annotation for [Intro]"
      }
    },
    {
      "line": "It’s just this evening",
      "annotations": {}
    },
    {
      "line": "I felt i was living",
      "annotations": {}
    },
    {
      "line": "In the present, but like",
      "annotations": {}
    },
    {
      "line": "Like i had seen the future sometime",
      "annotations": {}
    },
    {
      "line": "And everything just felt you know",
      "annotations": {}
    },
    {
      "line": "Quite retro",
      "annotations": {}
    },
    {
      "line": "",
      "annotations": {}
    },
    {
      "line": "[Chorus]",
      "annotations": {
        "Chorus": "Annotation for [Chorus]"
      }
    },
    {
      "line": "Bringing love back",
      "annotations": {}
    },
    {
      "line": "(hey)",
      "annotations": {}
    },
    {
      "line": "Bringing heart back",
      "annotations": {}
    },
    {
      "line": "(hey)",
      "annotations": {}
    },
    {
      "line": "When you’re in",
      "annotations": {}
    },
    {
      "line": "Forever marching on",
      "annotations": {}
    },
    {
      "line": "Bringing love back",
      "annotations": {}
    },
    {
      "line": "(hey)",
      "annotations": {}
    },
    {
      "line": "Bringing hearts back",
      "annotations": {}
    },
    {
      "line": "(hey)",
      "annotations": {}
    },
    {
      "line": "I’m forever",
      "annotations": {}
    },
    {
      "line": "Where i’m marching on",
      "annotations": {}
    },
    {
      "line": "Beating in my heart",
      "annotations": {}
    },
    {
      "line": "Has a different theme",
      "annotations": {}
    },
    {
      "line": "Can you let it go",
      "annotations": {}
    },
    {
      "line": "Beating in my heart",
      "annotations": {}
    },
    {
      "line": "Has a different rhythm",
      "annotations": {}
    },
    {
      "line": "Can you let it go",
      "annotations": {}
    },
    {
      "line": "",
      "annotations": {}
    },
    {
      "line": "[Verse 1]",
      "annotations": {
        "1": "Annotation for 1]",
        "Verse": "Annotation for [Verse"
      }
    },
    {
      "line": "The smile on my face can’t deny it",
      "annotations": {}
    },
    {
      "line": "(i kind of like it, you know, i mean it’s different)",
      "annotations": {}
    },
    {
      "line": "The block on your face i can buy it",
      "annotations": {}
    },
    {
      "line": "It’s just how i see it",
      "annotations": {}
    },
    {
      "line": "Taking my mind and i say it twice",
      "annotations": {}
    },
    {
      "line": "Just to believe it",
      "annotations": {}
    },
    {
      "line": "I am not withholding this",
      "annotations": {}
    },
    {
      "line": "",
      "annotations": {}
    },
    {
      "line": "[Verse 2]",
      "annotations": {
        "2": "Annotation for 2]",
        "Verse": "Annotation for [Verse"
      }
    },
    {
      "line": "Not withholding",
      "annotations": {}
    },
    {
      "line": "I am betrothing",
      "annotations": {}
    },
    {
      "line": "(hey)",
      "annotations": {}
    },
    {
      "line": "Say it",
      "annotations": {}
    },
    {
      "line": "That she’ll never get the hold of me",
      "annotations": {}
    },
    {
      "line": "(hey, hey)",
      "annotations": {}
    },
    {
      "line": "I quill it",
      "annotations": {}
    },
    {
      "line": "Every time i swindle these feelings",
      "annotations": {}
    },
    {
      "line": "That wanna keep me in check",
      "annotations": {}
    },
    {
      "line": "K!ll me",
      "annotations": {}
    },
    {
      "line": "(hey)",
      "annotations": {}
    },
    {
      "line": "I dribble it",
      "annotations": {}
    },
    {
      "line": "(hey)",
      "annotations": {}
    },
    {
      "line": "See my caving heart",
      "annotations": {}
    },
    {
      "line": "Does he ever feel you’re in lead",
      "annotations": {}
    },
    {
      "line": "Pee, your ending",
      "annotations": {}
    },
    {
      "line": "Then you diss the will",
      "annotations": {}
    },
    {
      "line": "",
      "annotations": {}
    },
    {
      "line": "[Outro]",
      "annotations": {
        "Outro": "Annotation for [Outro]"
      }
    },
    {
      "line": "Yeah, yeah, yeah",
      "annotations": {}
    },
    {
      "line": "Cut it out",
      "annotations": {}
    },
    {
      "line": "I, kevin hart",
      "annotations": {}
    },
    {
      "line": "Does he ever",
      "annotations": {}
    },
    {
      "line": "Carve it out",
      "annotations": {}
    },
    {
      "line": "As i hang up paying . . .",
      "annotations": {}
    },
    {
      "line": "He earns",
      "annotations": {}
    }
  ]
}