{
  "lyrics": [
    {
      "line": "[Intro]",
      "annotations": {
        "Intro": "Annotation for [Intro]"
      }
    },
    {
      "line": "Fresh boy chilling",
      "annotations": {}
    },
    {
      "line": "",
      "annotations": {}
    },
    {
      "line": "[Chorus]",
      "annotations": {
        "Chorus": "Annotation for [Chorus]"
      }
    },
    {
      "line": "Peeping through the keyhole",
      "annotations": {}
    },
    {
      "line": "I see this hope",
      "annotations": {}
    },
    {
      "line": "Peeping through the keyhole",
      "annotations": {}
    },
    {
      "line": "I see this hope",
      "annotations": {}
    },
    {
      "line": "",
      "annotations": {}
    },
    {
      "line": "[Verse 1]",
      "annotations": {
        "1": "Annotation for 1]",
        "Verse": "Annotation for [Verse"
      }
    },
    {
      "line": "This throw appeasing you",
      "annotations": {}
    },
    {
      "line": "This growth attaining is on your heart",
      "annotations": {}
    },
    {
      "line": "Kilter, higher wits lather",
      "annotations": {}
    },
    {
      "line": "Feigning this hurt",
      "annotations": {}
    },
    {
      "line": "When i know the taste",
      "annotations": {}
    },
    {
      "line": "I’ll feel better",
      "annotations": {}
    },
    {
      "line": "When i got my lense on, i see you",
      "annotations": {}
    },
    {
      "line": "A quarter mile away with another faded heart",
      "annotations": {}
    },
    {
      "line": "Asking questions about a book with a missing page",
      "annotations": {}
    },
    {
      "line": "Had to fit your roles girl",
      "annotations": {}
    },
    {
      "line": "Does it ever change juror pace",
      "annotations": {}
    },
    {
      "line": "Losing my oath now",
      "annotations": {}
    },
    {
      "line": "Won’t solve a fading waning mining my likes",
      "annotations": {}
    },
    {
      "line": "Isn’t it fair day enough for your fore hides",
      "annotations": {}
    },
    {
      "line": "For your number i gеt the knives",
      "annotations": {}
    },
    {
      "line": "",
      "annotations": {}
    },
    {
      "line": "[Verse 2]",
      "annotations": {
        "2": "Annotation for 2]",
        "Verse": "Annotation for [Verse"
      }
    },
    {
      "line": "You got my love so frayеd",
      "annotations": {}
    },
    {
      "line": "With your heart, does it give the headaches",
      "annotations": {}
    },
    {
      "line": "Oh wield the lantern, will i ever see through thee",
      "annotations": {}
    },
    {
      "line": "Oh with the pulse will i see another face",
      "annotations": {}
    },
    {
      "line": "Oh with your heart will i feel close to finally saved",
      "annotations": {}
    },
    {
      "line": "Feeling better, got a plee deal for myself",
      "annotations": {}
    },
    {
      "line": "Tomb bill, you’re p b rty so for forever",
      "annotations": {}
    }
  ]
}