{
  "lyrics": [
    {
      "line": "[Intro]",
      "annotations": {
        "Intro": "Annotation for [Intro]"
      }
    },
    {
      "line": "Fresh boy chilling",
      "annotations": {}
    },
    {
      "line": "",
      "annotations": {}
    },
    {
      "line": "[Verse 1]",
      "annotations": {
        "1": "Annotation for 1]",
        "Verse": "Annotation for [Verse"
      }
    },
    {
      "line": "Life is swift past us",
      "annotations": {}
    },
    {
      "line": "And we try to catch up",
      "annotations": {}
    },
    {
      "line": "With what we caught",
      "annotations": {}
    },
    {
      "line": "For fuss",
      "annotations": {}
    },
    {
      "line": "Lost sauce",
      "annotations": {}
    },
    {
      "line": "I think i’m better with my jeans on",
      "annotations": {}
    },
    {
      "line": "Looking like i gotta floss",
      "annotations": {}
    },
    {
      "line": "Every time i say i love her",
      "annotations": {}
    },
    {
      "line": "A pause",
      "annotations": {}
    },
    {
      "line": "I think i might be out if it",
      "annotations": {}
    },
    {
      "line": "Am i really unto it",
      "annotations": {}
    },
    {
      "line": "(am i dancing with my heart)",
      "annotations": {}
    },
    {
      "line": "With my heart",
      "annotations": {}
    },
    {
      "line": "",
      "annotations": {}
    },
    {
      "line": "[Chorus]",
      "annotations": {
        "Chorus": "Annotation for [Chorus]"
      }
    },
    {
      "line": "K!lling time",
      "annotations": {}
    },
    {
      "line": "All we do is try to k!ll time",
      "annotations": {}
    },
    {
      "line": "But oh we gotta do it this way",
      "annotations": {}
    },
    {
      "line": "You not alone",
      "annotations": {}
    },
    {
      "line": "This way",
      "annotations": {}
    },
    {
      "line": "You never alone",
      "annotations": {}
    },
    {
      "line": "",
      "annotations": {}
    },
    {
      "line": "[Verse 2]",
      "annotations": {
        "2": "Annotation for 2]",
        "Verse": "Annotation for [Verse"
      }
    },
    {
      "line": "I got two tall tops",
      "annotations": {}
    },
    {
      "line": "Too tall for my mind to topple now",
      "annotations": {}
    },
    {
      "line": "Are you asking is my cup filled",
      "annotations": {}
    },
    {
      "line": "Or do i need more",
      "annotations": {}
    },
    {
      "line": "All you’ve ever been is good",
      "annotations": {}
    },
    {
      "line": "I just think i’m outta my",
      "annotations": {}
    },
    {
      "line": "Out of my fount of love",
      "annotations": {}
    },
    {
      "line": "A fondness of what i caught",
      "annotations": {}
    },
    {
      "line": "",
      "annotations": {}
    },
    {
      "line": "[Chorus]",
      "annotations": {
        "Chorus": "Annotation for [Chorus]"
      }
    },
    {
      "line": "K!lling time",
      "annotations": {}
    },
    {
      "line": "All we do is try to k!ll time",
      "annotations": {}
    },
    {
      "line": "But oh we gotta do it this way",
      "annotations": {}
    },
    {
      "line": "This way",
      "annotations": {}
    }
  ]
}