{
  "lyrics": [
    {
      "line": "[Intro]",
      "annotations": {}
    },
    {
      "line": "Fresh boy chilling",
      "annotations": {}
    },
    {
      "line": "",
      "annotations": {}
    },
    {
      "line": "[Verse 1]",
      "annotations": {}
    },
    {
      "line": "It’s s x on my mind",
      "annotations": {}
    },
    {
      "line": "Feeling like it’s a minus",
      "annotations": {}
    },
    {
      "line": "By the degree",
      "annotations": {}
    },
    {
      "line": "I mean, it’s the average net",
      "annotations": {}
    },
    {
      "line": "Telling me how you’ve got something bigger",
      "annotations": {}
    },
    {
      "line": "Bigger bills",
      "annotations": {}
    },
    {
      "line": "I’ve got the issue with the tissues",
      "annotations": {}
    },
    {
      "line": "",
      "annotations": {}
    },
    {
      "line": "[Verse 2]",
      "annotations": {}
    },
    {
      "line": "This sort of tie",
      "annotations": {}
    },
    {
      "line": "Fighting through the why",
      "annotations": {}
    },
    {
      "line": "I need to get it here, back her, darker",
      "annotations": {}
    },
    {
      "line": "Put my lens on me",
      "annotations": {}
    },
    {
      "line": "Felling like, i can see it, i can feel it",
      "annotations": {}
    },
    {
      "line": "The less you relate to me",
      "annotations": {}
    },
    {
      "line": "I can never cave my seep in none",
      "annotations": {}
    },
    {
      "line": "",
      "annotations": {}
    },
    {
      "line": "[Verse 3]",
      "annotations": {}
    },
    {
      "line": "And you should know that",
      "annotations": {}
    },
    {
      "line": "We fall through it",
      "annotations": {}
    },
    {
      "line": "And we had it all",
      "annotations": {}
    },
    {
      "line": "Tell me one more time",
      "annotations": {}
    },
    {
      "line": "I feel this way, when the soul come on",
      "annotations": {}
    },
    {
      "line": "",
      "annotations": {}
    },
    {
      "line": "[Verse 4]",
      "annotations": {}
    },
    {
      "line": "No more on the floor and perceive the varying",
      "annotations": {}
    },
    {
      "line": "Can’t pray to history",
      "annotations": {}
    },
    {
      "line": "You should be mine often than that",
      "annotations": {}
    },
    {
      "line": "I need more time from you",
      "annotations": {}
    },
    {
      "line": "I feel that i’m giving it all i have got",
      "annotations": {}
    },
    {
      "line": "Telling me, that’s only money on my mind",
      "annotations": {}
    },
    {
      "line": "Keeping it up with the whines",
      "annotations": {}
    },
    {
      "line": "Giving it too much time to grow",
      "annotations": {}
    },
    {
      "line": "It’s a fake career if you’re the one",
      "annotations": {}
    },
    {
      "line": "I hopped on this train to say i caved",
      "annotations": {}
    },
    {
      "line": "Oh what a shame this has to play this way",
      "annotations": {}
    },
    {
      "line": "Play this way",
      "annotations": {}
    }
  ]
}