{
  "lyrics": [
    {
      "line": "[Verse 1]",
      "annotations": {}
    },
    {
      "line": "Sometimes i wish i could hear the whisper",
      "annotations": {}
    },
    {
      "line": "Hold on to myself, not let go",
      "annotations": {}
    },
    {
      "line": "Sometimes i don’t wanna be heavier",
      "annotations": {}
    },
    {
      "line": "I just want these thousands emotions",
      "annotations": {}
    },
    {
      "line": "Being the same",
      "annotations": {}
    },
    {
      "line": "Do you know what i mean",
      "annotations": {}
    },
    {
      "line": "I mean just being here all day",
      "annotations": {}
    },
    {
      "line": "I don’t want nothing new",
      "annotations": {}
    },
    {
      "line": "I just wanna see my girl",
      "annotations": {}
    },
    {
      "line": "Better than a dew",
      "annotations": {}
    },
    {
      "line": "Brighter than the sun",
      "annotations": {}
    },
    {
      "line": "I know nothing hurts that way",
      "annotations": {}
    },
    {
      "line": "But i’ll be better as his son",
      "annotations": {}
    },
    {
      "line": "Better with the moon",
      "annotations": {}
    },
    {
      "line": "Better like i could have everything",
      "annotations": {}
    },
    {
      "line": "Bettеr, better, bettеr",
      "annotations": {}
    },
    {
      "line": "",
      "annotations": {}
    },
    {
      "line": "[Chorus]",
      "annotations": {}
    },
    {
      "line": "But sometimes i just want you to let me go",
      "annotations": {}
    },
    {
      "line": "I don’t wanna to play these games",
      "annotations": {}
    },
    {
      "line": "I just want you to let me go",
      "annotations": {}
    },
    {
      "line": "I don’t want to feel this way",
      "annotations": {}
    },
    {
      "line": "Would you let me go",
      "annotations": {}
    },
    {
      "line": "I feel so better when i’m on my own",
      "annotations": {}
    },
    {
      "line": "I wish i could prove and do some more",
      "annotations": {}
    },
    {
      "line": "",
      "annotations": {}
    },
    {
      "line": "[Verse 2]",
      "annotations": {}
    },
    {
      "line": "Faster at saying a lie",
      "annotations": {}
    },
    {
      "line": "I’m bad at keeping my dirty tracks",
      "annotations": {}
    },
    {
      "line": "No, you come for it",
      "annotations": {}
    },
    {
      "line": "Oh oh",
      "annotations": {}
    },
    {
      "line": "Come merry y’all",
      "annotations": {}
    },
    {
      "line": "Oh oh",
      "annotations": {}
    },
    {
      "line": "Lost in this end of the world",
      "annotations": {}
    },
    {
      "line": "And i don’t know where is home",
      "annotations": {}
    },
    {
      "line": "Maybe it’s seeing you scold",
      "annotations": {}
    },
    {
      "line": "(seeing you scold)",
      "annotations": {}
    },
    {
      "line": "Would i let it go",
      "annotations": {}
    },
    {
      "line": "(let it go)",
      "annotations": {}
    },
    {
      "line": "My ears on fire",
      "annotations": {}
    },
    {
      "line": "Let it go",
      "annotations": {}
    },
    {
      "line": "(let it go)",
      "annotations": {}
    },
    {
      "line": "My girl accosting me",
      "annotations": {}
    },
    {
      "line": "Would i let it go",
      "annotations": {}
    },
    {
      "line": "(let it go)",
      "annotations": {}
    },
    {
      "line": "",
      "annotations": {}
    },
    {
      "line": "[Outro]",
      "annotations": {}
    },
    {
      "line": "Running from my letting it go",
      "annotations": {}
    },
    {
      "line": "Hold my goal",
      "annotations": {}
    },
    {
      "line": "Letting it go",
      "annotations": {}
    },
    {
      "line": "How long can i let it go",
      "annotations": {}
    }
  ]
}