{
  "lyrics": [
    {
      "line": "[Verse 1]",
      "annotations": {
        "1": "Annotation for 1]",
        "Verse": "Annotation for [Verse"
      }
    },
    {
      "line": "Bail me",
      "annotations": {}
    },
    {
      "line": "Beam it on me",
      "annotations": {}
    },
    {
      "line": "Fighting my disorientation",
      "annotations": {}
    },
    {
      "line": "Wailing for a sum to mention",
      "annotations": {}
    },
    {
      "line": "I feel the sad around here",
      "annotations": {}
    },
    {
      "line": "I feel so demented",
      "annotations": {}
    },
    {
      "line": "I feel like my life is not going nowhere",
      "annotations": {}
    },
    {
      "line": "It’s just for a second i mourn",
      "annotations": {}
    },
    {
      "line": "Hear the thoughts i entertain",
      "annotations": {}
    },
    {
      "line": "I feel like my life is not going nowhere",
      "annotations": {}
    },
    {
      "line": "I feel the world has turned down . . .",
      "annotations": {}
    },
    {
      "line": "It’s out for itself",
      "annotations": {}
    },
    {
      "line": "I feel this ceiling is not going any higher",
      "annotations": {}
    },
    {
      "line": "",
      "annotations": {}
    },
    {
      "line": "[Verse 2]",
      "annotations": {
        "2": "Annotation for 2]",
        "Verse": "Annotation for [Verse"
      }
    },
    {
      "line": "Does it ever make me feel gross",
      "annotations": {}
    },
    {
      "line": "That i pick up the microphone and i go prr",
      "annotations": {}
    },
    {
      "line": "Does he ever make me feel bad",
      "annotations": {}
    },
    {
      "line": "When i’m in my room",
      "annotations": {}
    },
    {
      "line": "And i’m thinking about my heart’s hole",
      "annotations": {}
    },
    {
      "line": "I think i did that too",
      "annotations": {}
    },
    {
      "line": "Talking about a girl that told me",
      "annotations": {}
    },
    {
      "line": "She’s on the mark. i do",
      "annotations": {}
    },
    {
      "line": "Looking like i don’t ever have to",
      "annotations": {}
    },
    {
      "line": "Tell someone",
      "annotations": {}
    },
    {
      "line": "I really care, her coo",
      "annotations": {}
    },
    {
      "line": "",
      "annotations": {}
    },
    {
      "line": "[Verse 3]",
      "annotations": {
        "3": "Annotation for 3]",
        "Verse": "Annotation for [Verse"
      }
    },
    {
      "line": "Oh oh, help me now",
      "annotations": {}
    },
    {
      "line": "Don’t tell me, you forget now",
      "annotations": {}
    },
    {
      "line": "I really love we’re quarrelling now",
      "annotations": {}
    },
    {
      "line": "But this is a mound for sappy heart",
      "annotations": {}
    },
    {
      "line": "Oh, looking back",
      "annotations": {}
    },
    {
      "line": "I think i never had",
      "annotations": {}
    },
    {
      "line": "A time to cover your harms",
      "annotations": {}
    },
    {
      "line": "Now i’m a common liar",
      "annotations": {}
    },
    {
      "line": "When i walk around",
      "annotations": {}
    },
    {
      "line": "But i know not to choose the hand",
      "annotations": {}
    },
    {
      "line": "Slight of my likes",
      "annotations": {}
    },
    {
      "line": "I don’t take it back",
      "annotations": {}
    },
    {
      "line": "When i say it’s got a hard rhyme",
      "annotations": {}
    },
    {
      "line": "I’m not hi in town",
      "annotations": {}
    }
  ]
}