{
  "lyrics": [
    {
      "line": "[Into]",
      "annotations": {}
    },
    {
      "line": "Oh oh",
      "annotations": {}
    },
    {
      "line": "Take me away now",
      "annotations": {}
    },
    {
      "line": "",
      "annotations": {}
    },
    {
      "line": "[Verse 1]",
      "annotations": {}
    },
    {
      "line": "I’m feeling like a cardboard",
      "annotations": {}
    },
    {
      "line": "Sawed off",
      "annotations": {}
    },
    {
      "line": "Say i’m feeling like this got born",
      "annotations": {}
    },
    {
      "line": "Sewed on",
      "annotations": {}
    },
    {
      "line": "Um",
      "annotations": {}
    },
    {
      "line": "She’s caught in me",
      "annotations": {}
    },
    {
      "line": "Cut into me",
      "annotations": {}
    },
    {
      "line": "Help a start",
      "annotations": {}
    },
    {
      "line": "I keep holding on",
      "annotations": {}
    },
    {
      "line": "Ingot",
      "annotations": {}
    },
    {
      "line": "Leaving it on",
      "annotations": {}
    },
    {
      "line": "My law is on another touch",
      "annotations": {}
    },
    {
      "line": "And you let it go",
      "annotations": {}
    },
    {
      "line": "All the time i make a saving learning",
      "annotations": {}
    },
    {
      "line": "I can’t get my eye off you",
      "annotations": {}
    },
    {
      "line": "You when you look that way",
      "annotations": {}
    },
    {
      "line": "",
      "annotations": {}
    },
    {
      "line": "[Bridge]",
      "annotations": {}
    },
    {
      "line": "Sipping, sipping",
      "annotations": {}
    },
    {
      "line": "I can’t let it go now",
      "annotations": {}
    },
    {
      "line": "Ooh ooh",
      "annotations": {}
    },
    {
      "line": "I’m bleeding, bleeding",
      "annotations": {}
    },
    {
      "line": "I can’t let it go now",
      "annotations": {}
    },
    {
      "line": "Measure our darn love",
      "annotations": {}
    },
    {
      "line": "I’m churning",
      "annotations": {}
    },
    {
      "line": "Churning",
      "annotations": {}
    },
    {
      "line": "And it is coming down on you",
      "annotations": {}
    },
    {
      "line": "On you",
      "annotations": {}
    },
    {
      "line": "I’m churning",
      "annotations": {}
    },
    {
      "line": "Churning",
      "annotations": {}
    },
    {
      "line": "And it is coming down on you",
      "annotations": {}
    },
    {
      "line": "",
      "annotations": {}
    },
    {
      "line": "[Verse 2]",
      "annotations": {}
    },
    {
      "line": "Is it enough now that i found heaven boy on you?",
      "annotations": {}
    },
    {
      "line": "Is it enough?",
      "annotations": {}
    },
    {
      "line": "Is it enough?",
      "annotations": {}
    },
    {
      "line": "Bleeding",
      "annotations": {}
    },
    {
      "line": "Will worn out",
      "annotations": {}
    },
    {
      "line": "My th rn",
      "annotations": {}
    },
    {
      "line": "Is your heart",
      "annotations": {}
    },
    {
      "line": "My scorn",
      "annotations": {}
    },
    {
      "line": "Is everything",
      "annotations": {}
    },
    {
      "line": "I’m hanging on at the leeway",
      "annotations": {}
    },
    {
      "line": "To the scar",
      "annotations": {}
    },
    {
      "line": "To the stop",
      "annotations": {}
    },
    {
      "line": "That won’t let it go",
      "annotations": {}
    },
    {
      "line": "My enough ain’t naught",
      "annotations": {}
    },
    {
      "line": "Ending all parade",
      "annotations": {}
    }
  ]
}