{
  "lyrics": [
    {
      "line": "[Intro]",
      "annotations": {
        "Intro": "Annotation for [Intro]"
      }
    },
    {
      "line": "It isn’t sweet lullaby",
      "annotations": {}
    },
    {
      "line": "Am i ever gonna have a tie",
      "annotations": {}
    },
    {
      "line": "I used to think",
      "annotations": {}
    },
    {
      "line": "I’ll never meet the queen",
      "annotations": {}
    },
    {
      "line": "I used to think",
      "annotations": {}
    },
    {
      "line": "I’ll never be a king",
      "annotations": {}
    },
    {
      "line": "",
      "annotations": {}
    },
    {
      "line": "[Chorus]",
      "annotations": {
        "Chorus": "Annotation for [Chorus]"
      }
    },
    {
      "line": "Holding my line",
      "annotations": {}
    },
    {
      "line": "Not counting on another day",
      "annotations": {}
    },
    {
      "line": "Loitering you trite",
      "annotations": {}
    },
    {
      "line": "Not wanting another sp ce",
      "annotations": {}
    },
    {
      "line": "",
      "annotations": {}
    },
    {
      "line": "[Verse 1]",
      "annotations": {
        "1": "Annotation for 1]",
        "Verse": "Annotation for [Verse"
      }
    },
    {
      "line": "You’re a fire fighter",
      "annotations": {}
    },
    {
      "line": "Coming with a siren",
      "annotations": {}
    },
    {
      "line": "To my disaster",
      "annotations": {}
    },
    {
      "line": "Gang arrival",
      "annotations": {}
    },
    {
      "line": "With your molotov c cktail",
      "annotations": {}
    },
    {
      "line": "You disband my boos",
      "annotations": {}
    },
    {
      "line": "It feels low",
      "annotations": {}
    },
    {
      "line": "Whenever i’m making hard",
      "annotations": {}
    },
    {
      "line": "Of her effort",
      "annotations": {}
    },
    {
      "line": "It feels whole",
      "annotations": {}
    },
    {
      "line": "Whenever her meme",
      "annotations": {}
    },
    {
      "line": "Swathing in her ardour",
      "annotations": {}
    },
    {
      "line": "",
      "annotations": {}
    },
    {
      "line": "[Bridge]",
      "annotations": {
        "Bridge": "Annotation for [Bridge]"
      }
    },
    {
      "line": "And i can’t break apart on the road",
      "annotations": {}
    },
    {
      "line": "An idler making a run",
      "annotations": {}
    },
    {
      "line": "",
      "annotations": {}
    },
    {
      "line": "[Chorus]",
      "annotations": {
        "Chorus": "Annotation for [Chorus]"
      }
    },
    {
      "line": "Holding my line",
      "annotations": {}
    },
    {
      "line": "Not counting on another day",
      "annotations": {}
    },
    {
      "line": "Loitering you tritе",
      "annotations": {}
    },
    {
      "line": "Not wanting another sp ce",
      "annotations": {}
    },
    {
      "line": "Holding my line",
      "annotations": {}
    },
    {
      "line": "Not counting on anothеr day",
      "annotations": {}
    },
    {
      "line": "Loitering you trite",
      "annotations": {}
    },
    {
      "line": "Not wanting another sp ce",
      "annotations": {}
    },
    {
      "line": "",
      "annotations": {}
    },
    {
      "line": "[Verse 2]",
      "annotations": {
        "2": "Annotation for 2]",
        "Verse": "Annotation for [Verse"
      }
    },
    {
      "line": "Baby, in warming tricksy",
      "annotations": {}
    },
    {
      "line": "My heart how are you sealing",
      "annotations": {}
    },
    {
      "line": "Never busy",
      "annotations": {}
    },
    {
      "line": "My favourite",
      "annotations": {}
    },
    {
      "line": "Heavy on my insistence",
      "annotations": {}
    },
    {
      "line": "Date it, say it’s no mitten",
      "annotations": {}
    },
    {
      "line": "You got me purring",
      "annotations": {}
    },
    {
      "line": "What is it you pondering",
      "annotations": {}
    },
    {
      "line": "Pouring, broody burning",
      "annotations": {}
    },
    {
      "line": "I’m purring",
      "annotations": {}
    },
    {
      "line": "What is it you pondering",
      "annotations": {}
    },
    {
      "line": "Pouring, broody burning",
      "annotations": {}
    },
    {
      "line": "",
      "annotations": {}
    },
    {
      "line": "[Chorus]",
      "annotations": {
        "Chorus": "Annotation for [Chorus]"
      }
    },
    {
      "line": "Holding my line",
      "annotations": {}
    },
    {
      "line": "Not counting on another day",
      "annotations": {}
    },
    {
      "line": "Loitering you trite",
      "annotations": {}
    },
    {
      "line": "Not wanting another sp ce",
      "annotations": {}
    },
    {
      "line": "Holding my line",
      "annotations": {}
    },
    {
      "line": "Not counting on another day",
      "annotations": {}
    },
    {
      "line": "Loitering you trite",
      "annotations": {}
    },
    {
      "line": "Not wanting another sp ce",
      "annotations": {}
    }
  ]
}