{
  "lyrics": [
    {
      "line": "[Intro]",
      "annotations": {}
    },
    {
      "line": "I got a big d mn secret",
      "annotations": {}
    },
    {
      "line": "It’s time i think of love",
      "annotations": {}
    },
    {
      "line": "And i put it where it belongs",
      "annotations": {}
    },
    {
      "line": "Where the search dogs go, yeah",
      "annotations": {}
    },
    {
      "line": "I be, i be, i be looking for nemo",
      "annotations": {}
    },
    {
      "line": "Little did i know",
      "annotations": {}
    },
    {
      "line": "Who was right here",
      "annotations": {}
    },
    {
      "line": "Reading my note",
      "annotations": {}
    },
    {
      "line": "I’m still tryna found out",
      "annotations": {}
    },
    {
      "line": "She’s everything, but today nothing",
      "annotations": {}
    },
    {
      "line": "",
      "annotations": {}
    },
    {
      "line": "[Verse 1]",
      "annotations": {}
    },
    {
      "line": "It’s a girl she look so pretty",
      "annotations": {}
    },
    {
      "line": "This little girl, she’s singing her name",
      "annotations": {}
    },
    {
      "line": "This little girl, she look so pretty",
      "annotations": {}
    },
    {
      "line": "This little girl, she whips every other",
      "annotations": {}
    },
    {
      "line": "I be stuck in front of the wheel",
      "annotations": {}
    },
    {
      "line": "You were stuck in your way out",
      "annotations": {}
    },
    {
      "line": "Put my sh t on the way out",
      "annotations": {}
    },
    {
      "line": "Ah!",
      "annotations": {}
    },
    {
      "line": "I’ma k!ll this sh t",
      "annotations": {}
    },
    {
      "line": "That’s a way out",
      "annotations": {}
    },
    {
      "line": "",
      "annotations": {}
    },
    {
      "line": "[Verse 2]",
      "annotations": {}
    },
    {
      "line": "Neighbour still for nine",
      "annotations": {}
    },
    {
      "line": "Ah!",
      "annotations": {}
    },
    {
      "line": "Gotta hand a position",
      "annotations": {}
    },
    {
      "line": "Ah!",
      "annotations": {}
    },
    {
      "line": "Put it on the f cking line",
      "annotations": {}
    },
    {
      "line": "Took an elision",
      "annotations": {}
    },
    {
      "line": "Ah!",
      "annotations": {}
    },
    {
      "line": "Potter’s invitations",
      "annotations": {}
    },
    {
      "line": "Throw my f cking veins",
      "annotations": {}
    },
    {
      "line": "And a f ck with the right ones",
      "annotations": {}
    },
    {
      "line": "F ck with the right ones",
      "annotations": {}
    },
    {
      "line": "Others are f cking",
      "annotations": {}
    },
    {
      "line": "They are scamming with their bae",
      "annotations": {}
    },
    {
      "line": "It don’t really matter",
      "annotations": {}
    },
    {
      "line": "I will be tucking the real sh t",
      "annotations": {}
    },
    {
      "line": "I ‘on’t give a f ck",
      "annotations": {}
    },
    {
      "line": "Brought us a sinner’s introduction",
      "annotations": {}
    },
    {
      "line": "",
      "annotations": {}
    },
    {
      "line": "[Verse 3]",
      "annotations": {}
    },
    {
      "line": "On my own, on my own",
      "annotations": {}
    },
    {
      "line": "I’ll be better on my own",
      "annotations": {}
    },
    {
      "line": "On my own, on my own",
      "annotations": {}
    },
    {
      "line": "I’ll be better on my own",
      "annotations": {}
    },
    {
      "line": "She ain’t gotta know",
      "annotations": {}
    },
    {
      "line": "She ain’t gotta know",
      "annotations": {}
    },
    {
      "line": "She ain’t gotta know",
      "annotations": {}
    },
    {
      "line": "You’ll be f cking where your daddy goes",
      "annotations": {}
    },
    {
      "line": "Keep a dongle with a flash",
      "annotations": {}
    },
    {
      "line": "Reminding no zacchaeus",
      "annotations": {}
    },
    {
      "line": "Help me without a lie, a kiss",
      "annotations": {}
    },
    {
      "line": "It’s all for the habit",
      "annotations": {}
    },
    {
      "line": "I’m in, i’m in, i’m in, i’m in",
      "annotations": {}
    },
    {
      "line": "It would be better if you save her",
      "annotations": {}
    },
    {
      "line": "She’s not even dada",
      "annotations": {}
    },
    {
      "line": "Yeah, yeah",
      "annotations": {}
    },
    {
      "line": "",
      "annotations": {}
    },
    {
      "line": "[Outro]",
      "annotations": {}
    },
    {
      "line": "Homie, you’re on piety",
      "annotations": {}
    },
    {
      "line": "Can i call you fam in your dream",
      "annotations": {}
    },
    {
      "line": "You’re pushy",
      "annotations": {}
    }
  ]
}