{
  "lyrics": [
    {
      "line": "[Chorus]",
      "annotations": {}
    },
    {
      "line": "Honey, so we’ll evolve",
      "annotations": {}
    },
    {
      "line": "Our love in a vibe",
      "annotations": {}
    },
    {
      "line": "From above",
      "annotations": {}
    },
    {
      "line": "Touch me now",
      "annotations": {}
    },
    {
      "line": "Don’t you say we left it off",
      "annotations": {}
    },
    {
      "line": "Don’t say we’re not enough",
      "annotations": {}
    },
    {
      "line": "Don’t say it",
      "annotations": {}
    },
    {
      "line": "Don’t say it",
      "annotations": {}
    },
    {
      "line": "",
      "annotations": {}
    },
    {
      "line": "[Verse 1]",
      "annotations": {}
    },
    {
      "line": "How can take i back words",
      "annotations": {}
    },
    {
      "line": "That i don’t really mean",
      "annotations": {}
    },
    {
      "line": "Do i mean them now",
      "annotations": {}
    },
    {
      "line": "Though i really said it twice",
      "annotations": {}
    },
    {
      "line": "Oh, these words",
      "annotations": {}
    },
    {
      "line": "They come like a clot",
      "annotations": {}
    },
    {
      "line": "And i’m caught in the sore of our love",
      "annotations": {}
    },
    {
      "line": "Armistice, in the morning you promise",
      "annotations": {}
    },
    {
      "line": "But i don’t feel in nothing",
      "annotations": {}
    },
    {
      "line": "It’s scram miss",
      "annotations": {}
    },
    {
      "line": "Oh will you",
      "annotations": {}
    },
    {
      "line": "I want you here",
      "annotations": {}
    },
    {
      "line": "A living video record",
      "annotations": {}
    }
  ]
}