{
  "lyrics": [
    {
      "line": "[Intro]",
      "annotations": {
        "Intro": "Annotation for [Intro]"
      }
    },
    {
      "line": "Fresh boy chilling",
      "annotations": {}
    },
    {
      "line": "",
      "annotations": {}
    },
    {
      "line": "[Verse 1]",
      "annotations": {
        "1": "Annotation for 1]",
        "Verse": "Annotation for [Verse"
      }
    },
    {
      "line": "I don’t get why i’m so locked in",
      "annotations": {}
    },
    {
      "line": "I don’t let it go",
      "annotations": {}
    },
    {
      "line": "Me being so sap",
      "annotations": {}
    },
    {
      "line": "A sea in here",
      "annotations": {}
    },
    {
      "line": "This sense with no hold; hold it",
      "annotations": {}
    },
    {
      "line": "I could hold on to",
      "annotations": {}
    },
    {
      "line": "Feeling that it’s worth their spar",
      "annotations": {}
    },
    {
      "line": "Whether you? not in it too!",
      "annotations": {}
    },
    {
      "line": "",
      "annotations": {}
    },
    {
      "line": "[Verse 2]",
      "annotations": {
        "2": "Annotation for 2]",
        "Verse": "Annotation for [Verse"
      }
    },
    {
      "line": "I should be better than this",
      "annotations": {}
    },
    {
      "line": "Not over, like didn’t mean to say",
      "annotations": {}
    },
    {
      "line": "That i feel something too",
      "annotations": {}
    },
    {
      "line": "Feeling so much",
      "annotations": {}
    },
    {
      "line": "Got addle so idle",
      "annotations": {}
    },
    {
      "line": "I feel that i could be better",
      "annotations": {}
    },
    {
      "line": "If i take her too",
      "annotations": {}
    },
    {
      "line": "Mine her sway",
      "annotations": {}
    },
    {
      "line": "Then i can take a beat",
      "annotations": {}
    },
    {
      "line": "Same thing here, i was looking for faith",
      "annotations": {}
    },
    {
      "line": "How much i’ve got",
      "annotations": {}
    },
    {
      "line": "Take a switch",
      "annotations": {}
    },
    {
      "line": "Let it come on",
      "annotations": {}
    },
    {
      "line": "Have you been out, it’s the weekеnd at the beach",
      "annotations": {}
    },
    {
      "line": "With another hеathen",
      "annotations": {}
    },
    {
      "line": "Have you been out, it’s the weekend at the beach",
      "annotations": {}
    },
    {
      "line": "With another heathen",
      "annotations": {}
    },
    {
      "line": "I saw wishing through the",
      "annotations": {}
    },
    {
      "line": "Through the time i get",
      "annotations": {}
    },
    {
      "line": "Have myself burn this charcoal",
      "annotations": {}
    },
    {
      "line": "Then my jest backward her seethe",
      "annotations": {}
    },
    {
      "line": "How much you see of you in there",
      "annotations": {}
    },
    {
      "line": "I get to grizzle",
      "annotations": {}
    },
    {
      "line": "And then i",
      "annotations": {}
    },
    {
      "line": "Feeling dead all over and over",
      "annotations": {}
    },
    {
      "line": "Feeling dead over and over",
      "annotations": {}
    },
    {
      "line": "So pantheon",
      "annotations": {}
    }
  ]
}