{
  "lyrics": [
    {
      "line": "I [intro]",
      "annotations": {}
    },
    {
      "line": "Come on!",
      "annotations": {}
    },
    {
      "line": "Fresh boy chilling",
      "annotations": {}
    },
    {
      "line": "",
      "annotations": {}
    },
    {
      "line": "[Verse 1]",
      "annotations": {}
    },
    {
      "line": "Fishing out",
      "annotations": {}
    },
    {
      "line": "Busy out",
      "annotations": {}
    },
    {
      "line": "I’m not coming home tonight",
      "annotations": {}
    },
    {
      "line": "Wanna have some fun with some pretty girls",
      "annotations": {}
    },
    {
      "line": "Out here is where i wanna die girl",
      "annotations": {}
    },
    {
      "line": "",
      "annotations": {}
    },
    {
      "line": "[Chorus]",
      "annotations": {}
    },
    {
      "line": "You calling me home",
      "annotations": {}
    },
    {
      "line": "And i can’t say no",
      "annotations": {}
    },
    {
      "line": "I just wanna take a long way home",
      "annotations": {}
    },
    {
      "line": "For the love",
      "annotations": {}
    },
    {
      "line": "For the love",
      "annotations": {}
    },
    {
      "line": "Taking the long way home",
      "annotations": {}
    },
    {
      "line": "For the love",
      "annotations": {}
    },
    {
      "line": "For the love",
      "annotations": {}
    },
    {
      "line": "",
      "annotations": {}
    },
    {
      "line": "[Verse 2]",
      "annotations": {}
    },
    {
      "line": "I give myself away tonight",
      "annotations": {}
    },
    {
      "line": "For you, and you, that pretty blonde too",
      "annotations": {}
    },
    {
      "line": "She got a ass",
      "annotations": {}
    },
    {
      "line": "That make me wanna jump",
      "annotations": {}
    },
    {
      "line": "I scored too",
      "annotations": {}
    },
    {
      "line": "Not just on assistance",
      "annotations": {}
    },
    {
      "line": "",
      "annotations": {}
    },
    {
      "line": "[Chorus]",
      "annotations": {}
    },
    {
      "line": "You calling me home",
      "annotations": {}
    },
    {
      "line": "And i can’t say no",
      "annotations": {}
    },
    {
      "line": "I just wanna take a long way home",
      "annotations": {}
    },
    {
      "line": "For the love",
      "annotations": {}
    },
    {
      "line": "For the lovе",
      "annotations": {}
    },
    {
      "line": "Taking the long way home",
      "annotations": {}
    },
    {
      "line": "For the lovе",
      "annotations": {}
    },
    {
      "line": "For the love",
      "annotations": {}
    }
  ]
}