{
  "lyrics": [
    {
      "line": "[Intro]",
      "annotations": {
        "Intro": "Annotation for [Intro]"
      }
    },
    {
      "line": "Everything comes to a stop",
      "annotations": {}
    },
    {
      "line": "You hear a bop",
      "annotations": {}
    },
    {
      "line": "And you feel like you’ve got a nod",
      "annotations": {}
    },
    {
      "line": "But it’s all just warp",
      "annotations": {}
    },
    {
      "line": "",
      "annotations": {}
    },
    {
      "line": "[Verse 1]",
      "annotations": {
        "1": "Annotation for 1]",
        "Verse": "Annotation for [Verse"
      }
    },
    {
      "line": "Would you take me back",
      "annotations": {}
    },
    {
      "line": "I need the rap",
      "annotations": {}
    },
    {
      "line": "I gotta know",
      "annotations": {}
    },
    {
      "line": "Would you take me back",
      "annotations": {}
    },
    {
      "line": "I need a rap",
      "annotations": {}
    },
    {
      "line": "Would you tell me that it’s not been elapsed",
      "annotations": {}
    },
    {
      "line": "",
      "annotations": {}
    },
    {
      "line": "[Chorus]",
      "annotations": {
        "Chorus": "Annotation for [Chorus]"
      }
    },
    {
      "line": "Would you take me back",
      "annotations": {}
    },
    {
      "line": "I gotta know",
      "annotations": {}
    },
    {
      "line": "I gotta know",
      "annotations": {}
    },
    {
      "line": "I’ve been a perv for earning",
      "annotations": {}
    },
    {
      "line": "Have it amassed it",
      "annotations": {}
    },
    {
      "line": "Having a missed diary",
      "annotations": {}
    },
    {
      "line": "I’ve been in love with all that",
      "annotations": {}
    },
    {
      "line": "Have been absorbed with all that",
      "annotations": {}
    },
    {
      "line": "Having the one’s that",
      "annotations": {}
    },
    {
      "line": "Stay in heaven with the love god",
      "annotations": {}
    },
    {
      "line": "",
      "annotations": {}
    },
    {
      "line": "[Verse 2]",
      "annotations": {
        "2": "Annotation for 2]",
        "Verse": "Annotation for [Verse"
      }
    },
    {
      "line": "To tell you",
      "annotations": {}
    },
    {
      "line": "Girl i don’t know",
      "annotations": {}
    },
    {
      "line": "I’m not the one who is stirred in",
      "annotations": {}
    },
    {
      "line": "Dead on the ratio",
      "annotations": {}
    },
    {
      "line": "We should just be friends",
      "annotations": {}
    },
    {
      "line": "Something about this notion",
      "annotations": {}
    },
    {
      "line": "Of mе always being me instead",
      "annotations": {}
    },
    {
      "line": "You should tеll on that weekend",
      "annotations": {}
    },
    {
      "line": "I’ll hide and fool you",
      "annotations": {}
    },
    {
      "line": "You’re in his stead",
      "annotations": {}
    },
    {
      "line": "And i will say, you are a deputy in",
      "annotations": {}
    },
    {
      "line": "It’s not over in his end",
      "annotations": {}
    },
    {
      "line": "",
      "annotations": {}
    },
    {
      "line": "[Verse 3]",
      "annotations": {
        "3": "Annotation for 3]",
        "Verse": "Annotation for [Verse"
      }
    },
    {
      "line": "I don’t know what you hear",
      "annotations": {}
    },
    {
      "line": "Don’t know what you see in my heart",
      "annotations": {}
    },
    {
      "line": "Flame on, know you are risking the lily",
      "annotations": {}
    },
    {
      "line": "It is just no pretence",
      "annotations": {}
    },
    {
      "line": "She ever know",
      "annotations": {}
    },
    {
      "line": "It’s your yabber you know",
      "annotations": {}
    },
    {
      "line": "Once it is word, i’m here",
      "annotations": {}
    },
    {
      "line": "I’m your lover again",
      "annotations": {}
    },
    {
      "line": "She say that she cares",
      "annotations": {}
    },
    {
      "line": "His word i touch",
      "annotations": {}
    },
    {
      "line": "On my soap you’re back",
      "annotations": {}
    },
    {
      "line": "It’s still the faith in him",
      "annotations": {}
    },
    {
      "line": "Missing him in i like your name",
      "annotations": {}
    },
    {
      "line": "A no on stuck",
      "annotations": {}
    },
    {
      "line": "Caved in",
      "annotations": {}
    },
    {
      "line": "Could be you’re in your habit",
      "annotations": {}
    },
    {
      "line": "Of this say you are reeling now",
      "annotations": {}
    },
    {
      "line": "My self on this",
      "annotations": {}
    },
    {
      "line": "",
      "annotations": {}
    },
    {
      "line": "[Verse 4]",
      "annotations": {
        "4": "Annotation for 4]",
        "Verse": "Annotation for [Verse"
      }
    },
    {
      "line": "Dates, weeks, days",
      "annotations": {}
    },
    {
      "line": "Sound, never say no",
      "annotations": {}
    },
    {
      "line": "Would you let me down when it’s just business",
      "annotations": {}
    },
    {
      "line": "If she’s the hour now",
      "annotations": {}
    },
    {
      "line": "Cushion on my mind",
      "annotations": {}
    },
    {
      "line": "What’s the time",
      "annotations": {}
    },
    {
      "line": "If she had time",
      "annotations": {}
    },
    {
      "line": "Cheesy the only tee is sounds",
      "annotations": {}
    },
    {
      "line": "Just mention, buzz me when it’s you",
      "annotations": {}
    },
    {
      "line": "I on’t really know if it’s true",
      "annotations": {}
    },
    {
      "line": "That this man is about this mood",
      "annotations": {}
    },
    {
      "line": "Or i should touch myself",
      "annotations": {}
    },
    {
      "line": "It’s time i prove it",
      "annotations": {}
    },
    {
      "line": "Damming i ain’t your ex like",
      "annotations": {}
    },
    {
      "line": "I don’t really know",
      "annotations": {}
    },
    {
      "line": "But days to weekend",
      "annotations": {}
    },
    {
      "line": "Not my descends",
      "annotations": {}
    },
    {
      "line": "",
      "annotations": {}
    },
    {
      "line": "[Chorus]",
      "annotations": {
        "Chorus": "Annotation for [Chorus]"
      }
    },
    {
      "line": "Would you take me back",
      "annotations": {}
    },
    {
      "line": "I gotta know",
      "annotations": {}
    },
    {
      "line": "I gotta know",
      "annotations": {}
    },
    {
      "line": "I’ve been a perv for earning",
      "annotations": {}
    },
    {
      "line": "Have it amassed at",
      "annotations": {}
    },
    {
      "line": "Having a missed diary",
      "annotations": {}
    },
    {
      "line": "I’ve been in love with all that",
      "annotations": {}
    },
    {
      "line": "Have been absorbed with all that",
      "annotations": {}
    },
    {
      "line": "Having the one’s that",
      "annotations": {}
    },
    {
      "line": "Stay in heaven with the love god",
      "annotations": {}
    },
    {
      "line": "",
      "annotations": {}
    },
    {
      "line": "[Chorus]",
      "annotations": {
        "Chorus": "Annotation for [Chorus]"
      }
    },
    {
      "line": "Would you take me back",
      "annotations": {}
    },
    {
      "line": "I gotta know",
      "annotations": {}
    },
    {
      "line": "I gotta know",
      "annotations": {}
    },
    {
      "line": "I’ve been a perv for earning",
      "annotations": {}
    },
    {
      "line": "Have it amassed at",
      "annotations": {}
    },
    {
      "line": "Having a missed diary",
      "annotations": {}
    },
    {
      "line": "I’ve been in love with all that",
      "annotations": {}
    },
    {
      "line": "Have been absorbed with all that",
      "annotations": {}
    },
    {
      "line": "Having the one’s that",
      "annotations": {}
    },
    {
      "line": "Stay in heaven with the love god",
      "annotations": {}
    }
  ]
}