{
  "lyrics": [
    {
      "line": "[Intro]",
      "annotations": {}
    },
    {
      "line": "What matters says i’m here",
      "annotations": {}
    },
    {
      "line": "What does this",
      "annotations": {}
    },
    {
      "line": "Heart weave through the pages of this story i’m writing",
      "annotations": {}
    },
    {
      "line": "Is it to be loved or to love or are the two flowing",
      "annotations": {}
    },
    {
      "line": "",
      "annotations": {}
    },
    {
      "line": "[Verse 1]",
      "annotations": {}
    },
    {
      "line": "Wake up with a smile on my face",
      "annotations": {}
    },
    {
      "line": "I see myself going out of here",
      "annotations": {}
    },
    {
      "line": "Out my head",
      "annotations": {}
    },
    {
      "line": "Better be prepared",
      "annotations": {}
    },
    {
      "line": "Is how you talk to me",
      "annotations": {}
    },
    {
      "line": "Knowing that has gotten me this far",
      "annotations": {}
    },
    {
      "line": "",
      "annotations": {}
    },
    {
      "line": "[Chorus]",
      "annotations": {}
    },
    {
      "line": "So when this madness i’m so familiar with comes",
      "annotations": {}
    },
    {
      "line": "I’ll say",
      "annotations": {}
    },
    {
      "line": "I’m okay with nothing to wrestle a win",
      "annotations": {}
    },
    {
      "line": "I see it, i see it all of its detail",
      "annotations": {}
    },
    {
      "line": "",
      "annotations": {}
    },
    {
      "line": "[Verse 2]",
      "annotations": {}
    },
    {
      "line": "Be the tale",
      "annotations": {}
    },
    {
      "line": "Weekends like this",
      "annotations": {}
    },
    {
      "line": "Feel like something to dip in",
      "annotations": {}
    },
    {
      "line": "My feet, i wanna takе a swim on",
      "annotations": {}
    },
    {
      "line": "Every soul i know",
      "annotations": {}
    },
    {
      "line": "Tells me that i’m bеtter than i can",
      "annotations": {}
    },
    {
      "line": "Oh",
      "annotations": {}
    },
    {
      "line": "",
      "annotations": {}
    },
    {
      "line": "[Outro]",
      "annotations": {}
    },
    {
      "line": "Fresh boy chilling",
      "annotations": {}
    }
  ]
}