{
  "lyrics": [
    {
      "line": "[Intro]",
      "annotations": {
        "Intro": "Annotation for [Intro]"
      }
    },
    {
      "line": "Fresh boy chilling",
      "annotations": {}
    },
    {
      "line": "",
      "annotations": {}
    },
    {
      "line": "[Verse 1]",
      "annotations": {
        "1": "Annotation for 1]",
        "Verse": "Annotation for [Verse"
      }
    },
    {
      "line": "Ever ever had it, a girl",
      "annotations": {}
    },
    {
      "line": "Have you ever had a best friend",
      "annotations": {}
    },
    {
      "line": "How you ever @ the girl",
      "annotations": {}
    },
    {
      "line": "I got a best friend",
      "annotations": {}
    },
    {
      "line": "I got a girl",
      "annotations": {}
    },
    {
      "line": "She never asks too much",
      "annotations": {}
    },
    {
      "line": "Always got my back",
      "annotations": {}
    },
    {
      "line": "And she’s coming for the bark here",
      "annotations": {}
    },
    {
      "line": "I got a girl",
      "annotations": {}
    },
    {
      "line": "She got a best friend",
      "annotations": {}
    },
    {
      "line": "Telling everyone",
      "annotations": {}
    },
    {
      "line": "That should be me and not no one",
      "annotations": {}
    },
    {
      "line": "And i’m packing my bag low",
      "annotations": {}
    },
    {
      "line": "When you get offended",
      "annotations": {}
    },
    {
      "line": "Ghetto fiend yeah",
      "annotations": {}
    },
    {
      "line": "I’m gawking my bag low",
      "annotations": {}
    },
    {
      "line": "You’ll get your fee",
      "annotations": {}
    },
    {
      "line": "Get your fee",
      "annotations": {}
    },
    {
      "line": "",
      "annotations": {}
    },
    {
      "line": "[Bridge]",
      "annotations": {
        "Bridge": "Annotation for [Bridge]"
      }
    },
    {
      "line": "Yeah, i made hеr my girl",
      "annotations": {}
    },
    {
      "line": "She never turns mе down",
      "annotations": {}
    },
    {
      "line": "She never turned me down",
      "annotations": {}
    },
    {
      "line": "Yeah, i got a girl",
      "annotations": {}
    },
    {
      "line": "",
      "annotations": {}
    },
    {
      "line": "[Chorus]",
      "annotations": {
        "Chorus": "Annotation for [Chorus]"
      }
    },
    {
      "line": "Isn’t it magical",
      "annotations": {}
    },
    {
      "line": "How we’re still in love",
      "annotations": {}
    },
    {
      "line": "Isn’t it magical",
      "annotations": {}
    },
    {
      "line": "How you still got my back",
      "annotations": {}
    },
    {
      "line": "How you still got my back",
      "annotations": {}
    },
    {
      "line": "Isn’t it magical",
      "annotations": {}
    },
    {
      "line": "How we’re still in love",
      "annotations": {}
    },
    {
      "line": "Isn’t it magical",
      "annotations": {}
    },
    {
      "line": "How you still got my back",
      "annotations": {}
    },
    {
      "line": "",
      "annotations": {}
    },
    {
      "line": "[Verse 2]",
      "annotations": {
        "2": "Annotation for 2]",
        "Verse": "Annotation for [Verse"
      }
    },
    {
      "line": "I never had time for work girls",
      "annotations": {}
    },
    {
      "line": "I could say",
      "annotations": {}
    },
    {
      "line": "I’d even rhyme it with a note that says",
      "annotations": {}
    },
    {
      "line": "Looking like pinocchio",
      "annotations": {}
    },
    {
      "line": "Acting like i’m dud to you",
      "annotations": {}
    },
    {
      "line": "Girl you should know that",
      "annotations": {}
    },
    {
      "line": "I’m all but the latter to you",
      "annotations": {}
    },
    {
      "line": "And my lies in this",
      "annotations": {}
    },
    {
      "line": "Figuring it out",
      "annotations": {}
    },
    {
      "line": "Acting it out",
      "annotations": {}
    },
    {
      "line": "Telling you",
      "annotations": {}
    },
    {
      "line": "I’mma try and love you real out",
      "annotations": {}
    },
    {
      "line": "Saying it with a seared edge",
      "annotations": {}
    }
  ]
}