{
  "lyrics": [
    {
      "line": "[Verse 1]",
      "annotations": {}
    },
    {
      "line": "Why does it feel",
      "annotations": {}
    },
    {
      "line": "I can’t get it right",
      "annotations": {}
    },
    {
      "line": "I can’t get it right",
      "annotations": {}
    },
    {
      "line": "Got me like kim curves",
      "annotations": {}
    },
    {
      "line": "It’s a male beef",
      "annotations": {}
    },
    {
      "line": "It is a malady",
      "annotations": {}
    },
    {
      "line": "I can’t get it right",
      "annotations": {}
    },
    {
      "line": "I can’t get it right",
      "annotations": {}
    },
    {
      "line": "I can’t get it right",
      "annotations": {}
    },
    {
      "line": "Her kinda love weighs a malady",
      "annotations": {}
    },
    {
      "line": "Got me feeling bad",
      "annotations": {}
    },
    {
      "line": "Got me feeling bad",
      "annotations": {}
    },
    {
      "line": "Whoa",
      "annotations": {}
    },
    {
      "line": "You should call me daddy",
      "annotations": {}
    },
    {
      "line": "Girl let me love you",
      "annotations": {}
    },
    {
      "line": "Got me feeling like",
      "annotations": {}
    },
    {
      "line": "This ain’t never running out",
      "annotations": {}
    },
    {
      "line": "I’m running on",
      "annotations": {}
    },
    {
      "line": "Got my cheeks pressed to the f cking cpu",
      "annotations": {}
    },
    {
      "line": "I could never get my mind it’s because of you",
      "annotations": {}
    },
    {
      "line": "Got me feeling like girl this is another thought",
      "annotations": {}
    },
    {
      "line": "Got me feeling like this what the f ck i want",
      "annotations": {}
    },
    {
      "line": "And i don’t really know if this is a clot",
      "annotations": {}
    },
    {
      "line": "Cos i’m not healing and i don’t know what is wrong",
      "annotations": {}
    },
    {
      "line": "Got me feeling like baby i can never hit you",
      "annotations": {}
    },
    {
      "line": "Cos you hiding behind the boulder",
      "annotations": {}
    },
    {
      "line": "My thoughts i can’t get them right",
      "annotations": {}
    },
    {
      "line": "Got me feeling like your love is a malady",
      "annotations": {}
    },
    {
      "line": "My thoughts i can’t f cking get them right girl",
      "annotations": {}
    },
    {
      "line": "Got me feeling like our love is a malady",
      "annotations": {}
    },
    {
      "line": "And i don’t wanna press the red b tton",
      "annotations": {}
    },
    {
      "line": "But if i don’t get it right",
      "annotations": {}
    },
    {
      "line": "I’ma choke it out",
      "annotations": {}
    },
    {
      "line": "I’ma choke it out",
      "annotations": {}
    },
    {
      "line": "D mn, d mn",
      "annotations": {}
    },
    {
      "line": "Yeah!",
      "annotations": {}
    },
    {
      "line": "That’s the sh t right there now",
      "annotations": {}
    },
    {
      "line": "One time for the stars",
      "annotations": {}
    },
    {
      "line": "Hit it on the . . .",
      "annotations": {}
    },
    {
      "line": "Hit it on the back",
      "annotations": {}
    },
    {
      "line": "Yeah!",
      "annotations": {}
    },
    {
      "line": "My f cking love is true",
      "annotations": {}
    },
    {
      "line": "Don’t you cover it in blue",
      "annotations": {}
    },
    {
      "line": "If my love is true, don’t you cover it in blue soul",
      "annotations": {}
    },
    {
      "line": "This ain’t no . . .",
      "annotations": {}
    },
    {
      "line": "This ain’t no cloak",
      "annotations": {}
    },
    {
      "line": "This is . . .",
      "annotations": {}
    },
    {
      "line": "This is the f cking truth",
      "annotations": {}
    },
    {
      "line": "I can’t get my thoughts right",
      "annotations": {}
    },
    {
      "line": "Got me feeling like your thought is a malady",
      "annotations": {}
    },
    {
      "line": "Ah!",
      "annotations": {}
    },
    {
      "line": "I can’t get my f cking thoughts right",
      "annotations": {}
    },
    {
      "line": "Got me feeling like your turf is a malady",
      "annotations": {}
    },
    {
      "line": "Chilling with my voice like a f cking cackle",
      "annotations": {}
    },
    {
      "line": "A ham?",
      "annotations": {}
    },
    {
      "line": "F ck that sh t men",
      "annotations": {}
    }
  ]
}