{
  "lyrics": [
    {
      "line": "[Intro]",
      "annotations": {
        "Intro": "Annotation for [Intro]"
      }
    },
    {
      "line": "Hey, i know it",
      "annotations": {}
    },
    {
      "line": "I caught the vibe",
      "annotations": {}
    },
    {
      "line": "From the first time",
      "annotations": {}
    },
    {
      "line": "I knew it",
      "annotations": {}
    },
    {
      "line": "Her cut off there in tight",
      "annotations": {}
    },
    {
      "line": "I know i’m gonna see her dine",
      "annotations": {}
    },
    {
      "line": "",
      "annotations": {}
    },
    {
      "line": "[Verse 1]",
      "annotations": {
        "1": "Annotation for 1]",
        "Verse": "Annotation for [Verse"
      }
    },
    {
      "line": "Bigger b tt, bigger bun",
      "annotations": {}
    },
    {
      "line": "She’s got a bigger bun",
      "annotations": {}
    },
    {
      "line": "Bigger bun",
      "annotations": {}
    },
    {
      "line": "I got an ego bar in your bag",
      "annotations": {}
    },
    {
      "line": "I think i’m not that kinda man",
      "annotations": {}
    },
    {
      "line": "Poor and a serf",
      "annotations": {}
    },
    {
      "line": "",
      "annotations": {}
    },
    {
      "line": "[Chorus]",
      "annotations": {
        "Chorus": "Annotation for [Chorus]"
      }
    },
    {
      "line": "Fair race, say to mail",
      "annotations": {}
    },
    {
      "line": "I got that level weight",
      "annotations": {}
    },
    {
      "line": "I’m marked man",
      "annotations": {}
    },
    {
      "line": "To say wear the taser",
      "annotations": {}
    },
    {
      "line": "I got the siren in",
      "annotations": {}
    },
    {
      "line": "I’m that marilyn",
      "annotations": {}
    },
    {
      "line": "I’m that man to say i got a day in it",
      "annotations": {}
    },
    {
      "line": "",
      "annotations": {}
    },
    {
      "line": "[Verse 2]",
      "annotations": {
        "2": "Annotation for 2]",
        "Verse": "Annotation for [Verse"
      }
    },
    {
      "line": "Wait, i never . . .",
      "annotations": {}
    },
    {
      "line": "Took a pity",
      "annotations": {}
    },
    {
      "line": "Sit up, my new music",
      "annotations": {}
    },
    {
      "line": "We say look at it and listen better",
      "annotations": {}
    },
    {
      "line": "And i’m always embarrassed",
      "annotations": {}
    },
    {
      "line": "Think i got a devil bat",
      "annotations": {}
    },
    {
      "line": "I’m just kidding with a heart",
      "annotations": {}
    },
    {
      "line": "That hands the demo rants",
      "annotations": {}
    }
  ]
}