{
  "lyrics": [
    {
      "line": "Wooh wooh",
      "annotations": {}
    },
    {
      "line": "Pi in",
      "annotations": {}
    },
    {
      "line": "Am i in",
      "annotations": {}
    },
    {
      "line": "Am buying",
      "annotations": {}
    },
    {
      "line": "Every second of ya",
      "annotations": {}
    },
    {
      "line": "I talk to you",
      "annotations": {}
    },
    {
      "line": "When am feeling like i can’t get it",
      "annotations": {}
    },
    {
      "line": "A page up",
      "annotations": {}
    },
    {
      "line": "Means amma start all over",
      "annotations": {}
    },
    {
      "line": "Famished when i hold on",
      "annotations": {}
    },
    {
      "line": "Yeah",
      "annotations": {}
    },
    {
      "line": "Weary for the sears",
      "annotations": {}
    },
    {
      "line": "Run me",
      "annotations": {}
    },
    {
      "line": "Turn me over",
      "annotations": {}
    },
    {
      "line": "You poor dough",
      "annotations": {}
    },
    {
      "line": "Who you kiddin’",
      "annotations": {}
    },
    {
      "line": "You running out",
      "annotations": {}
    },
    {
      "line": "A picture get sent",
      "annotations": {}
    },
    {
      "line": "No no no never",
      "annotations": {}
    },
    {
      "line": "Famished",
      "annotations": {}
    },
    {
      "line": "Tinny lover",
      "annotations": {}
    },
    {
      "line": "Where the love at",
      "annotations": {}
    },
    {
      "line": "Why do all that",
      "annotations": {}
    },
    {
      "line": "Where the love at now",
      "annotations": {}
    },
    {
      "line": "Where the love at",
      "annotations": {}
    },
    {
      "line": "Why do all that",
      "annotations": {}
    },
    {
      "line": "Where the love at",
      "annotations": {}
    },
    {
      "line": "Am famished",
      "annotations": {}
    },
    {
      "line": "Weird to run down there",
      "annotations": {}
    },
    {
      "line": "Talking to myself",
      "annotations": {}
    },
    {
      "line": "She’ll probably say that",
      "annotations": {}
    },
    {
      "line": "Running through my head",
      "annotations": {}
    },
    {
      "line": "I play the xylophone",
      "annotations": {}
    },
    {
      "line": "Xylophone",
      "annotations": {}
    },
    {
      "line": "Pulse in the vain",
      "annotations": {}
    },
    {
      "line": "Got me offended",
      "annotations": {}
    },
    {
      "line": "At the window",
      "annotations": {}
    },
    {
      "line": "Always delighted",
      "annotations": {}
    },
    {
      "line": "At the window",
      "annotations": {}
    },
    {
      "line": "My dealer dead",
      "annotations": {}
    },
    {
      "line": "Out my phase",
      "annotations": {}
    },
    {
      "line": "That’s a lie detected",
      "annotations": {}
    },
    {
      "line": "Pie in",
      "annotations": {}
    },
    {
      "line": "Am i in",
      "annotations": {}
    },
    {
      "line": "Am buying",
      "annotations": {}
    },
    {
      "line": "Pi in",
      "annotations": {}
    },
    {
      "line": "Am i in",
      "annotations": {}
    },
    {
      "line": "Am buying",
      "annotations": {}
    },
    {
      "line": "Every second of ya",
      "annotations": {}
    }
  ]
}