{
  "lyrics": [
    {
      "line": "[Intro]",
      "annotations": {}
    },
    {
      "line": "Hey",
      "annotations": {}
    },
    {
      "line": "Have you ever wondered",
      "annotations": {}
    },
    {
      "line": "What i do most times when",
      "annotations": {}
    },
    {
      "line": "I’m on x",
      "annotations": {}
    },
    {
      "line": "",
      "annotations": {}
    },
    {
      "line": "[Verse 1]",
      "annotations": {}
    },
    {
      "line": "If it isn’t you then it’s someone else",
      "annotations": {}
    },
    {
      "line": "(definitely)",
      "annotations": {}
    },
    {
      "line": "If it isn’t me buzzing some girl",
      "annotations": {}
    },
    {
      "line": "Then it’s some business",
      "annotations": {}
    },
    {
      "line": "So why you ask",
      "annotations": {}
    },
    {
      "line": "That i’ll be hard",
      "annotations": {}
    },
    {
      "line": "Girl come on",
      "annotations": {}
    },
    {
      "line": "That ass got me feeling like",
      "annotations": {}
    },
    {
      "line": "I could be a father",
      "annotations": {}
    },
    {
      "line": "With these bills",
      "annotations": {}
    },
    {
      "line": "’cause there’s nothing that appeases",
      "annotations": {}
    },
    {
      "line": "When i’m on my hills",
      "annotations": {}
    },
    {
      "line": "Girl, come on",
      "annotations": {}
    },
    {
      "line": "It’s right there",
      "annotations": {}
    },
    {
      "line": "I’m a biggy",
      "annotations": {}
    },
    {
      "line": "Never on these waves",
      "annotations": {}
    },
    {
      "line": "Just me on my taste",
      "annotations": {}
    },
    {
      "line": "That’ll be tic tac toe",
      "annotations": {}
    },
    {
      "line": "Cause i’m always on my ten toes",
      "annotations": {}
    },
    {
      "line": "Tryna find no foe",
      "annotations": {}
    },
    {
      "line": "Maybe that could be my under goals",
      "annotations": {}
    },
    {
      "line": "Oh no! bae don’t bicker",
      "annotations": {}
    },
    {
      "line": "I could . . . saving all",
      "annotations": {}
    },
    {
      "line": "I could tell you that",
      "annotations": {}
    },
    {
      "line": "I’ll be the special one for you",
      "annotations": {}
    },
    {
      "line": "",
      "annotations": {}
    },
    {
      "line": "[Chorus]",
      "annotations": {}
    },
    {
      "line": "And it is true girl",
      "annotations": {}
    },
    {
      "line": "Nothing comes above you",
      "annotations": {}
    },
    {
      "line": "When you’re the one",
      "annotations": {}
    },
    {
      "line": "And it is true girl",
      "annotations": {}
    },
    {
      "line": "Nothing comes above",
      "annotations": {}
    },
    {
      "line": "Nothing comes above, above",
      "annotations": {}
    },
    {
      "line": "You could be the one",
      "annotations": {}
    },
    {
      "line": "Nothing comes above",
      "annotations": {}
    },
    {
      "line": "Nothing comes above",
      "annotations": {}
    },
    {
      "line": "You could be the one",
      "annotations": {}
    },
    {
      "line": "You could be the one",
      "annotations": {}
    },
    {
      "line": "You’re the one",
      "annotations": {}
    },
    {
      "line": "Let’s play the game of being the one",
      "annotations": {}
    },
    {
      "line": "You could be the one girl",
      "annotations": {}
    },
    {
      "line": "Melly, melly let’s stay in the alley of e",
      "annotations": {}
    },
    {
      "line": "",
      "annotations": {}
    },
    {
      "line": "[Verse 2]",
      "annotations": {}
    },
    {
      "line": "The one",
      "annotations": {}
    },
    {
      "line": "F ck the entertainment",
      "annotations": {}
    },
    {
      "line": "I just wanna be the right placement",
      "annotations": {}
    },
    {
      "line": "How it feels when everything calls",
      "annotations": {}
    },
    {
      "line": "Say my reign, and i’m on you",
      "annotations": {}
    },
    {
      "line": "All i want",
      "annotations": {}
    },
    {
      "line": "Drumming on your ear like a xylophone",
      "annotations": {}
    },
    {
      "line": "All i want girl",
      "annotations": {}
    },
    {
      "line": "Chomping on your heart all day",
      "annotations": {}
    },
    {
      "line": "Just for this lot",
      "annotations": {}
    },
    {
      "line": "",
      "annotations": {}
    },
    {
      "line": "[Verse 3]",
      "annotations": {}
    },
    {
      "line": "So it could be",
      "annotations": {}
    },
    {
      "line": "Definitely, it won’t be on the not",
      "annotations": {}
    },
    {
      "line": "That will mean",
      "annotations": {}
    },
    {
      "line": "Tying the knot",
      "annotations": {}
    },
    {
      "line": "It is as simple as",
      "annotations": {}
    },
    {
      "line": "Putting the dust behind",
      "annotations": {}
    },
    {
      "line": "That’s a cross",
      "annotations": {}
    },
    {
      "line": "You know",
      "annotations": {}
    },
    {
      "line": "On some other new path where",
      "annotations": {}
    },
    {
      "line": "Yeah, i bought her that car",
      "annotations": {}
    },
    {
      "line": "(laughter)",
      "annotations": {}
    },
    {
      "line": "",
      "annotations": {}
    },
    {
      "line": "[Outro]",
      "annotations": {}
    },
    {
      "line": "Frith hilton",
      "annotations": {}
    },
    {
      "line": "Fresh boy chilling",
      "annotations": {}
    },
    {
      "line": "It is that healing",
      "annotations": {}
    },
    {
      "line": "It’s about time",
      "annotations": {}
    },
    {
      "line": "This ain’t even a feat",
      "annotations": {}
    },
    {
      "line": "It’s a free tease, you know",
      "annotations": {}
    },
    {
      "line": "Experimenting",
      "annotations": {}
    },
    {
      "line": "It’s a simple sampling",
      "annotations": {}
    },
    {
      "line": "And i’m out",
      "annotations": {}
    }
  ]
}