{
  "lyrics": [
    {
      "line": "[Intro]",
      "annotations": {
        "Intro": "Annotation for [Intro]"
      }
    },
    {
      "line": "Oh oh",
      "annotations": {}
    },
    {
      "line": "Hey",
      "annotations": {}
    },
    {
      "line": "Ho!",
      "annotations": {}
    },
    {
      "line": "",
      "annotations": {}
    },
    {
      "line": "[Bridge]",
      "annotations": {
        "Bridge": "Annotation for [Bridge]"
      }
    },
    {
      "line": "I’ll never reek of dishonesty",
      "annotations": {}
    },
    {
      "line": "I’ma keep a seat",
      "annotations": {}
    },
    {
      "line": "Even though it hurts",
      "annotations": {}
    },
    {
      "line": "Had my soul wound up",
      "annotations": {}
    },
    {
      "line": "Bales and bales of chemistry",
      "annotations": {}
    },
    {
      "line": "Banter off fanta",
      "annotations": {}
    },
    {
      "line": "Now i can’t get enough",
      "annotations": {}
    },
    {
      "line": "",
      "annotations": {}
    },
    {
      "line": "[Verse 1]",
      "annotations": {
        "1": "Annotation for 1]",
        "Verse": "Annotation for [Verse"
      }
    },
    {
      "line": "Sashay my way",
      "annotations": {}
    },
    {
      "line": "Cl!ck the b tt",
      "annotations": {}
    },
    {
      "line": "How you felt",
      "annotations": {}
    },
    {
      "line": "Cos i never had it that way",
      "annotations": {}
    },
    {
      "line": "Never the type to push b ttons",
      "annotations": {}
    },
    {
      "line": "Made the memory stick",
      "annotations": {}
    },
    {
      "line": "Moonbeam in a jar",
      "annotations": {}
    },
    {
      "line": "Voyeurs on esoteric talk",
      "annotations": {}
    },
    {
      "line": "Parallel universe",
      "annotations": {}
    },
    {
      "line": "Ashtray mâché",
      "annotations": {}
    },
    {
      "line": "Smouldering thoughts",
      "annotations": {}
    },
    {
      "line": "Crush off his shrooms",
      "annotations": {}
    },
    {
      "line": "Hit my phone",
      "annotations": {}
    },
    {
      "line": "Make it feel the same way",
      "annotations": {}
    },
    {
      "line": "Cliché even though it means",
      "annotations": {}
    },
    {
      "line": "We won’t fix this",
      "annotations": {}
    },
    {
      "line": "Someday",
      "annotations": {}
    },
    {
      "line": "All day it’ll be okay",
      "annotations": {}
    },
    {
      "line": "",
      "annotations": {}
    },
    {
      "line": "[Chorus]",
      "annotations": {
        "Chorus": "Annotation for [Chorus]"
      }
    },
    {
      "line": "Milk milk milk milk",
      "annotations": {}
    },
    {
      "line": "I’ll be milking on her love",
      "annotations": {}
    },
    {
      "line": "Milk milk milk milk",
      "annotations": {}
    },
    {
      "line": "Such an allure",
      "annotations": {}
    },
    {
      "line": "It’s such a lure",
      "annotations": {}
    },
    {
      "line": "Milk milk milk milk",
      "annotations": {}
    },
    {
      "line": "I’ll be milking on her love",
      "annotations": {}
    },
    {
      "line": "Milk milk milk milk",
      "annotations": {}
    },
    {
      "line": "Such an allure",
      "annotations": {}
    },
    {
      "line": "It’s such a lure",
      "annotations": {}
    },
    {
      "line": "",
      "annotations": {}
    },
    {
      "line": "[Bridge]",
      "annotations": {
        "Bridge": "Annotation for [Bridge]"
      }
    },
    {
      "line": "I’ll never reek of dishonesty",
      "annotations": {}
    },
    {
      "line": "I’ma keep a seat",
      "annotations": {}
    },
    {
      "line": "Even though it hurts",
      "annotations": {}
    },
    {
      "line": "Had my soul wound up",
      "annotations": {}
    },
    {
      "line": "Bales and bales of chemistry",
      "annotations": {}
    },
    {
      "line": "Banter off fanta",
      "annotations": {}
    },
    {
      "line": "Now i can’t get enough",
      "annotations": {}
    },
    {
      "line": "",
      "annotations": {}
    },
    {
      "line": "[Verse 2]",
      "annotations": {
        "2": "Annotation for 2]",
        "Verse": "Annotation for [Verse"
      }
    },
    {
      "line": "Took too much",
      "annotations": {}
    },
    {
      "line": "Spilling",
      "annotations": {}
    },
    {
      "line": "Now am feeling like",
      "annotations": {}
    },
    {
      "line": "I can’t get above this",
      "annotations": {}
    },
    {
      "line": "No",
      "annotations": {}
    },
    {
      "line": "Whoa",
      "annotations": {}
    },
    {
      "line": "Attitude with this sh t",
      "annotations": {}
    },
    {
      "line": "I feel like i’ma get an orbit",
      "annotations": {}
    },
    {
      "line": "Rooms dim lit",
      "annotations": {}
    },
    {
      "line": "Hiccups i sipped all my horl!cks",
      "annotations": {}
    },
    {
      "line": "Battlefield am on your tail",
      "annotations": {}
    },
    {
      "line": "What’s your hobby?",
      "annotations": {}
    },
    {
      "line": "Zip line to your room",
      "annotations": {}
    },
    {
      "line": "Are you pouty girl?",
      "annotations": {}
    },
    {
      "line": "I ‘on’t miss my head",
      "annotations": {}
    },
    {
      "line": "It’s already head",
      "annotations": {}
    },
    {
      "line": "",
      "annotations": {}
    },
    {
      "line": "[Bridge]",
      "annotations": {
        "Bridge": "Annotation for [Bridge]"
      }
    },
    {
      "line": "I’ll never reek of dishonesty",
      "annotations": {}
    },
    {
      "line": "I’ma keep a seat",
      "annotations": {}
    },
    {
      "line": "Even though it hurts",
      "annotations": {}
    },
    {
      "line": "Had my soul wound up",
      "annotations": {}
    },
    {
      "line": "Bales and bales of chemistry",
      "annotations": {}
    },
    {
      "line": "Banter off fanta",
      "annotations": {}
    },
    {
      "line": "Now i can’t get enough",
      "annotations": {}
    },
    {
      "line": "",
      "annotations": {}
    },
    {
      "line": "[Chorus]",
      "annotations": {
        "Chorus": "Annotation for [Chorus]"
      }
    },
    {
      "line": "Milk milk milk milk",
      "annotations": {}
    },
    {
      "line": "I’ll be milking on her love",
      "annotations": {}
    },
    {
      "line": "Milk milk milk milk",
      "annotations": {}
    },
    {
      "line": "Such an allure",
      "annotations": {}
    },
    {
      "line": "It’s such a lure",
      "annotations": {}
    },
    {
      "line": "Milk milk milk milk",
      "annotations": {}
    },
    {
      "line": "I’ll be milking on her love",
      "annotations": {}
    },
    {
      "line": "Milk milk milk milk",
      "annotations": {}
    },
    {
      "line": "Such an allure",
      "annotations": {}
    },
    {
      "line": "It’s such a lure",
      "annotations": {}
    },
    {
      "line": "",
      "annotations": {}
    },
    {
      "line": "[Outro]",
      "annotations": {
        "Outro": "Annotation for [Outro]"
      }
    },
    {
      "line": "I’ll be milking",
      "annotations": {}
    },
    {
      "line": "I’ll be milking on her love",
      "annotations": {}
    },
    {
      "line": "I’ll be milking",
      "annotations": {}
    },
    {
      "line": "How milking on the love?",
      "annotations": {}
    },
    {
      "line": "It is forever that blunt",
      "annotations": {}
    },
    {
      "line": "Milk! milk! milk!",
      "annotations": {}
    },
    {
      "line": "It is forever that blunt",
      "annotations": {}
    },
    {
      "line": "Milk!",
      "annotations": {}
    }
  ]
}