{
  "lyrics": [
    {
      "line": "[Intro]",
      "annotations": {
        "Intro": "Annotation for [Intro]"
      }
    },
    {
      "line": "Merry christmas milou",
      "annotations": {}
    },
    {
      "line": "I’m wishing you . . .",
      "annotations": {}
    },
    {
      "line": "A merry christmas . . .",
      "annotations": {}
    },
    {
      "line": "With lots of presents, gifts . . .",
      "annotations": {}
    },
    {
      "line": "From theo",
      "annotations": {}
    },
    {
      "line": "",
      "annotations": {}
    },
    {
      "line": "[Chorus]",
      "annotations": {
        "Chorus": "Annotation for [Chorus]"
      }
    },
    {
      "line": "Rorate celi desuper!",
      "annotations": {}
    },
    {
      "line": "Ye heavens distil your balmy shouris",
      "annotations": {}
    },
    {
      "line": "Rorate celi desuper!",
      "annotations": {}
    },
    {
      "line": "Ye heavens distil your balmy shouris",
      "annotations": {}
    },
    {
      "line": "Drop down, ye heavens, from above!",
      "annotations": {}
    },
    {
      "line": "Ye heavens distil your balmy shouris",
      "annotations": {}
    },
    {
      "line": "Rorate celi desuper!",
      "annotations": {}
    },
    {
      "line": "Ye heavens distil your balmy shouris",
      "annotations": {}
    },
    {
      "line": "",
      "annotations": {}
    },
    {
      "line": "[Verse 1]",
      "annotations": {
        "1": "Annotation for 1]",
        "Verse": "Annotation for [Verse"
      }
    },
    {
      "line": "The way a crow",
      "annotations": {}
    },
    {
      "line": "Shook down on me",
      "annotations": {}
    },
    {
      "line": "The dust of snow",
      "annotations": {}
    },
    {
      "line": "From a hemlock tree",
      "annotations": {}
    },
    {
      "line": "Has given my heart",
      "annotations": {}
    },
    {
      "line": "A change of mood",
      "annotations": {}
    },
    {
      "line": "And saved some part",
      "annotations": {}
    },
    {
      "line": "Of a day i had ruеd",
      "annotations": {}
    },
    {
      "line": "And now i’m happy",
      "annotations": {}
    },
    {
      "line": "A merry christmas from a hemlock tree",
      "annotations": {}
    },
    {
      "line": "My feet are fluffy",
      "annotations": {}
    },
    {
      "line": "G y again and thе tune i’ll sing",
      "annotations": {}
    },
    {
      "line": "",
      "annotations": {}
    },
    {
      "line": "[Chorus]",
      "annotations": {
        "Chorus": "Annotation for [Chorus]"
      }
    },
    {
      "line": "Rorate celi desuper!",
      "annotations": {}
    },
    {
      "line": "Ye heavens distil your balmy shouris",
      "annotations": {}
    },
    {
      "line": "Rorate celi desuper!",
      "annotations": {}
    },
    {
      "line": "Ye heavens distil your balmy shouris",
      "annotations": {}
    },
    {
      "line": "Drop down, ye heavens, from above!",
      "annotations": {}
    },
    {
      "line": "The heavens distil your balmy shouris",
      "annotations": {}
    },
    {
      "line": "Rorate celi desuper!",
      "annotations": {}
    },
    {
      "line": "Ye heavens distil your balmy shouris",
      "annotations": {}
    },
    {
      "line": "",
      "annotations": {}
    },
    {
      "line": "[Outro]",
      "annotations": {
        "Outro": "Annotation for [Outro]"
      }
    },
    {
      "line": "Rorate celi desuper!",
      "annotations": {}
    },
    {
      "line": "Ye heavens distil your balmy shouris",
      "annotations": {}
    },
    {
      "line": "Drop down, ye heavens, from above!",
      "annotations": {}
    },
    {
      "line": "Ye heavens distil your balmy shouris",
      "annotations": {}
    },
    {
      "line": "Merry christmas milou",
      "annotations": {}
    }
  ]
}