{
  "lyrics": [
    {
      "line": "[Verse 1]",
      "annotations": {}
    },
    {
      "line": "My love’s a frill",
      "annotations": {}
    },
    {
      "line": "I want it round you",
      "annotations": {}
    },
    {
      "line": "It’s for real",
      "annotations": {}
    },
    {
      "line": "Girl my love ain’t for free ah!",
      "annotations": {}
    },
    {
      "line": "I’ll need a lot of kisses",
      "annotations": {}
    },
    {
      "line": "Girl that’s for sure ah!",
      "annotations": {}
    },
    {
      "line": "You got me loving you every time",
      "annotations": {}
    },
    {
      "line": "(every time)",
      "annotations": {}
    },
    {
      "line": "And i can’t get you outta my d mn mind",
      "annotations": {}
    },
    {
      "line": "(outta my d mn mind)",
      "annotations": {}
    },
    {
      "line": "I want your love closer",
      "annotations": {}
    },
    {
      "line": "Don’t tell me that’s not",
      "annotations": {}
    },
    {
      "line": "(that’s’)",
      "annotations": {}
    },
    {
      "line": "No . . . oh",
      "annotations": {}
    },
    {
      "line": "No girl",
      "annotations": {}
    },
    {
      "line": "I’m not the type to let you go",
      "annotations": {}
    },
    {
      "line": "I’ll put you close",
      "annotations": {}
    },
    {
      "line": "Where you know",
      "annotations": {}
    },
    {
      "line": "No one can come close",
      "annotations": {}
    },
    {
      "line": "That’s for sure girl",
      "annotations": {}
    },
    {
      "line": "We can do it this way if you love it",
      "annotations": {}
    },
    {
      "line": "I won’t ruffle you girl that’s for sure",
      "annotations": {}
    },
    {
      "line": "You can be my girl",
      "annotations": {}
    },
    {
      "line": "Something i won’t need a loupe to see",
      "annotations": {}
    },
    {
      "line": "That’s for sure",
      "annotations": {}
    },
    {
      "line": "Tell me how you really feeling",
      "annotations": {}
    },
    {
      "line": "I won’t put a deluge",
      "annotations": {}
    },
    {
      "line": "Shrink if you don’t feel it",
      "annotations": {}
    },
    {
      "line": "Ah",
      "annotations": {}
    },
    {
      "line": "I’ma hit you with smidgens",
      "annotations": {}
    },
    {
      "line": "Let you have you feeling it",
      "annotations": {}
    },
    {
      "line": "I’m not the type to put you down",
      "annotations": {}
    },
    {
      "line": "No",
      "annotations": {}
    },
    {
      "line": "I’ma raise you up",
      "annotations": {}
    },
    {
      "line": "Put you on me girl",
      "annotations": {}
    },
    {
      "line": "You’ll be mine",
      "annotations": {}
    },
    {
      "line": "You’ll be mine",
      "annotations": {}
    },
    {
      "line": "(you’ll be mine, you are mine)",
      "annotations": {}
    },
    {
      "line": "Yeah",
      "annotations": {}
    },
    {
      "line": "Eh!",
      "annotations": {}
    },
    {
      "line": "That’s my girl",
      "annotations": {}
    },
    {
      "line": "And she got that girl love",
      "annotations": {}
    },
    {
      "line": "That’s my girl",
      "annotations": {}
    },
    {
      "line": "(my girl)",
      "annotations": {}
    },
    {
      "line": "And she got that girl love",
      "annotations": {}
    },
    {
      "line": "She don’t know no n0body but me",
      "annotations": {}
    },
    {
      "line": "(n0body but me)",
      "annotations": {}
    },
    {
      "line": "It don’t hate n0body but . . .",
      "annotations": {}
    },
    {
      "line": "(poof! poof! poof!)",
      "annotations": {}
    },
    {
      "line": "Don’t worry ever love",
      "annotations": {}
    },
    {
      "line": "Yeah!",
      "annotations": {}
    },
    {
      "line": "She knows that i’ma f cking k!ll for her",
      "annotations": {}
    },
    {
      "line": "Eh!",
      "annotations": {}
    },
    {
      "line": "Don’t you see you when you’re not around",
      "annotations": {}
    },
    {
      "line": "You know i want her here always",
      "annotations": {}
    },
    {
      "line": "I love you",
      "annotations": {}
    },
    {
      "line": "I love you",
      "annotations": {}
    },
    {
      "line": "I love you",
      "annotations": {}
    },
    {
      "line": "I love you",
      "annotations": {}
    },
    {
      "line": "I wanna love you",
      "annotations": {}
    },
    {
      "line": "Till the end of me",
      "annotations": {}
    },
    {
      "line": "Yeah",
      "annotations": {}
    },
    {
      "line": "I’m walking on the streets",
      "annotations": {}
    },
    {
      "line": "And it feels i see you",
      "annotations": {}
    },
    {
      "line": "I ‘on’t really know if that is true",
      "annotations": {}
    },
    {
      "line": "Of what is real",
      "annotations": {}
    },
    {
      "line": "Is this or that",
      "annotations": {}
    },
    {
      "line": "All i d mn know is",
      "annotations": {}
    },
    {
      "line": "I love you",
      "annotations": {}
    },
    {
      "line": "I love you",
      "annotations": {}
    },
    {
      "line": "Ah!",
      "annotations": {}
    },
    {
      "line": "Break our hearts away",
      "annotations": {}
    },
    {
      "line": "I’ma pick the shrapnels and make it up to you",
      "annotations": {}
    },
    {
      "line": "You can tell me what you see",
      "annotations": {}
    },
    {
      "line": "If it fits your view of true love",
      "annotations": {}
    },
    {
      "line": "Girl that’s us true love",
      "annotations": {}
    },
    {
      "line": "You might also like",
      "annotations": {}
    }
  ]
}