{
  "lyrics": [
    {
      "line": "[Intro]",
      "annotations": {}
    },
    {
      "line": "I am here all alone",
      "annotations": {}
    },
    {
      "line": "Thinking of you",
      "annotations": {}
    },
    {
      "line": "Your smile",
      "annotations": {}
    },
    {
      "line": "Your mona lisa smile",
      "annotations": {}
    },
    {
      "line": "",
      "annotations": {}
    },
    {
      "line": "[Verse 1]",
      "annotations": {}
    },
    {
      "line": "Hey there mona lisa",
      "annotations": {}
    },
    {
      "line": "Can i have your time",
      "annotations": {}
    },
    {
      "line": "Hurt alissa",
      "annotations": {}
    },
    {
      "line": "Never get hurt",
      "annotations": {}
    },
    {
      "line": "Dad there is no receipt",
      "annotations": {}
    },
    {
      "line": "She never leaves me; gone",
      "annotations": {}
    },
    {
      "line": "Weighed down busy",
      "annotations": {}
    },
    {
      "line": "And my thoughts always right",
      "annotations": {}
    },
    {
      "line": "And my loss on the sawdust",
      "annotations": {}
    },
    {
      "line": "Tune raid vim",
      "annotations": {}
    },
    {
      "line": "We’ll be fine",
      "annotations": {}
    },
    {
      "line": "Stay with me",
      "annotations": {}
    },
    {
      "line": "H llo mona lisa",
      "annotations": {}
    },
    {
      "line": "H llo mona lisa",
      "annotations": {}
    },
    {
      "line": "Can i have your name",
      "annotations": {}
    },
    {
      "line": "My only mood now",
      "annotations": {}
    },
    {
      "line": "H llo mona lisa",
      "annotations": {}
    },
    {
      "line": "H llo mona lisa",
      "annotations": {}
    },
    {
      "line": "Can i have your ears right now",
      "annotations": {}
    },
    {
      "line": "I don’t wanna wake up",
      "annotations": {}
    },
    {
      "line": "Travel day, type of day",
      "annotations": {}
    },
    {
      "line": "I don’t wanna wake up",
      "annotations": {}
    },
    {
      "line": "Cab or car",
      "annotations": {}
    },
    {
      "line": "My calling card",
      "annotations": {}
    },
    {
      "line": "",
      "annotations": {}
    },
    {
      "line": "[Verse 2]",
      "annotations": {}
    },
    {
      "line": "Deep in the sea uneducated",
      "annotations": {}
    },
    {
      "line": "Hide on two",
      "annotations": {}
    },
    {
      "line": "My mind is always lost on your twos",
      "annotations": {}
    },
    {
      "line": "Making up your face tease",
      "annotations": {}
    },
    {
      "line": "It’s all i ever do",
      "annotations": {}
    },
    {
      "line": "I don’t really know",
      "annotations": {}
    },
    {
      "line": "What a seal, what a fool",
      "annotations": {}
    },
    {
      "line": "Think i’m a fool for you",
      "annotations": {}
    },
    {
      "line": "Make a heart beep",
      "annotations": {}
    },
    {
      "line": "But for you",
      "annotations": {}
    },
    {
      "line": "Most of the time",
      "annotations": {}
    },
    {
      "line": "I’m la la lover",
      "annotations": {}
    },
    {
      "line": "Hand your name",
      "annotations": {}
    }
  ]
}