{
  "lyrics": [
    {
      "line": "[Intro]",
      "annotations": {
        "Intro": "Annotation for [Intro]"
      }
    },
    {
      "line": "I do it for the culture",
      "annotations": {}
    },
    {
      "line": "I do it for my people",
      "annotations": {}
    },
    {
      "line": "F ck buhari",
      "annotations": {}
    },
    {
      "line": "Yeah",
      "annotations": {}
    },
    {
      "line": "Oh yeah, f ck",
      "annotations": {}
    },
    {
      "line": "It’s your boy theophil, ah",
      "annotations": {}
    },
    {
      "line": "",
      "annotations": {}
    },
    {
      "line": "[Verse 1]",
      "annotations": {
        "1": "Annotation for 1]",
        "Verse": "Annotation for [Verse"
      }
    },
    {
      "line": "Spotlight, moonlight",
      "annotations": {}
    },
    {
      "line": "Girl you’re looking so fine",
      "annotations": {}
    },
    {
      "line": "I just want your body",
      "annotations": {}
    },
    {
      "line": "Why’re they looking at me",
      "annotations": {}
    },
    {
      "line": "All these other girls",
      "annotations": {}
    },
    {
      "line": "They just wanna come around",
      "annotations": {}
    },
    {
      "line": "F ck it up",
      "annotations": {}
    },
    {
      "line": "But you know",
      "annotations": {}
    },
    {
      "line": "It’s your body that i’m loving girl",
      "annotations": {}
    },
    {
      "line": "Don’t you ever take my love for granted",
      "annotations": {}
    },
    {
      "line": "(ever)",
      "annotations": {}
    },
    {
      "line": "I told you from the start",
      "annotations": {}
    },
    {
      "line": "That i really want your body",
      "annotations": {}
    },
    {
      "line": "It’s your body the only drug",
      "annotations": {}
    },
    {
      "line": "That i’m wanting for the night",
      "annotations": {}
    },
    {
      "line": "(woo, woo, woo, woo)",
      "annotations": {}
    },
    {
      "line": "I’d had to get on this wave",
      "annotations": {}
    },
    {
      "line": "(woo)",
      "annotations": {}
    },
    {
      "line": "Had to talk to you",
      "annotations": {}
    },
    {
      "line": "Just to let you know how i really feel",
      "annotations": {}
    },
    {
      "line": "(yeah, yeah, yeah, yeah)",
      "annotations": {}
    },
    {
      "line": "I’ve been tryna get to your body",
      "annotations": {}
    },
    {
      "line": "But i’m really broken",
      "annotations": {}
    },
    {
      "line": "When i hear the words",
      "annotations": {}
    },
    {
      "line": "That are coming from your mouth",
      "annotations": {}
    },
    {
      "line": "Like why my life gotta be this way",
      "annotations": {}
    },
    {
      "line": "I’ve been tryna find a girl",
      "annotations": {}
    },
    {
      "line": "But now she’s a g y",
      "annotations": {}
    },
    {
      "line": "All these other nights",
      "annotations": {}
    },
    {
      "line": "I’m calling your way",
      "annotations": {}
    },
    {
      "line": "Girl i’ve been crying",
      "annotations": {}
    },
    {
      "line": "I’m so messed up",
      "annotations": {}
    },
    {
      "line": "",
      "annotations": {}
    },
    {
      "line": "[Chorus]",
      "annotations": {
        "Chorus": "Annotation for [Chorus]"
      }
    },
    {
      "line": "Spotlight, uh, moonlight, uh",
      "annotations": {}
    },
    {
      "line": "N gga, why you trippin’? get your mood right, uh",
      "annotations": {}
    },
    {
      "line": "Shawty look good in the moonlight",
      "annotations": {}
    },
    {
      "line": "All these p ssy n ggas so bad mind",
      "annotations": {}
    },
    {
      "line": "Spotlight, moonlight",
      "annotations": {}
    },
    {
      "line": "N gga, why you trippin’? get your mood right",
      "annotations": {}
    },
    {
      "line": "Shawty look good in the moonlight",
      "annotations": {}
    },
    {
      "line": "All these p ssy n ggas so bad mind",
      "annotations": {}
    },
    {
      "line": "Spotlight, uh, moonlight",
      "annotations": {}
    },
    {
      "line": "N gga, why you trippin’? get your mood right, uh",
      "annotations": {}
    },
    {
      "line": "Shawty look good in the moonlight",
      "annotations": {}
    },
    {
      "line": "All these p ssy n ggas so bad mind",
      "annotations": {}
    },
    {
      "line": "Spotlight, moonlight",
      "annotations": {}
    },
    {
      "line": "N gga, why you trippin’? get your mood right",
      "annotations": {}
    },
    {
      "line": "Shawty look good in the moonlight",
      "annotations": {}
    },
    {
      "line": "All these p ssy n ggas so bad mind",
      "annotations": {}
    },
    {
      "line": "",
      "annotations": {}
    },
    {
      "line": "[Verse 2]",
      "annotations": {
        "2": "Annotation for 2]",
        "Verse": "Annotation for [Verse"
      }
    },
    {
      "line": "Feel like i’m destined",
      "annotations": {}
    },
    {
      "line": "I don’t need no smith &amp; wesson, no",
      "annotations": {}
    },
    {
      "line": "Boy, who you testin’?",
      "annotations": {}
    },
    {
      "line": "F ck a scantron, here’s your lesson, oh",
      "annotations": {}
    },
    {
      "line": "Knife in intestine",
      "annotations": {}
    },
    {
      "line": "Takin’ shots at all your brethren, no",
      "annotations": {}
    },
    {
      "line": "Feel like i’m damaged",
      "annotations": {}
    },
    {
      "line": "Girl i know you f cking planned this",
      "annotations": {}
    },
    {
      "line": "",
      "annotations": {}
    },
    {
      "line": "[Bridge]",
      "annotations": {
        "Bridge": "Annotation for [Bridge]"
      }
    },
    {
      "line": "All alone, call my phone, make me feel right",
      "annotations": {}
    },
    {
      "line": "Girl you know when you call, make me feel right",
      "annotations": {}
    },
    {
      "line": "All alone, call my phone, make me feel right",
      "annotations": {}
    },
    {
      "line": "Girl you know when you call, make me feel right",
      "annotations": {}
    },
    {
      "line": "Yeah",
      "annotations": {}
    }
  ]
}