{
  "lyrics": [
    {
      "line": "[Verse 1]",
      "annotations": {}
    },
    {
      "line": "It’s no biggy now",
      "annotations": {}
    },
    {
      "line": "We just kicked it off",
      "annotations": {}
    },
    {
      "line": "From the start",
      "annotations": {}
    },
    {
      "line": "With a text",
      "annotations": {}
    },
    {
      "line": "And i told you",
      "annotations": {}
    },
    {
      "line": "How i felt",
      "annotations": {}
    },
    {
      "line": "And i h  rd your mind",
      "annotations": {}
    },
    {
      "line": "The hall dating",
      "annotations": {}
    },
    {
      "line": "Now you should know",
      "annotations": {}
    },
    {
      "line": "That love don’t have to",
      "annotations": {}
    },
    {
      "line": "Till my heart",
      "annotations": {}
    },
    {
      "line": "It is already like a door",
      "annotations": {}
    },
    {
      "line": "I told you my gun nozzle know",
      "annotations": {}
    },
    {
      "line": "No it doesn’t",
      "annotations": {}
    },
    {
      "line": "Laced in love",
      "annotations": {}
    },
    {
      "line": "Her mound gold",
      "annotations": {}
    },
    {
      "line": "The court about the yoga",
      "annotations": {}
    },
    {
      "line": "Merry go move",
      "annotations": {}
    },
    {
      "line": "My love for you girl",
      "annotations": {}
    },
    {
      "line": "It’s nothing but a fawn",
      "annotations": {}
    },
    {
      "line": "Nothing but a fawn girl",
      "annotations": {}
    },
    {
      "line": "It is nothing but a fawn",
      "annotations": {}
    },
    {
      "line": "Told you dear",
      "annotations": {}
    },
    {
      "line": "A day if you are",
      "annotations": {}
    },
    {
      "line": "I’ma take a fair run",
      "annotations": {}
    },
    {
      "line": "To your roach . . . divan",
      "annotations": {}
    },
    {
      "line": "I say nah",
      "annotations": {}
    },
    {
      "line": "Our love in this city",
      "annotations": {}
    },
    {
      "line": "How hot",
      "annotations": {}
    },
    {
      "line": "If you hear this",
      "annotations": {}
    },
    {
      "line": "Our love in the serene",
      "annotations": {}
    },
    {
      "line": "I love what you’re saying",
      "annotations": {}
    },
    {
      "line": "Oh if they say",
      "annotations": {}
    },
    {
      "line": "Feels like you are the one",
      "annotations": {}
    },
    {
      "line": "Oh if they say he is the one",
      "annotations": {}
    },
    {
      "line": "Till you as a conе",
      "annotations": {}
    },
    {
      "line": "If we realize that",
      "annotations": {}
    },
    {
      "line": "Wе two if we undo",
      "annotations": {}
    },
    {
      "line": "We are a cone",
      "annotations": {}
    },
    {
      "line": "Was it to worry you",
      "annotations": {}
    }
  ]
}