{
  "lyrics": [
    {
      "line": "[Intro]",
      "annotations": {}
    },
    {
      "line": "See me moving on",
      "annotations": {}
    },
    {
      "line": "With my sore",
      "annotations": {}
    },
    {
      "line": "See me moving on",
      "annotations": {}
    },
    {
      "line": "Weak à la",
      "annotations": {}
    },
    {
      "line": "",
      "annotations": {}
    },
    {
      "line": "[Verse 1]",
      "annotations": {}
    },
    {
      "line": "My top is on",
      "annotations": {}
    },
    {
      "line": "It say, something like this is fun",
      "annotations": {}
    },
    {
      "line": "Had my heart broken",
      "annotations": {}
    },
    {
      "line": "It felt like something i could avoid with a bar",
      "annotations": {}
    },
    {
      "line": "But i tucked it",
      "annotations": {}
    },
    {
      "line": "Put it in the back",
      "annotations": {}
    },
    {
      "line": "And now, for her i dream",
      "annotations": {}
    },
    {
      "line": "Fighting for what i believe in",
      "annotations": {}
    },
    {
      "line": "Could you talk to me",
      "annotations": {}
    },
    {
      "line": "Say hi",
      "annotations": {}
    },
    {
      "line": "Tell me something you would buy",
      "annotations": {}
    },
    {
      "line": "I feel this sh t is real",
      "annotations": {}
    },
    {
      "line": "Real, real",
      "annotations": {}
    },
    {
      "line": "Lay my love for you",
      "annotations": {}
    },
    {
      "line": "Like what i would write for you",
      "annotations": {}
    },
    {
      "line": "Like something i would sing for you",
      "annotations": {}
    },
    {
      "line": "To hold the town for you",
      "annotations": {}
    },
    {
      "line": "",
      "annotations": {}
    },
    {
      "line": "[Outro]",
      "annotations": {}
    },
    {
      "line": "Could we dance over a pretty moon",
      "annotations": {}
    },
    {
      "line": "Could we take a trial on the already doomed",
      "annotations": {}
    },
    {
      "line": "Oh, it says something that is just . . .",
      "annotations": {}
    },
    {
      "line": "Most sounds like",
      "annotations": {}
    },
    {
      "line": "Oh girl, you arе the fancy i live for",
      "annotations": {}
    },
    {
      "line": "My heroinе, my forward heaven",
      "annotations": {}
    },
    {
      "line": "My fantasy",
      "annotations": {}
    }
  ]
}