{
  "lyrics": [
    {
      "line": "[Intro]",
      "annotations": {
        "Intro": "Annotation for [Intro]"
      }
    },
    {
      "line": "Oh oh",
      "annotations": {}
    },
    {
      "line": "It’s your boy theophil",
      "annotations": {}
    },
    {
      "line": "",
      "annotations": {}
    },
    {
      "line": "[Verse 1]",
      "annotations": {
        "1": "Annotation for 1]",
        "Verse": "Annotation for [Verse"
      }
    },
    {
      "line": "Sometimes i ponder",
      "annotations": {}
    },
    {
      "line": "Why my heart goes astray",
      "annotations": {}
    },
    {
      "line": "Sometimes i ponder",
      "annotations": {}
    },
    {
      "line": "How is it possible",
      "annotations": {}
    },
    {
      "line": "That my heart still longs for you so bad",
      "annotations": {}
    },
    {
      "line": "I can’t help it",
      "annotations": {}
    },
    {
      "line": "Girl you got me lost in our past",
      "annotations": {}
    },
    {
      "line": "It was a flash in the pan",
      "annotations": {}
    },
    {
      "line": "It’s not healthy",
      "annotations": {}
    },
    {
      "line": "Girl i need a closure",
      "annotations": {}
    },
    {
      "line": "",
      "annotations": {}
    },
    {
      "line": "[Chorus]",
      "annotations": {
        "Chorus": "Annotation for [Chorus]"
      }
    },
    {
      "line": "Cos i want you",
      "annotations": {}
    },
    {
      "line": "I don’t wanna ever lose you again",
      "annotations": {}
    },
    {
      "line": "If i have you",
      "annotations": {}
    },
    {
      "line": "Come through",
      "annotations": {}
    },
    {
      "line": "Girl you know my heart",
      "annotations": {}
    },
    {
      "line": "Still beats for you like every day",
      "annotations": {}
    },
    {
      "line": "I want you",
      "annotations": {}
    },
    {
      "line": "I can endure through this pain",
      "annotations": {}
    },
    {
      "line": "But first . .",
      "annotations": {}
    },
    {
      "line": "Girl you gotta",
      "annotations": {}
    },
    {
      "line": "Fall through",
      "annotations": {}
    },
    {
      "line": "Fall through",
      "annotations": {}
    },
    {
      "line": "My girl come through",
      "annotations": {}
    },
    {
      "line": "",
      "annotations": {}
    },
    {
      "line": "[Verse 2]",
      "annotations": {
        "2": "Annotation for 2]",
        "Verse": "Annotation for [Verse"
      }
    },
    {
      "line": "My heart still beats for you",
      "annotations": {}
    },
    {
      "line": "I can never lose",
      "annotations": {}
    },
    {
      "line": "I can never lose your heart",
      "annotations": {}
    },
    {
      "line": "(don’t break my heart to pieces)",
      "annotations": {}
    },
    {
      "line": "For nothing",
      "annotations": {}
    },
    {
      "line": "I’m stacking this paper up",
      "annotations": {}
    },
    {
      "line": "I just wanna stack it up with you",
      "annotations": {}
    },
    {
      "line": "(with you)",
      "annotations": {}
    },
    {
      "line": "Girl you should know",
      "annotations": {}
    },
    {
      "line": "You’re my dream come true",
      "annotations": {}
    },
    {
      "line": "(true though)",
      "annotations": {}
    },
    {
      "line": "I don’t ever play when it’s about you",
      "annotations": {}
    },
    {
      "line": "(no ojuju)",
      "annotations": {}
    },
    {
      "line": "I wanna get the world for you",
      "annotations": {}
    },
    {
      "line": "If i could get it",
      "annotations": {}
    },
    {
      "line": "(and i will)",
      "annotations": {}
    },
    {
      "line": "I wanna tell you how i feel like",
      "annotations": {}
    },
    {
      "line": "Every day, every morning",
      "annotations": {}
    },
    {
      "line": "Can’t you see that you brighten up my day",
      "annotations": {}
    },
    {
      "line": "Girl!",
      "annotations": {}
    },
    {
      "line": "I love you",
      "annotations": {}
    },
    {
      "line": "I love you",
      "annotations": {}
    },
    {
      "line": "I love you",
      "annotations": {}
    },
    {
      "line": "My heart’s an equation of your touch",
      "annotations": {}
    },
    {
      "line": "I can’t help it",
      "annotations": {}
    },
    {
      "line": "Girl you got me spitting out my heart",
      "annotations": {}
    },
    {
      "line": "Like torrents of emotion",
      "annotations": {}
    },
    {
      "line": "You got me buried in your portion",
      "annotations": {}
    },
    {
      "line": "So i can’t",
      "annotations": {}
    },
    {
      "line": "I can’t get you out my mind",
      "annotations": {}
    },
    {
      "line": "Oh yeah, girl you’re home",
      "annotations": {}
    },
    {
      "line": "Girl you gotta love me now",
      "annotations": {}
    },
    {
      "line": "Girl we can’t wait for the world to turn around",
      "annotations": {}
    },
    {
      "line": "Girl you gotta love me now",
      "annotations": {}
    },
    {
      "line": "Girl we can’t wait for the world to come around",
      "annotations": {}
    },
    {
      "line": "Eh!",
      "annotations": {}
    },
    {
      "line": "Can’t wait to",
      "annotations": {}
    },
    {
      "line": "(mouse cl!ck)",
      "annotations": {}
    }
  ]
}