{
  "lyrics": [
    {
      "line": "[Intro]",
      "annotations": {
        "Intro": "Annotation for [Intro]"
      }
    },
    {
      "line": "I’m your only lover you say",
      "annotations": {}
    },
    {
      "line": "I’m that only brother you pay",
      "annotations": {}
    },
    {
      "line": "All mind to, i’ll die too",
      "annotations": {}
    },
    {
      "line": "",
      "annotations": {}
    },
    {
      "line": "[Verse 1]",
      "annotations": {
        "1": "Annotation for 1]",
        "Verse": "Annotation for [Verse"
      }
    },
    {
      "line": "I hear you",
      "annotations": {}
    },
    {
      "line": "Fill me in closer",
      "annotations": {}
    },
    {
      "line": "Wassail, oh",
      "annotations": {}
    },
    {
      "line": "Who is clark kent",
      "annotations": {}
    },
    {
      "line": "Because i am reeling too hard",
      "annotations": {}
    },
    {
      "line": "Feeling too hurt",
      "annotations": {}
    },
    {
      "line": "",
      "annotations": {}
    },
    {
      "line": "[Bridge]",
      "annotations": {
        "Bridge": "Annotation for [Bridge]"
      }
    },
    {
      "line": "Down with me, down with me",
      "annotations": {}
    },
    {
      "line": "And i’ll ride forever",
      "annotations": {}
    },
    {
      "line": "Down with me, down with me",
      "annotations": {}
    },
    {
      "line": "I’ll ride forever",
      "annotations": {}
    },
    {
      "line": "",
      "annotations": {}
    },
    {
      "line": "[Verse 2]",
      "annotations": {
        "2": "Annotation for 2]",
        "Verse": "Annotation for [Verse"
      }
    },
    {
      "line": "I keep trying but i can’t lift this",
      "annotations": {}
    },
    {
      "line": "(can’t lift it)",
      "annotations": {}
    },
    {
      "line": "Oh, it’s an anvil on my hope",
      "annotations": {}
    },
    {
      "line": "(on my hope)",
      "annotations": {}
    },
    {
      "line": "It’s an anvil on my hope",
      "annotations": {}
    },
    {
      "line": "My hope, my hope",
      "annotations": {}
    },
    {
      "line": "",
      "annotations": {}
    },
    {
      "line": "[Chorus]",
      "annotations": {
        "Chorus": "Annotation for [Chorus]"
      }
    },
    {
      "line": "I’m your only lover you say",
      "annotations": {}
    },
    {
      "line": "I’m that brother you say",
      "annotations": {}
    },
    {
      "line": "You’ll pay all mind to",
      "annotations": {}
    },
    {
      "line": "And i said, i’ll die too",
      "annotations": {}
    },
    {
      "line": "I’ll die too",
      "annotations": {}
    },
    {
      "line": "",
      "annotations": {}
    },
    {
      "line": "[Verse 3]",
      "annotations": {
        "3": "Annotation for 3]",
        "Verse": "Annotation for [Verse"
      }
    },
    {
      "line": "Money on my mind",
      "annotations": {}
    },
    {
      "line": "(it’s money on my mind)",
      "annotations": {}
    },
    {
      "line": "Gusto for my line",
      "annotations": {}
    },
    {
      "line": "(money on my mind)",
      "annotations": {}
    },
    {
      "line": "My line of love",
      "annotations": {}
    },
    {
      "line": "(money on my mind)",
      "annotations": {}
    },
    {
      "line": "My love for a girl, a lie",
      "annotations": {}
    },
    {
      "line": "(money on my mind)",
      "annotations": {}
    },
    {
      "line": "If that’s not with you included",
      "annotations": {}
    },
    {
      "line": "I don’t know what’s to leave for grooving",
      "annotations": {}
    },
    {
      "line": "What is there to prove",
      "annotations": {}
    },
    {
      "line": "My girl too tough",
      "annotations": {}
    },
    {
      "line": "Is there not enough ode",
      "annotations": {}
    },
    {
      "line": "Burning call credit",
      "annotations": {}
    },
    {
      "line": "",
      "annotations": {}
    },
    {
      "line": "[Outro]",
      "annotations": {
        "Outro": "Annotation for [Outro]"
      }
    },
    {
      "line": "I’m that brother",
      "annotations": {}
    },
    {
      "line": "(i’m the brother)",
      "annotations": {}
    },
    {
      "line": "I’m that lover",
      "annotations": {}
    },
    {
      "line": "(i’m the lover)",
      "annotations": {}
    },
    {
      "line": "I’m that lover you say",
      "annotations": {}
    },
    {
      "line": "(i’m the lover)",
      "annotations": {}
    },
    {
      "line": "I’m that brother",
      "annotations": {}
    },
    {
      "line": "(she dowelling me, yo)",
      "annotations": {}
    },
    {
      "line": "And i’ll die",
      "annotations": {}
    },
    {
      "line": "(i could be out at the door)",
      "annotations": {}
    },
    {
      "line": "Die for you",
      "annotations": {}
    },
    {
      "line": "It is my pride",
      "annotations": {}
    },
    {
      "line": "Call me out whole",
      "annotations": {}
    },
    {
      "line": "Piece of a man",
      "annotations": {}
    }
  ]
}