{
  "lyrics": [
    {
      "line": "[Intro]",
      "annotations": {}
    },
    {
      "line": "My mood gets through the lam",
      "annotations": {}
    },
    {
      "line": "I’m going through a needle",
      "annotations": {}
    },
    {
      "line": "Ah, i got it, put in my heart",
      "annotations": {}
    },
    {
      "line": "This is surreal lam",
      "annotations": {}
    },
    {
      "line": "",
      "annotations": {}
    },
    {
      "line": "[Verse 1]",
      "annotations": {}
    },
    {
      "line": "My mood jet going through",
      "annotations": {}
    },
    {
      "line": "A d mn rile needle",
      "annotations": {}
    },
    {
      "line": "My feelings so prurient",
      "annotations": {}
    },
    {
      "line": "D mn i’ll serve in your tavern",
      "annotations": {}
    },
    {
      "line": "Had to swing, swing",
      "annotations": {}
    },
    {
      "line": "She’s giving me the simmer",
      "annotations": {}
    },
    {
      "line": "I’m down, the more i pour that sh t",
      "annotations": {}
    },
    {
      "line": "Loneliness, had the feeling",
      "annotations": {}
    },
    {
      "line": "How the feeling so real",
      "annotations": {}
    },
    {
      "line": "That they want your name",
      "annotations": {}
    },
    {
      "line": "That boast for the nipple",
      "annotations": {}
    },
    {
      "line": "That warm oneness",
      "annotations": {}
    },
    {
      "line": "To you, a warning on this",
      "annotations": {}
    },
    {
      "line": "Got me feeling like it’s all inez",
      "annotations": {}
    },
    {
      "line": "The bran on this",
      "annotations": {}
    },
    {
      "line": "The mane so thick like",
      "annotations": {}
    },
    {
      "line": "Feeling like a sunniness",
      "annotations": {}
    },
    {
      "line": "",
      "annotations": {}
    },
    {
      "line": "[Chorus]",
      "annotations": {}
    },
    {
      "line": "My mood is so worse",
      "annotations": {}
    },
    {
      "line": "It’s going through a d mn needle",
      "annotations": {}
    },
    {
      "line": "My feeling is so poodle",
      "annotations": {}
    },
    {
      "line": "This song is so tired",
      "annotations": {}
    },
    {
      "line": "(guy, you’rе on aim)",
      "annotations": {}
    },
    {
      "line": "My feeling is so bad",
      "annotations": {}
    },
    {
      "line": "It is going through a d mn needle",
      "annotations": {}
    },
    {
      "line": "My feelings so poignant",
      "annotations": {}
    },
    {
      "line": "Godd mn, i miss you taylor",
      "annotations": {}
    },
    {
      "line": "",
      "annotations": {}
    },
    {
      "line": "[Verse 2]",
      "annotations": {}
    },
    {
      "line": "Keep saying that sh t",
      "annotations": {}
    },
    {
      "line": "She tied to mе earlier",
      "annotations": {}
    },
    {
      "line": "She’s a godd mn b tch",
      "annotations": {}
    },
    {
      "line": "She got a sane b tch",
      "annotations": {}
    },
    {
      "line": "Well, i rode to you",
      "annotations": {}
    },
    {
      "line": "She saw her leash",
      "annotations": {}
    },
    {
      "line": "Lied to millions",
      "annotations": {}
    },
    {
      "line": "She’s a godd mn b tch",
      "annotations": {}
    },
    {
      "line": "She’ll never leave me",
      "annotations": {}
    },
    {
      "line": "That’s on my ship",
      "annotations": {}
    },
    {
      "line": "That’s on my whip",
      "annotations": {}
    },
    {
      "line": "That’s on my name",
      "annotations": {}
    },
    {
      "line": "",
      "annotations": {}
    },
    {
      "line": "[Chorus 2]",
      "annotations": {}
    },
    {
      "line": "My mood groove going through",
      "annotations": {}
    },
    {
      "line": "Going through a d mn needle",
      "annotations": {}
    },
    {
      "line": "My feelings so poignant",
      "annotations": {}
    },
    {
      "line": "This song is for your tavern",
      "annotations": {}
    },
    {
      "line": "My mood is so poignant",
      "annotations": {}
    },
    {
      "line": "It is going through a d mn needle",
      "annotations": {}
    },
    {
      "line": "My feeling so poignant",
      "annotations": {}
    },
    {
      "line": "This song is for your tavern",
      "annotations": {}
    },
    {
      "line": "",
      "annotations": {}
    },
    {
      "line": "[Verse 3]",
      "annotations": {}
    },
    {
      "line": "Yeah!",
      "annotations": {}
    },
    {
      "line": "I like that",
      "annotations": {}
    },
    {
      "line": "I like that",
      "annotations": {}
    },
    {
      "line": "I’ma, i’ma, i’ma let it keep flowing",
      "annotations": {}
    },
    {
      "line": "Like yeah",
      "annotations": {}
    },
    {
      "line": "Tell me some sh t",
      "annotations": {}
    },
    {
      "line": "Tell me some sh t",
      "annotations": {}
    },
    {
      "line": "You by my sperm a boy",
      "annotations": {}
    },
    {
      "line": "Tell me some sh t",
      "annotations": {}
    },
    {
      "line": "How you had it f cked up",
      "annotations": {}
    },
    {
      "line": "And it was on you",
      "annotations": {}
    },
    {
      "line": "Ah!",
      "annotations": {}
    },
    {
      "line": "I stole the f cking court away",
      "annotations": {}
    },
    {
      "line": "I still cry for you all the way",
      "annotations": {}
    },
    {
      "line": "I crush",
      "annotations": {}
    },
    {
      "line": "I still wanna honour you",
      "annotations": {}
    },
    {
      "line": "Loving you is so onerous",
      "annotations": {}
    },
    {
      "line": "Got me feeling like this ain’t unto us",
      "annotations": {}
    },
    {
      "line": "We got that sh t",
      "annotations": {}
    },
    {
      "line": "You’re my godd mn shear",
      "annotations": {}
    },
    {
      "line": "You’re not putting in",
      "annotations": {}
    },
    {
      "line": "No deck, cast my love",
      "annotations": {}
    },
    {
      "line": "So emote, so fast",
      "annotations": {}
    },
    {
      "line": "Going through her",
      "annotations": {}
    },
    {
      "line": "",
      "annotations": {}
    },
    {
      "line": "[Chorus 3]",
      "annotations": {}
    },
    {
      "line": "My mood is so farce",
      "annotations": {}
    },
    {
      "line": "Going through a d mn needle",
      "annotations": {}
    },
    {
      "line": "Motherf cker it is so poignant",
      "annotations": {}
    },
    {
      "line": "This song is for your tavern",
      "annotations": {}
    },
    {
      "line": "My mood is so bad",
      "annotations": {}
    },
    {
      "line": "It is going through a d mn needle",
      "annotations": {}
    }
  ]
}