{
  "lyrics": [
    {
      "line": "[Intro]",
      "annotations": {
        "Intro": "Annotation for [Intro]"
      }
    },
    {
      "line": "Fresh boy chilling",
      "annotations": {}
    },
    {
      "line": "When you see me",
      "annotations": {}
    },
    {
      "line": "I’ll say be there",
      "annotations": {}
    },
    {
      "line": "When you see me",
      "annotations": {}
    },
    {
      "line": "I’ll say be a doll",
      "annotations": {}
    },
    {
      "line": "Not just next to me",
      "annotations": {}
    },
    {
      "line": "Here in my head",
      "annotations": {}
    },
    {
      "line": "Not just next to me",
      "annotations": {}
    },
    {
      "line": "(my head, winning in my head)",
      "annotations": {}
    },
    {
      "line": "Here in my bed",
      "annotations": {}
    },
    {
      "line": "(my bread)",
      "annotations": {}
    },
    {
      "line": "Not just next to me girl",
      "annotations": {}
    },
    {
      "line": "Meet me halfway in my thoughts",
      "annotations": {}
    },
    {
      "line": "(it won’t hit)",
      "annotations": {}
    },
    {
      "line": "",
      "annotations": {}
    },
    {
      "line": "[Verse 1]",
      "annotations": {
        "1": "Annotation for 1]",
        "Verse": "Annotation for [Verse"
      }
    },
    {
      "line": "Top baby",
      "annotations": {}
    },
    {
      "line": "She never has a feeling like a dull girl",
      "annotations": {}
    },
    {
      "line": "(stunting on my plaintiff)",
      "annotations": {}
    },
    {
      "line": "Sweet shawty",
      "annotations": {}
    },
    {
      "line": "How you have me up in the air",
      "annotations": {}
    },
    {
      "line": "When i’m here",
      "annotations": {}
    },
    {
      "line": "I feel like i’m smoking something",
      "annotations": {}
    },
    {
      "line": "I don’t bail b",
      "annotations": {}
    },
    {
      "line": "I don’t baby",
      "annotations": {}
    },
    {
      "line": "Ever come down",
      "annotations": {}
    },
    {
      "line": "",
      "annotations": {}
    },
    {
      "line": "[Bridge]",
      "annotations": {
        "Bridge": "Annotation for [Bridge]"
      }
    },
    {
      "line": "When it’s your love",
      "annotations": {}
    },
    {
      "line": "I feel this is something morе",
      "annotations": {}
    },
    {
      "line": "I feel there is something morе",
      "annotations": {}
    },
    {
      "line": "Girl when it is your love",
      "annotations": {}
    },
    {
      "line": "I feel that it’s something more",
      "annotations": {}
    },
    {
      "line": "I feel that it’s something more",
      "annotations": {}
    },
    {
      "line": "",
      "annotations": {}
    },
    {
      "line": "[Chorus]",
      "annotations": {
        "Chorus": "Annotation for [Chorus]"
      }
    },
    {
      "line": "Remember the day you perched on my soul",
      "annotations": {}
    },
    {
      "line": "And you promised you’ll never let me go",
      "annotations": {}
    },
    {
      "line": "Never let me go",
      "annotations": {}
    },
    {
      "line": "(would you)",
      "annotations": {}
    },
    {
      "line": "",
      "annotations": {}
    },
    {
      "line": "[Verse 2]",
      "annotations": {
        "2": "Annotation for 2]",
        "Verse": "Annotation for [Verse"
      }
    },
    {
      "line": "Hey you get in my ride",
      "annotations": {}
    },
    {
      "line": "Baby i’m on it",
      "annotations": {}
    },
    {
      "line": "(i mould it)",
      "annotations": {}
    },
    {
      "line": "Hey girl i’m on it",
      "annotations": {}
    },
    {
      "line": "(her money)",
      "annotations": {}
    },
    {
      "line": "Never getting enough",
      "annotations": {}
    },
    {
      "line": "Always pondering",
      "annotations": {}
    },
    {
      "line": "(oh oh oh oh)",
      "annotations": {}
    },
    {
      "line": "If he’s h rny or not",
      "annotations": {}
    },
    {
      "line": "(no oh oh oh)",
      "annotations": {}
    },
    {
      "line": "Baby i’ll be acting like i’m bugging in nam",
      "annotations": {}
    },
    {
      "line": "(where’re you going)",
      "annotations": {}
    },
    {
      "line": "I’m shot up",
      "annotations": {}
    },
    {
      "line": "(go in)",
      "annotations": {}
    },
    {
      "line": "All this love testosterones",
      "annotations": {}
    },
    {
      "line": "(oxytocin)",
      "annotations": {}
    },
    {
      "line": "Baby how you got me feeling",
      "annotations": {}
    },
    {
      "line": "Hold mine, ain’t a mini",
      "annotations": {}
    },
    {
      "line": "(bel air billing)",
      "annotations": {}
    },
    {
      "line": "Girl how you got me feeling",
      "annotations": {}
    },
    {
      "line": "Hammer on ma, my meaning",
      "annotations": {}
    },
    {
      "line": "(though you know, do you know)",
      "annotations": {}
    },
    {
      "line": "Minding my bidet",
      "annotations": {}
    },
    {
      "line": "(though you know, do you know)",
      "annotations": {}
    },
    {
      "line": "This is it, headed for your bed girl",
      "annotations": {}
    },
    {
      "line": "Right on my pin girl",
      "annotations": {}
    },
    {
      "line": "Isn’t out",
      "annotations": {}
    },
    {
      "line": "I know who you’re calling",
      "annotations": {}
    },
    {
      "line": "(said it enough, love, love)",
      "annotations": {}
    },
    {
      "line": "Close the curtains",
      "annotations": {}
    },
    {
      "line": "(assertive in love)",
      "annotations": {}
    },
    {
      "line": "I’m diving",
      "annotations": {}
    },
    {
      "line": "(love blob)",
      "annotations": {}
    },
    {
      "line": "Not on here",
      "annotations": {}
    },
    {
      "line": "I’m not ending my trip",
      "annotations": {}
    },
    {
      "line": "",
      "annotations": {}
    },
    {
      "line": "[Outro]",
      "annotations": {
        "Outro": "Annotation for [Outro]"
      }
    },
    {
      "line": "Hey",
      "annotations": {}
    },
    {
      "line": "You’re in the universe",
      "annotations": {}
    },
    {
      "line": "Sp ce, sp ce, universe",
      "annotations": {}
    },
    {
      "line": "And should knows, she knows, she knows",
      "annotations": {}
    },
    {
      "line": "(she knows)",
      "annotations": {}
    },
    {
      "line": "She’s for sure",
      "annotations": {}
    },
    {
      "line": "She knows, she knows, she knows",
      "annotations": {}
    },
    {
      "line": "She’s for sure",
      "annotations": {}
    },
    {
      "line": "(she knows)",
      "annotations": {}
    },
    {
      "line": "She knows, she knows, she knows",
      "annotations": {}
    },
    {
      "line": "She’s for sure",
      "annotations": {}
    },
    {
      "line": "(she knows)",
      "annotations": {}
    },
    {
      "line": "Chest going up like",
      "annotations": {}
    },
    {
      "line": "New hemp p p p",
      "annotations": {}
    },
    {
      "line": "(it’s a new hemp plant)",
      "annotations": {}
    },
    {
      "line": "I’m a new hemp p p p plant",
      "annotations": {}
    },
    {
      "line": "Girl, girl it’s a new hemp plant, plant, plant",
      "annotations": {}
    },
    {
      "line": "I’m a new hemp plant",
      "annotations": {}
    }
  ]
}