{
  "lyrics": [
    {
      "line": "[Intro]",
      "annotations": {}
    },
    {
      "line": "I can’t do without her",
      "annotations": {}
    },
    {
      "line": "I can’t do without her",
      "annotations": {}
    },
    {
      "line": "No lies",
      "annotations": {}
    },
    {
      "line": "No lies",
      "annotations": {}
    },
    {
      "line": "I can’t do without her",
      "annotations": {}
    },
    {
      "line": "No lies",
      "annotations": {}
    },
    {
      "line": "No lies",
      "annotations": {}
    },
    {
      "line": "",
      "annotations": {}
    },
    {
      "line": "[Verse 1]",
      "annotations": {}
    },
    {
      "line": "Had me feeling this ain’t no prolix",
      "annotations": {}
    },
    {
      "line": "This is about us",
      "annotations": {}
    },
    {
      "line": "Uh!",
      "annotations": {}
    },
    {
      "line": "And my heart still beats",
      "annotations": {}
    },
    {
      "line": "Likened kin",
      "annotations": {}
    },
    {
      "line": "Get you out of my",
      "annotations": {}
    },
    {
      "line": "I’m in your head",
      "annotations": {}
    },
    {
      "line": "Eh!",
      "annotations": {}
    },
    {
      "line": "Is it easy just to see it how i say it",
      "annotations": {}
    },
    {
      "line": "I don’t know",
      "annotations": {}
    },
    {
      "line": "Wiggle it like you laying on a li lo",
      "annotations": {}
    },
    {
      "line": "Wing it like a little loud",
      "annotations": {}
    },
    {
      "line": "Make it, like i’ll be the lamb",
      "annotations": {}
    },
    {
      "line": "When you are last seen i know",
      "annotations": {}
    },
    {
      "line": "It keeps turning around",
      "annotations": {}
    },
    {
      "line": "Turning around",
      "annotations": {}
    },
    {
      "line": "My head spinning on a lever",
      "annotations": {}
    },
    {
      "line": "You lay alone",
      "annotations": {}
    },
    {
      "line": "It keeps turning around",
      "annotations": {}
    },
    {
      "line": "Turning around",
      "annotations": {}
    },
    {
      "line": "My head fixed in",
      "annotations": {}
    },
    {
      "line": "Now you’re playing delilah",
      "annotations": {}
    },
    {
      "line": "The more i see you on that sh t",
      "annotations": {}
    },
    {
      "line": "Modal share",
      "annotations": {}
    },
    {
      "line": "The modal share",
      "annotations": {}
    },
    {
      "line": "I like that sh t",
      "annotations": {}
    },
    {
      "line": "Skip the lottery",
      "annotations": {}
    },
    {
      "line": "1 2 go",
      "annotations": {}
    },
    {
      "line": "And we stop at 1 3",
      "annotations": {}
    },
    {
      "line": "",
      "annotations": {}
    },
    {
      "line": "[Verse 2]",
      "annotations": {}
    },
    {
      "line": "Wow",
      "annotations": {}
    },
    {
      "line": "And i know, and i know",
      "annotations": {}
    },
    {
      "line": "Shе loves me",
      "annotations": {}
    },
    {
      "line": "Sometimеs i can’t get it right",
      "annotations": {}
    },
    {
      "line": "Can’t get it right",
      "annotations": {}
    },
    {
      "line": "Sometimes i don’t feel right",
      "annotations": {}
    },
    {
      "line": "Don’t feel right",
      "annotations": {}
    },
    {
      "line": "How you got me",
      "annotations": {}
    },
    {
      "line": "It has me tendon",
      "annotations": {}
    },
    {
      "line": "Aim now",
      "annotations": {}
    },
    {
      "line": "How you house me thimble",
      "annotations": {}
    },
    {
      "line": "Uh whoa oh oh",
      "annotations": {}
    },
    {
      "line": "The way you help me",
      "annotations": {}
    },
    {
      "line": "When you tend your farm",
      "annotations": {}
    },
    {
      "line": "When are you coming around",
      "annotations": {}
    },
    {
      "line": "I’m the one who kept my glowing skin",
      "annotations": {}
    },
    {
      "line": "I want it for you all day alone",
      "annotations": {}
    },
    {
      "line": "Treat all your trip",
      "annotations": {}
    },
    {
      "line": "All for the night",
      "annotations": {}
    },
    {
      "line": "Yeah",
      "annotations": {}
    }
  ]
}