{
  "lyrics": [
    {
      "line": "[Chorus]",
      "annotations": {
        "Chorus": "Annotation for [Chorus]"
      }
    },
    {
      "line": "I’ll hold my gun",
      "annotations": {}
    },
    {
      "line": "Traipse this lawn",
      "annotations": {}
    },
    {
      "line": "For once this son",
      "annotations": {}
    },
    {
      "line": "Inebriate ‘tween tote",
      "annotations": {}
    },
    {
      "line": "",
      "annotations": {}
    },
    {
      "line": "[Bridge]",
      "annotations": {
        "Bridge": "Annotation for [Bridge]"
      }
    },
    {
      "line": "Is it in (in and winning with love)",
      "annotations": {}
    },
    {
      "line": "To lead with love? (ain’t never sure)",
      "annotations": {}
    },
    {
      "line": "In healthy touch",
      "annotations": {}
    },
    {
      "line": "Is it enough?",
      "annotations": {}
    },
    {
      "line": "",
      "annotations": {}
    },
    {
      "line": "[Verse 1]",
      "annotations": {
        "1": "Annotation for 1]",
        "Verse": "Annotation for [Verse"
      }
    },
    {
      "line": "Everything you did for my heart; a spod",
      "annotations": {}
    },
    {
      "line": "No i thought two won’t let it kindle enough",
      "annotations": {}
    },
    {
      "line": "Feel so used and washed off",
      "annotations": {}
    },
    {
      "line": "I’m back to you",
      "annotations": {}
    },
    {
      "line": "Tripping tripping like a chopper",
      "annotations": {}
    },
    {
      "line": "I ain’t ever felt better",
      "annotations": {}
    },
    {
      "line": "Now i’m counting the beats",
      "annotations": {}
    },
    {
      "line": "Feeling like od",
      "annotations": {}
    },
    {
      "line": "I’m like oh!",
      "annotations": {}
    },
    {
      "line": "Dang!",
      "annotations": {}
    },
    {
      "line": "Ding bong",
      "annotations": {}
    },
    {
      "line": "Oh my gawd!",
      "annotations": {}
    },
    {
      "line": "Back to you",
      "annotations": {}
    },
    {
      "line": "Back to you",
      "annotations": {}
    },
    {
      "line": "Feeling like this ain’t another you",
      "annotations": {}
    },
    {
      "line": "No oh",
      "annotations": {}
    },
    {
      "line": "This is not another me (oh oh oh)",
      "annotations": {}
    },
    {
      "line": "Oh oh",
      "annotations": {}
    },
    {
      "line": "We don’t need to haggle",
      "annotations": {}
    },
    {
      "line": "Over you",
      "annotations": {}
    },
    {
      "line": "Nothing, nothing",
      "annotations": {}
    },
    {
      "line": "",
      "annotations": {}
    },
    {
      "line": "[Chorus]",
      "annotations": {
        "Chorus": "Annotation for [Chorus]"
      }
    },
    {
      "line": "I’ll hold my gun",
      "annotations": {}
    },
    {
      "line": "Traipse this lawn",
      "annotations": {}
    },
    {
      "line": "For once this son",
      "annotations": {}
    },
    {
      "line": "Inebriate ‘tween totе",
      "annotations": {}
    },
    {
      "line": "",
      "annotations": {}
    },
    {
      "line": "[Verse 2]",
      "annotations": {
        "2": "Annotation for 2]",
        "Verse": "Annotation for [Verse"
      }
    },
    {
      "line": "Something like that",
      "annotations": {}
    },
    {
      "line": "Hey! beetlе, beetle, beetle",
      "annotations": {}
    },
    {
      "line": "Chip, chipping lines",
      "annotations": {}
    },
    {
      "line": "But i’m stuck in a nerve or nav",
      "annotations": {}
    },
    {
      "line": "A name or a nerve",
      "annotations": {}
    },
    {
      "line": "I ‘on’t really know",
      "annotations": {}
    },
    {
      "line": "If i should write or jot it down",
      "annotations": {}
    },
    {
      "line": "Write or jot it down",
      "annotations": {}
    },
    {
      "line": "Ain’t that the same",
      "annotations": {}
    },
    {
      "line": "I’ll just put it like",
      "annotations": {}
    },
    {
      "line": "Binge, binge",
      "annotations": {}
    },
    {
      "line": "My name on her next ring ring",
      "annotations": {}
    },
    {
      "line": "I hope she call me",
      "annotations": {}
    },
    {
      "line": "But she never does",
      "annotations": {}
    },
    {
      "line": "So i’m stuck at the booth",
      "annotations": {}
    },
    {
      "line": "Writing her songs like a drunk",
      "annotations": {}
    },
    {
      "line": "Oh!",
      "annotations": {}
    },
    {
      "line": "It’s no bam!",
      "annotations": {}
    },
    {
      "line": "Still sipping that 818",
      "annotations": {}
    },
    {
      "line": "But i lost the one",
      "annotations": {}
    },
    {
      "line": "So i’m feeling like i might be a bore",
      "annotations": {}
    },
    {
      "line": "(cries playfully)",
      "annotations": {}
    }
  ]
}