{
  "lyrics": [
    {
      "line": "[Intro]",
      "annotations": {
        "Intro": "Annotation for [Intro]"
      }
    },
    {
      "line": "Every time, i think i’m burrowing on the wrong john",
      "annotations": {}
    },
    {
      "line": "Whenever i think i’m polling on the wrong rock",
      "annotations": {}
    },
    {
      "line": "",
      "annotations": {}
    },
    {
      "line": "[Verse 1]",
      "annotations": {
        "1": "Annotation for 1]",
        "Verse": "Annotation for [Verse"
      }
    },
    {
      "line": "I get this thing in my head",
      "annotations": {}
    },
    {
      "line": "I get this vibe when i’m by my bed",
      "annotations": {}
    },
    {
      "line": "I take things for granted",
      "annotations": {}
    },
    {
      "line": "My mind’s on everything right?",
      "annotations": {}
    },
    {
      "line": "I ask",
      "annotations": {}
    },
    {
      "line": "I get it every time",
      "annotations": {}
    },
    {
      "line": "I pace, i try to sort it out",
      "annotations": {}
    },
    {
      "line": "A never, never wraith, it’s all to you",
      "annotations": {}
    },
    {
      "line": "You make . . . missing my point of view",
      "annotations": {}
    },
    {
      "line": "Would i ever get in another clue?",
      "annotations": {}
    },
    {
      "line": "Do i?",
      "annotations": {}
    },
    {
      "line": "Two, i . . . make it out?",
      "annotations": {}
    },
    {
      "line": "Lying opposite, never, never?",
      "annotations": {}
    },
    {
      "line": "Do i make it out with my b lls under?",
      "annotations": {}
    },
    {
      "line": "Do i make it out?",
      "annotations": {}
    },
    {
      "line": "Am i on thеre where you arе?",
      "annotations": {}
    },
    {
      "line": "I’m there wherever you call your home",
      "annotations": {}
    },
    {
      "line": "",
      "annotations": {}
    },
    {
      "line": "[Verse 2]",
      "annotations": {
        "2": "Annotation for 2]",
        "Verse": "Annotation for [Verse"
      }
    },
    {
      "line": "Two times now, one girl, one horror down",
      "annotations": {}
    },
    {
      "line": "Two times, doesn’t count when that shawty came",
      "annotations": {}
    },
    {
      "line": "",
      "annotations": {}
    },
    {
      "line": "[Chorus]",
      "annotations": {
        "Chorus": "Annotation for [Chorus]"
      }
    },
    {
      "line": "Pain, nominal now",
      "annotations": {}
    },
    {
      "line": "Weighing up, discuss the train, nodding my ten",
      "annotations": {}
    },
    {
      "line": "Not on my attempt",
      "annotations": {}
    },
    {
      "line": "Do i fill there where you are?",
      "annotations": {}
    },
    {
      "line": "",
      "annotations": {}
    },
    {
      "line": "[Chorus]",
      "annotations": {
        "Chorus": "Annotation for [Chorus]"
      }
    },
    {
      "line": "Pain, nominal now",
      "annotations": {}
    },
    {
      "line": "Weighing up, discuss the train, nodding my ten",
      "annotations": {}
    },
    {
      "line": "Not on my attempt",
      "annotations": {}
    },
    {
      "line": "Do i fill there where you are?",
      "annotations": {}
    },
    {
      "line": "",
      "annotations": {}
    },
    {
      "line": "[Outro]",
      "annotations": {
        "Outro": "Annotation for [Outro]"
      }
    },
    {
      "line": "Something like that you know",
      "annotations": {}
    }
  ]
}