{
  "lyrics": [
    {
      "line": "[Chorus]",
      "annotations": {
        "Chorus": "Annotation for [Chorus]"
      }
    },
    {
      "line": "Sometimes i’m thinking of all the doily when i’m lost",
      "annotations": {}
    },
    {
      "line": "Sometimes he came in; get it right, winnowing lone star",
      "annotations": {}
    },
    {
      "line": "Sometimes i’m thinking of you when i’m alone by the nightstand",
      "annotations": {}
    },
    {
      "line": "Sometimes i can’t get it right",
      "annotations": {}
    },
    {
      "line": "But i am not lost",
      "annotations": {}
    },
    {
      "line": "Whoa",
      "annotations": {}
    },
    {
      "line": "I’m not lost",
      "annotations": {}
    },
    {
      "line": "I’ll be right there",
      "annotations": {}
    },
    {
      "line": "Girl i am not lost",
      "annotations": {}
    },
    {
      "line": "But you suss with the sweet side",
      "annotations": {}
    },
    {
      "line": "I’m not lost at this",
      "annotations": {}
    },
    {
      "line": "",
      "annotations": {}
    },
    {
      "line": "[Bridge]",
      "annotations": {
        "Bridge": "Annotation for [Bridge]"
      }
    },
    {
      "line": "It don’t air if you’re holding",
      "annotations": {}
    },
    {
      "line": "(i’m holding, i’m holding)",
      "annotations": {}
    },
    {
      "line": "Love don’t la di dah",
      "annotations": {}
    },
    {
      "line": "You’re not",
      "annotations": {}
    },
    {
      "line": "(i’m not holding, i’m holding)",
      "annotations": {}
    },
    {
      "line": "",
      "annotations": {}
    },
    {
      "line": "[Chorus]",
      "annotations": {
        "Chorus": "Annotation for [Chorus]"
      }
    },
    {
      "line": "Sometimes i’m thinking of all the doily when i’m lost",
      "annotations": {}
    },
    {
      "line": "Sometimes he came in; get it right, winnowing lone star",
      "annotations": {}
    },
    {
      "line": "Sometimes i’m thinking of you when i’m alone by the nightstand",
      "annotations": {}
    },
    {
      "line": "Sometimes i can’t get it right",
      "annotations": {}
    },
    {
      "line": "But i am not lost",
      "annotations": {}
    },
    {
      "line": "Whoa",
      "annotations": {}
    },
    {
      "line": "I’m not lost",
      "annotations": {}
    },
    {
      "line": "I’ll be right there",
      "annotations": {}
    },
    {
      "line": "Girl i am not lost",
      "annotations": {}
    },
    {
      "line": "But you suss with the sweet side",
      "annotations": {}
    },
    {
      "line": "",
      "annotations": {}
    },
    {
      "line": "[Verse 2]",
      "annotations": {
        "2": "Annotation for 2]",
        "Verse": "Annotation for [Verse"
      }
    },
    {
      "line": "Pinning all my wins down",
      "annotations": {}
    },
    {
      "line": "I’m locking all my wins down",
      "annotations": {}
    },
    {
      "line": "I’m taking all the wins out",
      "annotations": {}
    },
    {
      "line": "It’s no avoiding the down",
      "annotations": {}
    },
    {
      "line": "I’m taking all my wins out",
      "annotations": {}
    },
    {
      "line": "I’m pulling all my pain out",
      "annotations": {}
    },
    {
      "line": "I’m leaving all my canes out",
      "annotations": {}
    },
    {
      "line": "I’ll be me",
      "annotations": {}
    },
    {
      "line": "I’m down with me",
      "annotations": {}
    },
    {
      "line": "",
      "annotations": {}
    },
    {
      "line": "[Outro]",
      "annotations": {
        "Outro": "Annotation for [Outro]"
      }
    },
    {
      "line": "Sometimes i’m thinking of all the doily when i’m lost",
      "annotations": {}
    },
    {
      "line": "(i’m not lost)",
      "annotations": {}
    },
    {
      "line": "Calling on your name girl",
      "annotations": {}
    },
    {
      "line": "I’m not lost",
      "annotations": {}
    },
    {
      "line": "Get it right, winnowing lone star",
      "annotations": {}
    },
    {
      "line": "Hold on; you’re the my girl",
      "annotations": {}
    },
    {
      "line": "I’m not lost",
      "annotations": {}
    },
    {
      "line": "I’m not lost",
      "annotations": {}
    },
    {
      "line": "Can’t get it right",
      "annotations": {}
    }
  ]
}