{
  "lyrics": [
    {
      "line": "[Intro]",
      "annotations": {
        "Intro": "Annotation for [Intro]"
      }
    },
    {
      "line": "Ah!",
      "annotations": {}
    },
    {
      "line": "You gotta stack that emo sh t",
      "annotations": {}
    },
    {
      "line": "I love pretty girls",
      "annotations": {}
    },
    {
      "line": "",
      "annotations": {}
    },
    {
      "line": "[Chorus]",
      "annotations": {
        "Chorus": "Annotation for [Chorus]"
      }
    },
    {
      "line": "I’m not on my mobile",
      "annotations": {}
    },
    {
      "line": "You can’t reach me now",
      "annotations": {}
    },
    {
      "line": "But dance with me",
      "annotations": {}
    },
    {
      "line": "Dance with me",
      "annotations": {}
    },
    {
      "line": "Dance with me",
      "annotations": {}
    },
    {
      "line": "I’m not on my mobile",
      "annotations": {}
    },
    {
      "line": "You can’t reach me now",
      "annotations": {}
    },
    {
      "line": "Just bear with me",
      "annotations": {}
    },
    {
      "line": "Bear with me",
      "annotations": {}
    },
    {
      "line": "Bear with me",
      "annotations": {}
    },
    {
      "line": "I feel like i’m on the f cking appalachian",
      "annotations": {}
    },
    {
      "line": "I get alone on henney",
      "annotations": {}
    },
    {
      "line": "Not knowing how to act",
      "annotations": {}
    },
    {
      "line": "I feel like i’m on the f cking appalachian mountains",
      "annotations": {}
    },
    {
      "line": "I’ma go to naples just to say i made it here",
      "annotations": {}
    },
    {
      "line": "",
      "annotations": {}
    },
    {
      "line": "[Verse 1]",
      "annotations": {
        "1": "Annotation for 1]",
        "Verse": "Annotation for [Verse"
      }
    },
    {
      "line": "All right",
      "annotations": {}
    },
    {
      "line": "I’m in the himalayas",
      "annotations": {}
    },
    {
      "line": "Just left the caribbean",
      "annotations": {}
    },
    {
      "line": "I went to the mediterranean",
      "annotations": {}
    },
    {
      "line": "Her soul, she got her issues",
      "annotations": {}
    },
    {
      "line": "Like, i don’t know",
      "annotations": {}
    },
    {
      "line": "She’s everything that makes you dance",
      "annotations": {}
    },
    {
      "line": "Pay issues",
      "annotations": {}
    },
    {
      "line": "And i love her f cking skyline",
      "annotations": {}
    },
    {
      "line": "Reminds me of my picks back home",
      "annotations": {}
    },
    {
      "line": "Honking weird like that",
      "annotations": {}
    },
    {
      "line": "No time to . . . past home",
      "annotations": {}
    },
    {
      "line": "Now i am counting these stacks",
      "annotations": {}
    },
    {
      "line": "Like this is my zone",
      "annotations": {}
    },
    {
      "line": "And everything i do",
      "annotations": {}
    },
    {
      "line": "I just put it on . . .",
      "annotations": {}
    },
    {
      "line": "On the f cking bobber",
      "annotations": {}
    },
    {
      "line": "Knowing it is moving my boulder",
      "annotations": {}
    },
    {
      "line": "Da da da da data",
      "annotations": {}
    },
    {
      "line": "I say i’m not with my cell phone",
      "annotations": {}
    },
    {
      "line": "You can’t reach me now but",
      "annotations": {}
    },
    {
      "line": "Please proceed with your call",
      "annotations": {}
    },
    {
      "line": "Your call",
      "annotations": {}
    },
    {
      "line": "I’ll reach you back",
      "annotations": {}
    },
    {
      "line": "I’m not with my phone",
      "annotations": {}
    },
    {
      "line": "You can’t, you can’t reach me now",
      "annotations": {}
    },
    {
      "line": "But it is like",
      "annotations": {}
    },
    {
      "line": "Monday, tuesday, wednesday, thursday, friday",
      "annotations": {}
    },
    {
      "line": "I stay busy, i stay counting",
      "annotations": {}
    },
    {
      "line": "I stay stacking, i stay lounging",
      "annotations": {}
    },
    {
      "line": "I stay doing everything bulging",
      "annotations": {}
    },
    {
      "line": "The bag in candid now",
      "annotations": {}
    },
    {
      "line": "And i’m back in this county",
      "annotations": {}
    },
    {
      "line": "And i’m making that counting",
      "annotations": {}
    },
    {
      "line": "And i am acting like this is not the coming",
      "annotations": {}
    },
    {
      "line": "We don’t be counting like we cheesy",
      "annotations": {}
    },
    {
      "line": "I am with the chisel",
      "annotations": {}
    },
    {
      "line": "So i had to go for the babe",
      "annotations": {}
    },
    {
      "line": "Like she was the d mn best from the start",
      "annotations": {}
    },
    {
      "line": "That’s the rest",
      "annotations": {}
    },
    {
      "line": "I’ll keep it with the middle",
      "annotations": {}
    },
    {
      "line": "Like i left the f cking index",
      "annotations": {}
    },
    {
      "line": "Cos i must be f cking moving",
      "annotations": {}
    },
    {
      "line": "Till i’ll stick that ring on the pinkie",
      "annotations": {}
    },
    {
      "line": "And i’ll look back to the time",
      "annotations": {}
    },
    {
      "line": "When it was just you and i",
      "annotations": {}
    },
    {
      "line": "And i thought we had everything",
      "annotations": {}
    },
    {
      "line": "But the f cking love",
      "annotations": {}
    },
    {
      "line": "Now we got the stacks",
      "annotations": {}
    },
    {
      "line": "And we have the love",
      "annotations": {}
    },
    {
      "line": "What’s that",
      "annotations": {}
    },
    {
      "line": "It is just the decibels going higher",
      "annotations": {}
    },
    {
      "line": "Till we hit the roof",
      "annotations": {}
    },
    {
      "line": "So i don’t play",
      "annotations": {}
    },
    {
      "line": "So i don’t choke",
      "annotations": {}
    },
    {
      "line": "I just keep with the stacking",
      "annotations": {}
    },
    {
      "line": "I just keep with the mapping",
      "annotations": {}
    },
    {
      "line": "I just keep with the laughter",
      "annotations": {}
    },
    {
      "line": "I don’t let n0body put me on a doobie",
      "annotations": {}
    },
    {
      "line": "Can’t fly",
      "annotations": {}
    },
    {
      "line": "I don’t let n0body put me on a rover",
      "annotations": {}
    },
    {
      "line": "That ain’t got no name",
      "annotations": {}
    },
    {
      "line": "We still roll in this b tch",
      "annotations": {}
    },
    {
      "line": "And i don’t really preach",
      "annotations": {}
    },
    {
      "line": "I just do my own thing",
      "annotations": {}
    },
    {
      "line": "Just to say i’m that rich",
      "annotations": {}
    },
    {
      "line": "And i don’t even play with a frown",
      "annotations": {}
    },
    {
      "line": "Cos i’m not for that",
      "annotations": {}
    },
    {
      "line": "I’m just with the smiles",
      "annotations": {}
    },
    {
      "line": "Hold up, it is the boy like",
      "annotations": {}
    },
    {
      "line": "I’m not on my cell phone",
      "annotations": {}
    },
    {
      "line": "You can’t reach me now",
      "annotations": {}
    },
    {
      "line": "But you can leave a message",
      "annotations": {}
    },
    {
      "line": "I am stuck at the melee in youth",
      "annotations": {}
    },
    {
      "line": "I don’t really go that way",
      "annotations": {}
    },
    {
      "line": "But i am probably on some f cking dmt now",
      "annotations": {}
    },
    {
      "line": "I’m just trippin’",
      "annotations": {}
    },
    {
      "line": "Eh?",
      "annotations": {}
    }
  ]
}