{
  "lyrics": [
    {
      "line": "[Intro]",
      "annotations": {}
    },
    {
      "line": "Sauce it up a bit",
      "annotations": {}
    },
    {
      "line": "Turn the volume up",
      "annotations": {}
    },
    {
      "line": "",
      "annotations": {}
    },
    {
      "line": "[Verse 1]",
      "annotations": {}
    },
    {
      "line": "Ever pondered",
      "annotations": {}
    },
    {
      "line": "How he wonders",
      "annotations": {}
    },
    {
      "line": "Does he ever come down",
      "annotations": {}
    },
    {
      "line": "Take a bite off my funding",
      "annotations": {}
    },
    {
      "line": "Her, female, i’ll take a late",
      "annotations": {}
    },
    {
      "line": "It is coming up a burden",
      "annotations": {}
    },
    {
      "line": "Yes another gun",
      "annotations": {}
    },
    {
      "line": "I just took her phone",
      "annotations": {}
    },
    {
      "line": "And i dialled her number raw",
      "annotations": {}
    },
    {
      "line": "She sold me she’ll be with me",
      "annotations": {}
    },
    {
      "line": "Father told her that i’ll be with her",
      "annotations": {}
    },
    {
      "line": "Make my heart flutter like i’ve won",
      "annotations": {}
    },
    {
      "line": "Fly opеn",
      "annotations": {}
    },
    {
      "line": "That song, were you evеr done",
      "annotations": {}
    },
    {
      "line": "The chinny yet on her",
      "annotations": {}
    },
    {
      "line": "For something like her pulley won",
      "annotations": {}
    },
    {
      "line": "For her a poem",
      "annotations": {}
    },
    {
      "line": "That’s the only thing i dreamed of",
      "annotations": {}
    },
    {
      "line": "Though you came",
      "annotations": {}
    },
    {
      "line": "And you shined in me the light",
      "annotations": {}
    },
    {
      "line": "I feel woozy, is it right?",
      "annotations": {}
    }
  ]
}