{
  "lyrics": [
    {
      "line": "[Intro]",
      "annotations": {
        "Intro": "Annotation for [Intro]"
      }
    },
    {
      "line": "Oh oh oh oh oh oh oh oh",
      "annotations": {}
    },
    {
      "line": "Fresh boy chilling",
      "annotations": {}
    },
    {
      "line": "",
      "annotations": {}
    },
    {
      "line": "[Verse 1]",
      "annotations": {
        "1": "Annotation for 1]",
        "Verse": "Annotation for [Verse"
      }
    },
    {
      "line": "My coffee is dark",
      "annotations": {}
    },
    {
      "line": "It is bitter",
      "annotations": {}
    },
    {
      "line": "These obligations don’t feel they differ",
      "annotations": {}
    },
    {
      "line": "Gotta get it right, got to get it right",
      "annotations": {}
    },
    {
      "line": "I say a thousand times",
      "annotations": {}
    },
    {
      "line": "I gotta get it right",
      "annotations": {}
    },
    {
      "line": "",
      "annotations": {}
    },
    {
      "line": "[Bridge]",
      "annotations": {
        "Bridge": "Annotation for [Bridge]"
      }
    },
    {
      "line": "This time, i just want to lay it out",
      "annotations": {}
    },
    {
      "line": "How you hold me down, it ain’t fair",
      "annotations": {}
    },
    {
      "line": "But this time, i just gotta let it out",
      "annotations": {}
    },
    {
      "line": "How you holding me down, it ain’t fair",
      "annotations": {}
    },
    {
      "line": "",
      "annotations": {}
    },
    {
      "line": "[Verse 2]",
      "annotations": {
        "2": "Annotation for 2]",
        "Verse": "Annotation for [Verse"
      }
    },
    {
      "line": "I want to be like the rest of the boys",
      "annotations": {}
    },
    {
      "line": "Tell me who is your favorite toy",
      "annotations": {}
    },
    {
      "line": "Does he have a better smile",
      "annotations": {}
    },
    {
      "line": "I never crank it anymore",
      "annotations": {}
    },
    {
      "line": "Prattle everywhere",
      "annotations": {}
    },
    {
      "line": "When i take a smile, i’m not in her affair",
      "annotations": {}
    },
    {
      "line": "",
      "annotations": {}
    },
    {
      "line": "[Bridge 2]",
      "annotations": {
        "2": "Annotation for 2]",
        "Bridge": "Annotation for [Bridge"
      }
    },
    {
      "line": "Cheating on my heart is how you make it fair",
      "annotations": {}
    },
    {
      "line": "Telling me, what is",
      "annotations": {}
    },
    {
      "line": "Isn’t it fair to be this close",
      "annotations": {}
    },
    {
      "line": "Talking to you every time isn’t this colder",
      "annotations": {}
    },
    {
      "line": "Loving you like i",
      "annotations": {}
    },
    {
      "line": "I think i need to be sober",
      "annotations": {}
    },
    {
      "line": "Waking up to your face, i need to get bolder",
      "annotations": {}
    },
    {
      "line": "",
      "annotations": {}
    },
    {
      "line": "[Verse 3]",
      "annotations": {
        "3": "Annotation for 3]",
        "Verse": "Annotation for [Verse"
      }
    },
    {
      "line": "So i am taking my time to get through with my feelings",
      "annotations": {}
    },
    {
      "line": "Knowing my feelings",
      "annotations": {}
    },
    {
      "line": "Is it not nut time",
      "annotations": {}
    },
    {
      "line": "Want to spend a couple of seconds",
      "annotations": {}
    },
    {
      "line": "Trying to fade out",
      "annotations": {}
    },
    {
      "line": "",
      "annotations": {}
    },
    {
      "line": "[Verse 4]",
      "annotations": {
        "4": "Annotation for 4]",
        "Verse": "Annotation for [Verse"
      }
    },
    {
      "line": "I’ve not been fair",
      "annotations": {}
    },
    {
      "line": "Where i have been",
      "annotations": {}
    },
    {
      "line": "Everywhere but there",
      "annotations": {}
    },
    {
      "line": "Still, i want you to know",
      "annotations": {}
    },
    {
      "line": "",
      "annotations": {}
    },
    {
      "line": "[Verse 5]",
      "annotations": {
        "5": "Annotation for 5]",
        "Verse": "Annotation for [Verse"
      }
    },
    {
      "line": "Feeling like for share all the time",
      "annotations": {}
    },
    {
      "line": "Do i give her my fair share all the time",
      "annotations": {}
    },
    {
      "line": "Listen to my creep",
      "annotations": {}
    },
    {
      "line": "When i see you, i can’t deny",
      "annotations": {}
    },
    {
      "line": "I love her, i love her, i love her",
      "annotations": {}
    },
    {
      "line": "",
      "annotations": {}
    },
    {
      "line": "[Outro]",
      "annotations": {
        "Outro": "Annotation for [Outro]"
      }
    },
    {
      "line": "Ah! it’s feeling like a d mn contract",
      "annotations": {}
    },
    {
      "line": "Like, christ, f ck!",
      "annotations": {}
    }
  ]
}