{
  "lyrics": [
    {
      "line": "[Verse 1]",
      "annotations": {}
    },
    {
      "line": "If my time don’t come",
      "annotations": {}
    },
    {
      "line": "I’ll put everything i have in a . . .",
      "annotations": {}
    },
    {
      "line": "And i’ll be gone",
      "annotations": {}
    },
    {
      "line": "Stuck up",
      "annotations": {}
    },
    {
      "line": "I’m lost in the mood",
      "annotations": {}
    },
    {
      "line": "And i’m feeling like i’m foe ogre",
      "annotations": {}
    },
    {
      "line": "My lie, he’s back on the wall",
      "annotations": {}
    },
    {
      "line": "I call the shots",
      "annotations": {}
    },
    {
      "line": "Now i’m pulling the rug",
      "annotations": {}
    },
    {
      "line": "I’m pulling the rug",
      "annotations": {}
    },
    {
      "line": "On my nose",
      "annotations": {}
    },
    {
      "line": "On my nose",
      "annotations": {}
    },
    {
      "line": "I ‘on’t ever, ever know",
      "annotations": {}
    },
    {
      "line": "On my nose",
      "annotations": {}
    },
    {
      "line": "On my nose",
      "annotations": {}
    },
    {
      "line": "I ‘on’t ever, ever know",
      "annotations": {}
    },
    {
      "line": "If my time don’t come",
      "annotations": {}
    },
    {
      "line": "I’ma put my everything",
      "annotations": {}
    },
    {
      "line": "Put it in a bag",
      "annotations": {}
    },
    {
      "line": "And i’ll be gone",
      "annotations": {}
    },
    {
      "line": "I’m back to the wall",
      "annotations": {}
    },
    {
      "line": "And i’m feeling like",
      "annotations": {}
    },
    {
      "line": "I’m the one pulling the rug",
      "annotations": {}
    },
    {
      "line": "If the times don’t come",
      "annotations": {}
    },
    {
      "line": "I’ma put everything",
      "annotations": {}
    },
    {
      "line": "In the bag",
      "annotations": {}
    },
    {
      "line": "And i’ll be gone",
      "annotations": {}
    },
    {
      "line": "Back to the wall",
      "annotations": {}
    },
    {
      "line": "I’m feeling like",
      "annotations": {}
    },
    {
      "line": "I’m the one whose pulling the rug",
      "annotations": {}
    },
    {
      "line": "N ggers feeling like",
      "annotations": {}
    },
    {
      "line": "He’s back for me",
      "annotations": {}
    },
    {
      "line": "Yack, oh, he’s back for me",
      "annotations": {}
    },
    {
      "line": "A stave, a bar",
      "annotations": {}
    },
    {
      "line": "F ck with me boy",
      "annotations": {}
    },
    {
      "line": "Come on",
      "annotations": {}
    },
    {
      "line": "",
      "annotations": {}
    },
    {
      "line": "[Verse 2]",
      "annotations": {}
    },
    {
      "line": "Spit that sh t in my ear like",
      "annotations": {}
    },
    {
      "line": "Y’all motherf ckers",
      "annotations": {}
    },
    {
      "line": "Ain’t ready for this sh t",
      "annotations": {}
    },
    {
      "line": "I’m down with the ammo",
      "annotations": {}
    },
    {
      "line": "And i’m going in this sh t",
      "annotations": {}
    },
    {
      "line": "Stick with this sh t",
      "annotations": {}
    },
    {
      "line": "That you know motherf cker",
      "annotations": {}
    },
    {
      "line": "The same repetition",
      "annotations": {}
    },
    {
      "line": "Of the words that you know",
      "annotations": {}
    },
    {
      "line": "Cos you’re stuck in the rut",
      "annotations": {}
    },
    {
      "line": "Of the same f cking world",
      "annotations": {}
    },
    {
      "line": "Why are you bickering",
      "annotations": {}
    },
    {
      "line": "They are paroling",
      "annotations": {}
    },
    {
      "line": "Call that sh t",
      "annotations": {}
    },
    {
      "line": "A rowing with the current",
      "annotations": {}
    },
    {
      "line": "You’re f cked in hole",
      "annotations": {}
    },
    {
      "line": "And i’m stuck with the work",
      "annotations": {}
    },
    {
      "line": "Cos i can’t pace around this f cking line",
      "annotations": {}
    },
    {
      "line": "Like i am on the sp ce boy",
      "annotations": {}
    },
    {
      "line": "Sp ce boy",
      "annotations": {}
    },
    {
      "line": "Can you help me out",
      "annotations": {}
    },
    {
      "line": "F ck around, hanging my dead body",
      "annotations": {}
    },
    {
      "line": "With the simple things",
      "annotations": {}
    },
    {
      "line": "Yeah",
      "annotations": {}
    }
  ]
}