{
  "lyrics": [
    {
      "line": "[Intro]",
      "annotations": {
        "Intro": "Annotation for [Intro]"
      }
    },
    {
      "line": "Def it had a meaning",
      "annotations": {}
    },
    {
      "line": "She got the bidding",
      "annotations": {}
    },
    {
      "line": "I am out here the roller",
      "annotations": {}
    },
    {
      "line": "Ten down the hustler",
      "annotations": {}
    },
    {
      "line": "Offended, i don’t need the ruddy",
      "annotations": {}
    },
    {
      "line": "",
      "annotations": {}
    },
    {
      "line": "[Verse 1]",
      "annotations": {
        "1": "Annotation for 1]",
        "Verse": "Annotation for [Verse"
      }
    },
    {
      "line": "I bet she’s on a rollie",
      "annotations": {}
    },
    {
      "line": "I’m on my shun",
      "annotations": {}
    },
    {
      "line": "Better",
      "annotations": {}
    },
    {
      "line": "Freaking out",
      "annotations": {}
    },
    {
      "line": "Freaking out over a girl",
      "annotations": {}
    },
    {
      "line": "Talk it out",
      "annotations": {}
    },
    {
      "line": "Just to know",
      "annotations": {}
    },
    {
      "line": "I don’t peel her over",
      "annotations": {}
    },
    {
      "line": "I don’t wanna be there over",
      "annotations": {}
    },
    {
      "line": "D mning, d mning",
      "annotations": {}
    },
    {
      "line": "On my f cking redis",
      "annotations": {}
    },
    {
      "line": "I don’t ever give a f ck",
      "annotations": {}
    },
    {
      "line": "I am always d mn ready",
      "annotations": {}
    },
    {
      "line": "With a new one",
      "annotations": {}
    },
    {
      "line": "Pass this sh t",
      "annotations": {}
    },
    {
      "line": "Just to make it different",
      "annotations": {}
    },
    {
      "line": "Put the anger on the sevеn",
      "annotations": {}
    },
    {
      "line": "Got me feeling like this ain’t nothing",
      "annotations": {}
    },
    {
      "line": "Ah!",
      "annotations": {}
    },
    {
      "line": "Put my coffee on whole palms",
      "annotations": {}
    },
    {
      "line": "On thе my theine",
      "annotations": {}
    },
    {
      "line": "Had to roll dumbs",
      "annotations": {}
    },
    {
      "line": "When i am on the die",
      "annotations": {}
    },
    {
      "line": "I put it down",
      "annotations": {}
    },
    {
      "line": "Put it down",
      "annotations": {}
    },
    {
      "line": "Count the numbers out like a rhyme",
      "annotations": {}
    },
    {
      "line": "I’m cutting all the shots",
      "annotations": {}
    },
    {
      "line": "Like i am jealous over party",
      "annotations": {}
    },
    {
      "line": "Parry, acting like a superiority",
      "annotations": {}
    },
    {
      "line": "But it’s not a problem",
      "annotations": {}
    },
    {
      "line": "Ma, i’m working all the way",
      "annotations": {}
    },
    {
      "line": "Working all the race",
      "annotations": {}
    },
    {
      "line": "Hope y’all get my sh t down",
      "annotations": {}
    },
    {
      "line": "Uh!",
      "annotations": {}
    },
    {
      "line": "F ck about get it padded",
      "annotations": {}
    },
    {
      "line": "Like i do it odin",
      "annotations": {}
    },
    {
      "line": "I put my hands where i don’t put my money",
      "annotations": {}
    },
    {
      "line": "So you know i am always getting more",
      "annotations": {}
    },
    {
      "line": "Sorry, if it is not sunny",
      "annotations": {}
    },
    {
      "line": "But it’s always about the time",
      "annotations": {}
    },
    {
      "line": "Where i am mixing more money",
      "annotations": {}
    },
    {
      "line": "And i’m out",
      "annotations": {}
    }
  ]
}