{
  "lyrics": [
    {
      "line": "[Intro]",
      "annotations": {
        "Intro": "Annotation for [Intro]"
      }
    },
    {
      "line": "Fbc",
      "annotations": {}
    },
    {
      "line": "",
      "annotations": {}
    },
    {
      "line": "[Verse 1]",
      "annotations": {
        "1": "Annotation for 1]",
        "Verse": "Annotation for [Verse"
      }
    },
    {
      "line": "It’s coffee in my hands",
      "annotations": {}
    },
    {
      "line": "And it’s got me feeling so good",
      "annotations": {}
    },
    {
      "line": "Maybe it is this mood",
      "annotations": {}
    },
    {
      "line": "Have me feeling this foolish",
      "annotations": {}
    },
    {
      "line": "Something like love",
      "annotations": {}
    },
    {
      "line": "Would i ever say",
      "annotations": {}
    },
    {
      "line": "It’s how i want to put it down",
      "annotations": {}
    },
    {
      "line": "Write it down saying roulette",
      "annotations": {}
    },
    {
      "line": "",
      "annotations": {}
    },
    {
      "line": "[Chorus]",
      "annotations": {
        "Chorus": "Annotation for [Chorus]"
      }
    },
    {
      "line": "But girl i say though",
      "annotations": {}
    },
    {
      "line": "My real cuffs down our old door",
      "annotations": {}
    },
    {
      "line": "Matching i call out every time",
      "annotations": {}
    },
    {
      "line": "I call out every time",
      "annotations": {}
    },
    {
      "line": "But girl i say though",
      "annotations": {}
    },
    {
      "line": "My real cuffs down our old door",
      "annotations": {}
    },
    {
      "line": "Matching i call out every time",
      "annotations": {}
    },
    {
      "line": "I call out every time",
      "annotations": {}
    },
    {
      "line": "",
      "annotations": {}
    },
    {
      "line": "[Verse 2]",
      "annotations": {
        "2": "Annotation for 2]",
        "Verse": "Annotation for [Verse"
      }
    },
    {
      "line": "Spirits flowing through me",
      "annotations": {}
    },
    {
      "line": "Dancing through me",
      "annotations": {}
    },
    {
      "line": "Feeling like it is so alien",
      "annotations": {}
    },
    {
      "line": "Holding mine",
      "annotations": {}
    },
    {
      "line": "Beat beat beat beat beat it",
      "annotations": {}
    },
    {
      "line": "Ah",
      "annotations": {}
    },
    {
      "line": "I get no no no nothing",
      "annotations": {}
    },
    {
      "line": "I’m feeling, feeling really dizzy",
      "annotations": {}
    },
    {
      "line": "When you’re here",
      "annotations": {}
    },
    {
      "line": "When you’re here",
      "annotations": {}
    },
    {
      "line": "How you hit hit hit me",
      "annotations": {}
    },
    {
      "line": "Girl i see it how i see it",
      "annotations": {}
    },
    {
      "line": "I don’t see clear clearly",
      "annotations": {}
    },
    {
      "line": "",
      "annotations": {}
    },
    {
      "line": "[Chorus]",
      "annotations": {
        "Chorus": "Annotation for [Chorus]"
      }
    },
    {
      "line": "But girl i say though",
      "annotations": {}
    },
    {
      "line": "My real cuffs down our old door",
      "annotations": {}
    },
    {
      "line": "Matching i call out every time",
      "annotations": {}
    },
    {
      "line": "I call out every time",
      "annotations": {}
    },
    {
      "line": "But girl i say though",
      "annotations": {}
    },
    {
      "line": "My real cuffs down our old door",
      "annotations": {}
    },
    {
      "line": "Matching i call out every time",
      "annotations": {}
    },
    {
      "line": "I call out every time",
      "annotations": {}
    },
    {
      "line": "",
      "annotations": {}
    },
    {
      "line": "[Outro]",
      "annotations": {
        "Outro": "Annotation for [Outro]"
      }
    },
    {
      "line": "Fbc",
      "annotations": {}
    }
  ]
}