{
  "lyrics": [
    {
      "line": "[Intro]",
      "annotations": {
        "Intro": "Annotation for [Intro]"
      }
    },
    {
      "line": "I’m on the come up",
      "annotations": {}
    },
    {
      "line": "Voices in my head",
      "annotations": {}
    },
    {
      "line": "Fresh boy chilling",
      "annotations": {}
    },
    {
      "line": "They don’t let me be",
      "annotations": {}
    },
    {
      "line": "I don’t even feel real",
      "annotations": {}
    },
    {
      "line": "",
      "annotations": {}
    },
    {
      "line": "[Verse 1]",
      "annotations": {
        "1": "Annotation for 1]",
        "Verse": "Annotation for [Verse"
      }
    },
    {
      "line": "I don’t feel real",
      "annotations": {}
    },
    {
      "line": "Not on this one",
      "annotations": {}
    },
    {
      "line": "I don’t feel real",
      "annotations": {}
    },
    {
      "line": "Not a worry running in my mind",
      "annotations": {}
    },
    {
      "line": "Sometimes i sound too young",
      "annotations": {}
    },
    {
      "line": "Sometimes i feel",
      "annotations": {}
    },
    {
      "line": "D mn, i’m way too young",
      "annotations": {}
    },
    {
      "line": "But this is not a time for growing up",
      "annotations": {}
    },
    {
      "line": "This is time for putting bag of b lls",
      "annotations": {}
    },
    {
      "line": "When i put my socks on",
      "annotations": {}
    },
    {
      "line": "And i know i got that",
      "annotations": {}
    },
    {
      "line": "Oh leave them",
      "annotations": {}
    },
    {
      "line": "Dad stored the diaper",
      "annotations": {}
    },
    {
      "line": "That’s the kind of thing that made me figure",
      "annotations": {}
    },
    {
      "line": "Wait, i gotta act",
      "annotations": {}
    },
    {
      "line": "And i’m not with this pad",
      "annotations": {}
    },
    {
      "line": "Don’t @ me boy",
      "annotations": {}
    },
    {
      "line": "And i’m tryna get this sh t",
      "annotations": {}
    },
    {
      "line": "Like it’s grammy girls",
      "annotations": {}
    },
    {
      "line": "And they say they heard it",
      "annotations": {}
    },
    {
      "line": "I’m about it",
      "annotations": {}
    },
    {
      "line": "True l!cker, shove with that",
      "annotations": {}
    },
    {
      "line": "Kid won, like he bridged your heart",
      "annotations": {}
    },
    {
      "line": "I’m not down for your vibe",
      "annotations": {}
    },
    {
      "line": "I’m not down like it’s a crime",
      "annotations": {}
    },
    {
      "line": "I’m not down you can whine",
      "annotations": {}
    },
    {
      "line": "I’m about that realer fly",
      "annotations": {}
    },
    {
      "line": "",
      "annotations": {}
    },
    {
      "line": "[Verse 2]",
      "annotations": {
        "2": "Annotation for 2]",
        "Verse": "Annotation for [Verse"
      }
    },
    {
      "line": "Who has my tracks? that’s a regular",
      "annotations": {}
    },
    {
      "line": "That girl told me",
      "annotations": {}
    },
    {
      "line": "She could be while she whiling",
      "annotations": {}
    },
    {
      "line": "I’m looking for another time",
      "annotations": {}
    },
    {
      "line": "Dad’s passing",
      "annotations": {}
    },
    {
      "line": "That’s not me, no mummy",
      "annotations": {}
    },
    {
      "line": "I’m not the parson",
      "annotations": {}
    },
    {
      "line": "That’s not the pyramid",
      "annotations": {}
    },
    {
      "line": "I swear, it’s not adding",
      "annotations": {}
    },
    {
      "line": "I’m just tryna get it out of me",
      "annotations": {}
    },
    {
      "line": "Need the half writ",
      "annotations": {}
    },
    {
      "line": "Like oh gawd",
      "annotations": {}
    },
    {
      "line": "I’m tryna get this coded out",
      "annotations": {}
    },
    {
      "line": "I’m gonna get these fillers out",
      "annotations": {}
    },
    {
      "line": "Like it’s now or rid",
      "annotations": {}
    },
    {
      "line": "",
      "annotations": {}
    },
    {
      "line": "[Verse 3]",
      "annotations": {
        "3": "Annotation for 3]",
        "Verse": "Annotation for [Verse"
      }
    },
    {
      "line": "While i’m on my own",
      "annotations": {}
    },
    {
      "line": "I need to trail a rabbit",
      "annotations": {}
    },
    {
      "line": "Like try and get it like",
      "annotations": {}
    },
    {
      "line": "I’m hot, cooking rabid",
      "annotations": {}
    },
    {
      "line": "But no time for diss",
      "annotations": {}
    },
    {
      "line": "I have to go with this",
      "annotations": {}
    },
    {
      "line": "Put it out, like i’m tryna corrupt this",
      "annotations": {}
    },
    {
      "line": "Leak it out, freak it out",
      "annotations": {}
    },
    {
      "line": "No i mean, i’m reading out",
      "annotations": {}
    },
    {
      "line": "I’m chilling, domino",
      "annotations": {}
    },
    {
      "line": "Now it’s the seeking out",
      "annotations": {}
    },
    {
      "line": "I’m tryna fake it out",
      "annotations": {}
    },
    {
      "line": "I’m tryna seek it out",
      "annotations": {}
    },
    {
      "line": "This was their mission to me",
      "annotations": {}
    },
    {
      "line": "D mn i think i get it off",
      "annotations": {}
    },
    {
      "line": "On the wrong share",
      "annotations": {}
    },
    {
      "line": "I don’t ever hear no one",
      "annotations": {}
    },
    {
      "line": "Who speaks like me around",
      "annotations": {}
    },
    {
      "line": "And that’s not making me proud",
      "annotations": {}
    },
    {
      "line": "Or helping me, or tryna make me",
      "annotations": {}
    },
    {
      "line": "I can go in one round",
      "annotations": {}
    },
    {
      "line": "Men, i’mma f cking rob us",
      "annotations": {}
    },
    {
      "line": "Like he his dub ish",
      "annotations": {}
    },
    {
      "line": "Link in, like i try to get it",
      "annotations": {}
    },
    {
      "line": "From the outer ovary ish",
      "annotations": {}
    },
    {
      "line": "Hush? sh t",
      "annotations": {}
    },
    {
      "line": "They say i amount to oilish",
      "annotations": {}
    },
    {
      "line": "I’m tryna get the goal",
      "annotations": {}
    },
    {
      "line": "He’s not with your habit",
      "annotations": {}
    }
  ]
}