{
  "lyrics": [
    {
      "line": "[Chorus]",
      "annotations": {}
    },
    {
      "line": "My mind’s on one",
      "annotations": {}
    },
    {
      "line": "My time is undone",
      "annotations": {}
    },
    {
      "line": "When i’m with another",
      "annotations": {}
    },
    {
      "line": "My mind’s on one",
      "annotations": {}
    },
    {
      "line": "My time is undone",
      "annotations": {}
    },
    {
      "line": "When i’m with another",
      "annotations": {}
    },
    {
      "line": "When i’m not with you",
      "annotations": {}
    },
    {
      "line": "",
      "annotations": {}
    },
    {
      "line": "[Verse 1]",
      "annotations": {}
    },
    {
      "line": "You make me cry",
      "annotations": {}
    },
    {
      "line": "You make it rain from the sky",
      "annotations": {}
    },
    {
      "line": "Oh why you lead with a sign in weep",
      "annotations": {}
    },
    {
      "line": "You, don’t you see that",
      "annotations": {}
    },
    {
      "line": "You’re the girl that makes me flu",
      "annotations": {}
    },
    {
      "line": "Feels many weeks before went that i was ensue",
      "annotations": {}
    },
    {
      "line": "For how you make me feel",
      "annotations": {}
    },
    {
      "line": "I’m saying bae",
      "annotations": {}
    },
    {
      "line": "You’re a woman i would love",
      "annotations": {}
    },
    {
      "line": "I love you, i love you",
      "annotations": {}
    },
    {
      "line": "Even so well",
      "annotations": {}
    },
    {
      "line": "Feels; i ever made it",
      "annotations": {}
    },
    {
      "line": "So cold, i was too far away",
      "annotations": {}
    },
    {
      "line": "May ignore the weather",
      "annotations": {}
    },
    {
      "line": "It gets to us",
      "annotations": {}
    },
    {
      "line": "And now i’m better",
      "annotations": {}
    },
    {
      "line": "If i was the better",
      "annotations": {}
    },
    {
      "line": "Could you edge me through it",
      "annotations": {}
    },
    {
      "line": "Just be in the starting",
      "annotations": {}
    },
    {
      "line": "Could you edge me through it",
      "annotations": {}
    },
    {
      "line": "How i fell down on my own",
      "annotations": {}
    },
    {
      "line": "Favourite use, how we fell",
      "annotations": {}
    },
    {
      "line": "Help me see you through it all",
      "annotations": {}
    },
    {
      "line": "When i’m down with my vole in will",
      "annotations": {}
    },
    {
      "line": "Down with my whole will",
      "annotations": {}
    },
    {
      "line": "Each bound",
      "annotations": {}
    },
    {
      "line": "Cattle, open to work",
      "annotations": {}
    },
    {
      "line": "All the way down",
      "annotations": {}
    },
    {
      "line": "I’m in your haste",
      "annotations": {}
    },
    {
      "line": "My whole rhyme is to solve her case",
      "annotations": {}
    },
    {
      "line": "My moral height is to offer this",
      "annotations": {}
    },
    {
      "line": "In mind, you’re the one",
      "annotations": {}
    },
    {
      "line": "I’m yours before our peak converse",
      "annotations": {}
    },
    {
      "line": "Hands down we have",
      "annotations": {}
    },
    {
      "line": "Saying, we will never come back",
      "annotations": {}
    },
    {
      "line": "I will never come back",
      "annotations": {}
    },
    {
      "line": "Oh it is just this time",
      "annotations": {}
    },
    {
      "line": "It is just this one time",
      "annotations": {}
    },
    {
      "line": "Real time, all, all over",
      "annotations": {}
    },
    {
      "line": "It is real time, it’s burning, burning",
      "annotations": {}
    },
    {
      "line": "And the rain is falling",
      "annotations": {}
    },
    {
      "line": "While my tears is falling",
      "annotations": {}
    },
    {
      "line": "I can’t love this burning",
      "annotations": {}
    },
    {
      "line": "Like my field isn’t grilling",
      "annotations": {}
    }
  ]
}