{
  "lyrics": [
    {
      "line": "[Intro]",
      "annotations": {}
    },
    {
      "line": "Oh, i thought last you",
      "annotations": {}
    },
    {
      "line": "Oh, can’t see how you care",
      "annotations": {}
    },
    {
      "line": "Do you",
      "annotations": {}
    },
    {
      "line": "",
      "annotations": {}
    },
    {
      "line": "[Chorus]",
      "annotations": {}
    },
    {
      "line": "It’s my time",
      "annotations": {}
    },
    {
      "line": "It’s mine, spent on you",
      "annotations": {}
    },
    {
      "line": "To the last dime",
      "annotations": {}
    },
    {
      "line": "To the last time",
      "annotations": {}
    },
    {
      "line": "On you, on you, on you",
      "annotations": {}
    },
    {
      "line": "My time, that’s spent on you",
      "annotations": {}
    },
    {
      "line": "To the last dime",
      "annotations": {}
    },
    {
      "line": "All my time",
      "annotations": {}
    },
    {
      "line": "On you, on you, on you",
      "annotations": {}
    },
    {
      "line": "Oh oh oh",
      "annotations": {}
    },
    {
      "line": "On you, on you, on you",
      "annotations": {}
    },
    {
      "line": "",
      "annotations": {}
    },
    {
      "line": "[Verse 1]",
      "annotations": {}
    },
    {
      "line": "Time not spent on you",
      "annotations": {}
    },
    {
      "line": "To my last dime",
      "annotations": {}
    },
    {
      "line": "Last dime, i spent on you",
      "annotations": {}
    },
    {
      "line": "Wow",
      "annotations": {}
    },
    {
      "line": "It goes the same way",
      "annotations": {}
    },
    {
      "line": "I applaud this sh t",
      "annotations": {}
    },
    {
      "line": "That virgin way",
      "annotations": {}
    },
    {
      "line": "I’m not evil",
      "annotations": {}
    },
    {
      "line": "What you say you know",
      "annotations": {}
    },
    {
      "line": "It is times, whose the same",
      "annotations": {}
    },
    {
      "line": "You had to go",
      "annotations": {}
    },
    {
      "line": "But i had to fix some plate",
      "annotations": {}
    },
    {
      "line": "Now i’m caught up",
      "annotations": {}
    },
    {
      "line": "In the wordings of the betting",
      "annotations": {}
    },
    {
      "line": "I’m not here",
      "annotations": {}
    },
    {
      "line": "For the courting of the ferreting",
      "annotations": {}
    },
    {
      "line": "And i really know",
      "annotations": {}
    },
    {
      "line": "That it ever goes the samе way",
      "annotations": {}
    },
    {
      "line": "And i really know",
      "annotations": {}
    },
    {
      "line": "How always still",
      "annotations": {}
    },
    {
      "line": "We say the samе thing",
      "annotations": {}
    },
    {
      "line": "Woah",
      "annotations": {}
    },
    {
      "line": "Can we just get it out",
      "annotations": {}
    },
    {
      "line": "Oh",
      "annotations": {}
    },
    {
      "line": "Does it need to end the same",
      "annotations": {}
    },
    {
      "line": "More hire",
      "annotations": {}
    },
    {
      "line": "My love, spent on you, oh",
      "annotations": {}
    },
    {
      "line": "You’re retaining",
      "annotations": {}
    },
    {
      "line": "Pu . . . p ssy",
      "annotations": {}
    },
    {
      "line": "",
      "annotations": {}
    },
    {
      "line": "[Chorus]",
      "annotations": {}
    },
    {
      "line": "To the last dime",
      "annotations": {}
    },
    {
      "line": "To the last dime",
      "annotations": {}
    },
    {
      "line": "On you, on you, on you",
      "annotations": {}
    },
    {
      "line": "My time that’s spent on you",
      "annotations": {}
    },
    {
      "line": "To the last dime",
      "annotations": {}
    },
    {
      "line": "To the last time",
      "annotations": {}
    },
    {
      "line": "On you, on you, on you",
      "annotations": {}
    },
    {
      "line": "My time spent on you",
      "annotations": {}
    },
    {
      "line": "",
      "annotations": {}
    },
    {
      "line": "[Verse 2]",
      "annotations": {}
    },
    {
      "line": "Oh i thought lost you",
      "annotations": {}
    },
    {
      "line": "Oh, i can seem not to get to you",
      "annotations": {}
    },
    {
      "line": "Dree, it is my time",
      "annotations": {}
    },
    {
      "line": "Mine spent on you, on you",
      "annotations": {}
    },
    {
      "line": "To the last dime, i spent",
      "annotations": {}
    },
    {
      "line": "To the last time",
      "annotations": {}
    },
    {
      "line": "On you, on you, on you",
      "annotations": {}
    },
    {
      "line": "My time that i spent on you",
      "annotations": {}
    },
    {
      "line": "To the last dime",
      "annotations": {}
    },
    {
      "line": "To the last time",
      "annotations": {}
    },
    {
      "line": "On you, on you, on you",
      "annotations": {}
    },
    {
      "line": "",
      "annotations": {}
    },
    {
      "line": "[Outro]",
      "annotations": {}
    },
    {
      "line": "Yeah, it’s frith hilton",
      "annotations": {}
    },
    {
      "line": "And i’m out",
      "annotations": {}
    }
  ]
}