{
  "lyrics": [
    {
      "line": "[Intro]",
      "annotations": {
        "Intro": "Annotation for [Intro]"
      }
    },
    {
      "line": "How you gonna tell me",
      "annotations": {}
    },
    {
      "line": "That you need it",
      "annotations": {}
    },
    {
      "line": "How you gonna tell me",
      "annotations": {}
    },
    {
      "line": "That you miss it",
      "annotations": {}
    },
    {
      "line": "How you gonna tell me",
      "annotations": {}
    },
    {
      "line": "That you miss me",
      "annotations": {}
    },
    {
      "line": "How you gonna tell me",
      "annotations": {}
    },
    {
      "line": "That you need it",
      "annotations": {}
    },
    {
      "line": "",
      "annotations": {}
    },
    {
      "line": "[Verse 1]",
      "annotations": {
        "1": "Annotation for 1]",
        "Verse": "Annotation for [Verse"
      }
    },
    {
      "line": "We go through these conversations",
      "annotations": {}
    },
    {
      "line": "I tell you how i feel",
      "annotations": {}
    },
    {
      "line": "You say you missed at the mirror",
      "annotations": {}
    },
    {
      "line": "The way you feel",
      "annotations": {}
    },
    {
      "line": "The hush",
      "annotations": {}
    },
    {
      "line": "All you healed",
      "annotations": {}
    },
    {
      "line": "Mine still stays fettered",
      "annotations": {}
    },
    {
      "line": "Holly’s holocene",
      "annotations": {}
    },
    {
      "line": "We’re fairing",
      "annotations": {}
    },
    {
      "line": "I’m that fairy lean",
      "annotations": {}
    },
    {
      "line": "Fill up, if we’re evading",
      "annotations": {}
    },
    {
      "line": "",
      "annotations": {}
    },
    {
      "line": "[Bridge]",
      "annotations": {
        "Bridge": "Annotation for [Bridge]"
      }
    },
    {
      "line": "Faulting, it’s your forte",
      "annotations": {}
    },
    {
      "line": "",
      "annotations": {}
    },
    {
      "line": "[Chorus]",
      "annotations": {
        "Chorus": "Annotation for [Chorus]"
      }
    },
    {
      "line": "How you gonna tell me",
      "annotations": {}
    },
    {
      "line": "That you need it",
      "annotations": {}
    },
    {
      "line": "Oh h ll",
      "annotations": {}
    },
    {
      "line": "It’s still the same thing",
      "annotations": {}
    },
    {
      "line": "I’ll still say",
      "annotations": {}
    },
    {
      "line": "You are the reason for our fall",
      "annotations": {}
    },
    {
      "line": "How you gonna tell mе",
      "annotations": {}
    },
    {
      "line": "That you need it",
      "annotations": {}
    },
    {
      "line": "Oh h ll",
      "annotations": {}
    },
    {
      "line": "It’s still the same thing",
      "annotations": {}
    },
    {
      "line": "I’ll still say",
      "annotations": {}
    },
    {
      "line": "You arе the reason for our fall",
      "annotations": {}
    }
  ]
}