{
  "lyrics": [
    {
      "line": "[Intro]",
      "annotations": {
        "Intro": "Annotation for [Intro]"
      }
    },
    {
      "line": "Always bout the paper",
      "annotations": {}
    },
    {
      "line": "",
      "annotations": {}
    },
    {
      "line": "[Verse 1]",
      "annotations": {
        "1": "Annotation for 1]",
        "Verse": "Annotation for [Verse"
      }
    },
    {
      "line": "Always by the corners",
      "annotations": {}
    },
    {
      "line": "I ain’t even here yarn with her",
      "annotations": {}
    },
    {
      "line": "Always avoided the corners",
      "annotations": {}
    },
    {
      "line": "N gga that’ll never run it up",
      "annotations": {}
    },
    {
      "line": "Always bout the commas",
      "annotations": {}
    },
    {
      "line": "N gga never round it up",
      "annotations": {}
    },
    {
      "line": "Running to the ceiling",
      "annotations": {}
    },
    {
      "line": "Like never rat it up",
      "annotations": {}
    },
    {
      "line": "Back in town",
      "annotations": {}
    },
    {
      "line": "Run a signal to you",
      "annotations": {}
    },
    {
      "line": "Had her calling me like",
      "annotations": {}
    },
    {
      "line": "N gga i say to you",
      "annotations": {}
    },
    {
      "line": "I ball",
      "annotations": {}
    },
    {
      "line": "You wanna be f cking this sh t",
      "annotations": {}
    },
    {
      "line": "Whoa",
      "annotations": {}
    },
    {
      "line": "I’m still burning smoking this sh t",
      "annotations": {}
    },
    {
      "line": "Whoa",
      "annotations": {}
    },
    {
      "line": "Never called a girl",
      "annotations": {}
    },
    {
      "line": "Dreaming with this sh t whoa",
      "annotations": {}
    },
    {
      "line": "I’m still; one in this sheet",
      "annotations": {}
    },
    {
      "line": "",
      "annotations": {}
    },
    {
      "line": "[?]",
      "annotations": {
        "?": "Annotation for [?]"
      }
    },
    {
      "line": "The way you running to me",
      "annotations": {}
    },
    {
      "line": "I don’t know how you got: i’m a new me",
      "annotations": {}
    },
    {
      "line": "What is it like?",
      "annotations": {}
    },
    {
      "line": "You’re calling in here",
      "annotations": {}
    },
    {
      "line": "Romance, he’s had your years",
      "annotations": {}
    },
    {
      "line": "I’ll be heading this year",
      "annotations": {}
    },
    {
      "line": "Li’l mama is young on that sh t",
      "annotations": {}
    },
    {
      "line": "N gga you’re acting like",
      "annotations": {}
    },
    {
      "line": "They cut the sh t on that sh t",
      "annotations": {}
    },
    {
      "line": "N gga i’m still about this sh t",
      "annotations": {}
    },
    {
      "line": "Going through this cellulite",
      "annotations": {}
    },
    {
      "line": "N ggers figured it out",
      "annotations": {}
    },
    {
      "line": "Freckles on my f cking face",
      "annotations": {}
    },
    {
      "line": "I can see ya",
      "annotations": {}
    },
    {
      "line": "I was f cking with your sm tty face",
      "annotations": {}
    },
    {
      "line": "Everyday ya",
      "annotations": {}
    },
    {
      "line": "N ggers fuel the tank",
      "annotations": {}
    },
    {
      "line": "I’m f cking up like a razor",
      "annotations": {}
    },
    {
      "line": "I’m not even with this sh t",
      "annotations": {}
    },
    {
      "line": "Denim moving",
      "annotations": {}
    },
    {
      "line": "Like a garden",
      "annotations": {}
    },
    {
      "line": "My f cking shirt",
      "annotations": {}
    },
    {
      "line": "Like i ain’t got nothing to stake about",
      "annotations": {}
    },
    {
      "line": "Like holding my manners",
      "annotations": {}
    },
    {
      "line": "I won’t need to beat it",
      "annotations": {}
    },
    {
      "line": "That case sipping",
      "annotations": {}
    },
    {
      "line": "Knack in me",
      "annotations": {}
    },
    {
      "line": "I’m not talking bout this sh t",
      "annotations": {}
    },
    {
      "line": "I’m just writing all my digits",
      "annotations": {}
    },
    {
      "line": "Like n gga that’s my feed",
      "annotations": {}
    },
    {
      "line": "I don’t even give a f ck about n0body but me",
      "annotations": {}
    },
    {
      "line": "Tryna talk to me",
      "annotations": {}
    },
    {
      "line": "You need to f cking live it",
      "annotations": {}
    },
    {
      "line": "Cos i’m cheating my mine",
      "annotations": {}
    },
    {
      "line": "Lurking n ggers they ain’t got a seek in me",
      "annotations": {}
    },
    {
      "line": "Surfing through the f cking tiles like",
      "annotations": {}
    },
    {
      "line": "N gga that’s my dreaming",
      "annotations": {}
    },
    {
      "line": "I’m just f cking cloning on this b tches",
      "annotations": {}
    },
    {
      "line": "While they acting up",
      "annotations": {}
    },
    {
      "line": "I’m not giving . . .",
      "annotations": {}
    },
    {
      "line": "Give her bro (what you even talking about?)",
      "annotations": {}
    },
    {
      "line": "You caught the disease",
      "annotations": {}
    },
    {
      "line": "Count the f cking pieces",
      "annotations": {}
    },
    {
      "line": "Hit you from my heart",
      "annotations": {}
    },
    {
      "line": "And you new n gga that’s the thesis",
      "annotations": {}
    },
    {
      "line": "Oh!",
      "annotations": {}
    },
    {
      "line": "I’m raising all my sh t",
      "annotations": {}
    },
    {
      "line": "And i’m not f cking with n0body but ma . . .",
      "annotations": {}
    },
    {
      "line": "I’m f cking taking this year",
      "annotations": {}
    },
    {
      "line": "Cut it out boy",
      "annotations": {}
    },
    {
      "line": "Cut it out ho",
      "annotations": {}
    },
    {
      "line": "They be trying get me on the tangle",
      "annotations": {}
    },
    {
      "line": "Like cut it out",
      "annotations": {}
    },
    {
      "line": "I’m not stuck in no web",
      "annotations": {}
    },
    {
      "line": "I’m just stuck in a recess",
      "annotations": {}
    },
    {
      "line": "Like i’m trying get my mission;",
      "annotations": {}
    },
    {
      "line": "Distance from y’all motherf ckers",
      "annotations": {}
    },
    {
      "line": "Tryna get me",
      "annotations": {}
    },
    {
      "line": "Sit on a f cking motherf cker",
      "annotations": {}
    },
    {
      "line": "Like pretence",
      "annotations": {}
    },
    {
      "line": "What you talking about?",
      "annotations": {}
    },
    {
      "line": "I never even gave a f ck",
      "annotations": {}
    },
    {
      "line": "I’m just tryna calm my f cking mind",
      "annotations": {}
    },
    {
      "line": "Like n gga aced the sea",
      "annotations": {}
    },
    {
      "line": "For your milk still stuck on ibiza",
      "annotations": {}
    },
    {
      "line": "Ibiza . . . ibiza",
      "annotations": {}
    },
    {
      "line": "F ck a n gga abuse her",
      "annotations": {}
    },
    {
      "line": "(scoffing)",
      "annotations": {}
    },
    {
      "line": "N gga i’m not talking about you",
      "annotations": {}
    },
    {
      "line": "I’m just tryna f ck with my mind up your sh t yeah?",
      "annotations": {}
    },
    {
      "line": "I’ll be in the place with my vein so popped out",
      "annotations": {}
    },
    {
      "line": "N gga i’ll be in this place",
      "annotations": {}
    },
    {
      "line": "Cutting it off",
      "annotations": {}
    },
    {
      "line": "Yeah",
      "annotations": {}
    },
    {
      "line": "(huffing)",
      "annotations": {}
    }
  ]
}