{
  "lyrics": [
    {
      "line": "[Verse 1]",
      "annotations": {
        "1": "Annotation for 1]",
        "Verse": "Annotation for [Verse"
      }
    },
    {
      "line": "All you ever say in the movie you’re in",
      "annotations": {}
    },
    {
      "line": "My pain won’t go away",
      "annotations": {}
    },
    {
      "line": "Forgive me, a night owl",
      "annotations": {}
    },
    {
      "line": "Heavy whee when you’re now",
      "annotations": {}
    },
    {
      "line": "(when you’re now)",
      "annotations": {}
    },
    {
      "line": "Truly yours, it’s true that you’re real",
      "annotations": {}
    },
    {
      "line": "(that you’re real)",
      "annotations": {}
    },
    {
      "line": "If this is heaven",
      "annotations": {}
    },
    {
      "line": "Then we’re here",
      "annotations": {}
    },
    {
      "line": "Really he’s truly rich",
      "annotations": {}
    },
    {
      "line": "Are you mad?",
      "annotations": {}
    },
    {
      "line": "You’ve never been",
      "annotations": {}
    },
    {
      "line": "",
      "annotations": {}
    },
    {
      "line": "[Chorus]",
      "annotations": {
        "Chorus": "Annotation for [Chorus]"
      }
    },
    {
      "line": "My emotions are over, over",
      "annotations": {}
    },
    {
      "line": "My emotions are over",
      "annotations": {}
    },
    {
      "line": "Over me",
      "annotations": {}
    },
    {
      "line": "",
      "annotations": {}
    },
    {
      "line": "[Verse 2]",
      "annotations": {
        "2": "Annotation for 2]",
        "Verse": "Annotation for [Verse"
      }
    },
    {
      "line": "Flair, a day in the rear",
      "annotations": {}
    },
    {
      "line": "Thesе words, a doorway",
      "annotations": {}
    },
    {
      "line": "To my life",
      "annotations": {}
    },
    {
      "line": "I can’t be herе, nothing more",
      "annotations": {}
    },
    {
      "line": "(nothing more)",
      "annotations": {}
    },
    {
      "line": "I can’t sell nothing over this",
      "annotations": {}
    },
    {
      "line": "(nothing over this)",
      "annotations": {}
    },
    {
      "line": "My heart, my love",
      "annotations": {}
    },
    {
      "line": "I lean on the books you’re on",
      "annotations": {}
    }
  ]
}