{
  "lyrics": [
    {
      "line": "[Intro]",
      "annotations": {
        "Intro": "Annotation for [Intro]"
      }
    },
    {
      "line": "Fresh boy chilling",
      "annotations": {}
    },
    {
      "line": "Billie jean is not my lover",
      "annotations": {}
    },
    {
      "line": "Billie jean is not my lover",
      "annotations": {}
    },
    {
      "line": "She’s got to go",
      "annotations": {}
    },
    {
      "line": "She’s got to go",
      "annotations": {}
    },
    {
      "line": "Billie jean is not my lover",
      "annotations": {}
    },
    {
      "line": "",
      "annotations": {}
    },
    {
      "line": "[Verse 1]",
      "annotations": {
        "1": "Annotation for 1]",
        "Verse": "Annotation for [Verse"
      }
    },
    {
      "line": "I wake up in the morning",
      "annotations": {}
    },
    {
      "line": "And i take a selfie",
      "annotations": {}
    },
    {
      "line": "The sun is at the back",
      "annotations": {}
    },
    {
      "line": "And a bird is smiling",
      "annotations": {}
    },
    {
      "line": "I don’t hear voices",
      "annotations": {}
    },
    {
      "line": "I think it’s boring",
      "annotations": {}
    },
    {
      "line": "It’s boring",
      "annotations": {}
    },
    {
      "line": "Back in the ghetto",
      "annotations": {}
    },
    {
      "line": "D mn, i had so much fun",
      "annotations": {}
    },
    {
      "line": "All the ladies screaming",
      "annotations": {}
    },
    {
      "line": "Like where is the fun",
      "annotations": {}
    },
    {
      "line": "D mn, the males they be hanging",
      "annotations": {}
    },
    {
      "line": "Where it’s wrong",
      "annotations": {}
    },
    {
      "line": "I be acting like i don’t gift",
      "annotations": {}
    },
    {
      "line": "I’m just fronting",
      "annotations": {}
    },
    {
      "line": "",
      "annotations": {}
    },
    {
      "line": "[Verse 2]",
      "annotations": {
        "2": "Annotation for 2]",
        "Verse": "Annotation for [Verse"
      }
    },
    {
      "line": "Money on my mind",
      "annotations": {}
    },
    {
      "line": "I don’t give a f ck",
      "annotations": {}
    },
    {
      "line": "It’s my life",
      "annotations": {}
    },
    {
      "line": "And i write hеre",
      "annotations": {}
    },
    {
      "line": "They acting like thеy know what it’s about",
      "annotations": {}
    },
    {
      "line": "I say they’re just fumbling",
      "annotations": {}
    },
    {
      "line": "Winnow, get it off",
      "annotations": {}
    },
    {
      "line": "I say, no! it’s my turf",
      "annotations": {}
    },
    {
      "line": "Walking with my legs",
      "annotations": {}
    },
    {
      "line": "Like it’s for fun",
      "annotations": {}
    },
    {
      "line": "Even on a holiday",
      "annotations": {}
    },
    {
      "line": "I go for my walks",
      "annotations": {}
    },
    {
      "line": "D mn, i love it",
      "annotations": {}
    },
    {
      "line": "I can’t deny it",
      "annotations": {}
    },
    {
      "line": "Bet this saying falls right to lorn",
      "annotations": {}
    },
    {
      "line": "Now i’m feeling like i got a million pounds",
      "annotations": {}
    },
    {
      "line": "Who would fuss",
      "annotations": {}
    },
    {
      "line": "Gonna get me out of this mood",
      "annotations": {}
    },
    {
      "line": "Not you, not me",
      "annotations": {}
    },
    {
      "line": "Not anybody who’s about my stacks",
      "annotations": {}
    },
    {
      "line": "Yeah, we got it right",
      "annotations": {}
    },
    {
      "line": "Not you, not me",
      "annotations": {}
    },
    {
      "line": "Not anybody say who’s about their racks",
      "annotations": {}
    },
    {
      "line": "Tryna get it up",
      "annotations": {}
    },
    {
      "line": "",
      "annotations": {}
    },
    {
      "line": "[Verse 3]",
      "annotations": {
        "3": "Annotation for 3]",
        "Verse": "Annotation for [Verse"
      }
    },
    {
      "line": "I am with the club",
      "annotations": {}
    },
    {
      "line": "I am with the rub",
      "annotations": {}
    },
    {
      "line": "You can rob my heart",
      "annotations": {}
    },
    {
      "line": "I can never take it back",
      "annotations": {}
    },
    {
      "line": "I am about the store",
      "annotations": {}
    },
    {
      "line": "Yeah, i put it in my nose if it is fresh",
      "annotations": {}
    },
    {
      "line": "And i take no least",
      "annotations": {}
    },
    {
      "line": "I’m just hanging with the best rush",
      "annotations": {}
    },
    {
      "line": "(billie jean is not my lover)",
      "annotations": {}
    },
    {
      "line": "She’s holy, wants to put it in my inbox",
      "annotations": {}
    },
    {
      "line": "(billie jean is not my lover)",
      "annotations": {}
    },
    {
      "line": "I told her, it is no love",
      "annotations": {}
    },
    {
      "line": "That’s my girl",
      "annotations": {}
    },
    {
      "line": "Hana mahmood",
      "annotations": {}
    }
  ]
}