{
  "lyrics": [
    {
      "line": "[Verse 1]",
      "annotations": {
        "1": "Annotation for 1]",
        "Verse": "Annotation for [Verse"
      }
    },
    {
      "line": "Can tell you ache",
      "annotations": {}
    },
    {
      "line": "Pale in your head",
      "annotations": {}
    },
    {
      "line": "We get this",
      "annotations": {}
    },
    {
      "line": "Pray you will get",
      "annotations": {}
    },
    {
      "line": "The tale you don’t owe us",
      "annotations": {}
    },
    {
      "line": "Pay you a visit",
      "annotations": {}
    },
    {
      "line": "When i’m down",
      "annotations": {}
    },
    {
      "line": "I still believe in",
      "annotations": {}
    },
    {
      "line": "With you at least",
      "annotations": {}
    },
    {
      "line": "I’m saying it ain’t fair",
      "annotations": {}
    },
    {
      "line": "Wherever you go",
      "annotations": {}
    },
    {
      "line": "My heart, my sorrow corral your air",
      "annotations": {}
    },
    {
      "line": "Are you paying the luck a visit",
      "annotations": {}
    },
    {
      "line": "Take the preordained mile in",
      "annotations": {}
    },
    {
      "line": "Spanner we’re not toying",
      "annotations": {}
    },
    {
      "line": "Pair nah now?",
      "annotations": {}
    },
    {
      "line": "No one now",
      "annotations": {}
    },
    {
      "line": "Not now",
      "annotations": {}
    },
    {
      "line": "No one now",
      "annotations": {}
    },
    {
      "line": "No, not now",
      "annotations": {}
    },
    {
      "line": "Not when we are now",
      "annotations": {}
    },
    {
      "line": "",
      "annotations": {}
    },
    {
      "line": "[Chorus]",
      "annotations": {
        "Chorus": "Annotation for [Chorus]"
      }
    },
    {
      "line": "With this heart of mine",
      "annotations": {}
    },
    {
      "line": "Feeling like a honey in my house",
      "annotations": {}
    },
    {
      "line": "Singing along the line",
      "annotations": {}
    },
    {
      "line": "Till you are ovеr here",
      "annotations": {}
    },
    {
      "line": "I’ll give it all i’vе got",
      "annotations": {}
    },
    {
      "line": "And noticing near foe",
      "annotations": {}
    },
    {
      "line": "Her day in the ache",
      "annotations": {}
    },
    {
      "line": "Her push for",
      "annotations": {}
    },
    {
      "line": "",
      "annotations": {}
    },
    {
      "line": "[Verse 2]",
      "annotations": {
        "2": "Annotation for 2]",
        "Verse": "Annotation for [Verse"
      }
    },
    {
      "line": "Living, i am",
      "annotations": {}
    },
    {
      "line": "Ya’ll tube, oh ham",
      "annotations": {}
    },
    {
      "line": "Your tube, oh i am",
      "annotations": {}
    },
    {
      "line": "Been so, i am",
      "annotations": {}
    },
    {
      "line": "Pinning no hurt",
      "annotations": {}
    },
    {
      "line": "Pinning all these jams",
      "annotations": {}
    },
    {
      "line": "No avert",
      "annotations": {}
    },
    {
      "line": "To all for the rare",
      "annotations": {}
    },
    {
      "line": "K!lling not his channel",
      "annotations": {}
    },
    {
      "line": "Paying no hurt",
      "annotations": {}
    },
    {
      "line": "Soul way, all for it",
      "annotations": {}
    },
    {
      "line": "To fail in your waist on you",
      "annotations": {}
    },
    {
      "line": "Wondering how do i get through it",
      "annotations": {}
    },
    {
      "line": "I’ll rest through it",
      "annotations": {}
    },
    {
      "line": "How i go through it",
      "annotations": {}
    },
    {
      "line": "Pale, that’s not my girl",
      "annotations": {}
    },
    {
      "line": "Pale, lit, that’s how i’ma leave it",
      "annotations": {}
    },
    {
      "line": "You’ve touched me",
      "annotations": {}
    },
    {
      "line": "You are coming to know our home",
      "annotations": {}
    }
  ]
}