{
  "lyrics": [
    {
      "line": "[Chorus]",
      "annotations": {
        "Chorus": "Annotation for [Chorus]"
      }
    },
    {
      "line": "She’ll never know how the story goes",
      "annotations": {}
    },
    {
      "line": "Neckpiece for a cuddle yo",
      "annotations": {}
    },
    {
      "line": "Paint me with a crayon",
      "annotations": {}
    },
    {
      "line": "Leave me for the patio",
      "annotations": {}
    },
    {
      "line": "She’ll never know how the story goes",
      "annotations": {}
    },
    {
      "line": "Neckpiece for a cuddle yo",
      "annotations": {}
    },
    {
      "line": "Paint me with a crayon",
      "annotations": {}
    },
    {
      "line": "Leave me for the patio",
      "annotations": {}
    },
    {
      "line": "Party ho",
      "annotations": {}
    },
    {
      "line": "",
      "annotations": {}
    },
    {
      "line": "[Verse 1]",
      "annotations": {
        "1": "Annotation for 1]",
        "Verse": "Annotation for [Verse"
      }
    },
    {
      "line": "She got me so messed up",
      "annotations": {}
    },
    {
      "line": "I’ve been drinking",
      "annotations": {}
    },
    {
      "line": "I can’t get enough",
      "annotations": {}
    },
    {
      "line": "Listless, i’ve been losing my vision",
      "annotations": {}
    },
    {
      "line": "Shut off!",
      "annotations": {}
    },
    {
      "line": "Isn’t it tough love?",
      "annotations": {}
    },
    {
      "line": "On a sunday",
      "annotations": {}
    },
    {
      "line": "I’ll be a stowaway onto the next day",
      "annotations": {}
    },
    {
      "line": "Like drawings madе of stencils",
      "annotations": {}
    },
    {
      "line": "Got me stuck on her shoеs",
      "annotations": {}
    },
    {
      "line": "Like which do i choose",
      "annotations": {}
    },
    {
      "line": "I can’t get it right",
      "annotations": {}
    },
    {
      "line": "Feels like i just popped a xanax",
      "annotations": {}
    },
    {
      "line": "While i am stuck pondering why i am nervous",
      "annotations": {}
    },
    {
      "line": "Still lost in my task",
      "annotations": {}
    },
    {
      "line": "Above, is how i accost lover",
      "annotations": {}
    },
    {
      "line": "Trimming the silver lining",
      "annotations": {}
    },
    {
      "line": "Sheaving my eve finales",
      "annotations": {}
    },
    {
      "line": "",
      "annotations": {}
    },
    {
      "line": "[Bridge]",
      "annotations": {
        "Bridge": "Annotation for [Bridge]"
      }
    },
    {
      "line": "I’m not my own",
      "annotations": {}
    },
    {
      "line": "When you got that grip on me",
      "annotations": {}
    },
    {
      "line": "I’m not my own",
      "annotations": {}
    },
    {
      "line": "I’m not my own",
      "annotations": {}
    },
    {
      "line": "When you got that grip on me",
      "annotations": {}
    },
    {
      "line": "I’m not my own",
      "annotations": {}
    },
    {
      "line": "",
      "annotations": {}
    },
    {
      "line": "[Chorus]",
      "annotations": {
        "Chorus": "Annotation for [Chorus]"
      }
    },
    {
      "line": "She’ll never know how the story goes",
      "annotations": {}
    },
    {
      "line": "Neckpiece for a cuddle yo",
      "annotations": {}
    },
    {
      "line": "Paint me with a crayon",
      "annotations": {}
    },
    {
      "line": "Leave me for the patio",
      "annotations": {}
    },
    {
      "line": "Party ho",
      "annotations": {}
    },
    {
      "line": "She’ll never know how the story goes",
      "annotations": {}
    },
    {
      "line": "Neckpiece for a cuddle yo",
      "annotations": {}
    },
    {
      "line": "Paint me with a crayon",
      "annotations": {}
    },
    {
      "line": "Leave me for the patio",
      "annotations": {}
    },
    {
      "line": "Party ho",
      "annotations": {}
    }
  ]
}