{
  "lyrics": [
    {
      "line": "[Intro]",
      "annotations": {}
    },
    {
      "line": "You know it’s ordained",
      "annotations": {}
    },
    {
      "line": "Come ma",
      "annotations": {}
    },
    {
      "line": "Deny, thinner hang",
      "annotations": {}
    },
    {
      "line": "You know i’m for something",
      "annotations": {}
    },
    {
      "line": "Some thing",
      "annotations": {}
    },
    {
      "line": "Chew man, chi man chew manna",
      "annotations": {}
    },
    {
      "line": "",
      "annotations": {}
    },
    {
      "line": "[Chorus]",
      "annotations": {}
    },
    {
      "line": "Chumps knocking on my door",
      "annotations": {}
    },
    {
      "line": "We ain’t never stopping",
      "annotations": {}
    },
    {
      "line": "Oh, my love on you",
      "annotations": {}
    },
    {
      "line": "The door is never going",
      "annotations": {}
    },
    {
      "line": "My love are you here?",
      "annotations": {}
    },
    {
      "line": "My love are you there?",
      "annotations": {}
    },
    {
      "line": "",
      "annotations": {}
    },
    {
      "line": "[Verse 1]",
      "annotations": {}
    },
    {
      "line": "The talking now sh t",
      "annotations": {}
    },
    {
      "line": "They are going around",
      "annotations": {}
    },
    {
      "line": "They saying we don’t get it",
      "annotations": {}
    },
    {
      "line": "Do we ever do?",
      "annotations": {}
    },
    {
      "line": "I’m not sure",
      "annotations": {}
    },
    {
      "line": "Do we ever do?",
      "annotations": {}
    },
    {
      "line": "Do we ever do?",
      "annotations": {}
    },
    {
      "line": "Do we ever do?",
      "annotations": {}
    },
    {
      "line": "And living likе we eden",
      "annotations": {}
    },
    {
      "line": "No, we nеver say it",
      "annotations": {}
    },
    {
      "line": "No, you don’t have a say here",
      "annotations": {}
    },
    {
      "line": "I’m maven up, i’m with eden",
      "annotations": {}
    },
    {
      "line": "Oh, you never say it",
      "annotations": {}
    },
    {
      "line": "No, you don’t have a say here",
      "annotations": {}
    },
    {
      "line": "",
      "annotations": {}
    },
    {
      "line": "[Bridge]",
      "annotations": {}
    },
    {
      "line": "Don’t bring me down",
      "annotations": {}
    },
    {
      "line": "My soul; bleeding heart",
      "annotations": {}
    },
    {
      "line": "Don’t bring me down",
      "annotations": {}
    },
    {
      "line": "My heart and soul reeling",
      "annotations": {}
    },
    {
      "line": "",
      "annotations": {}
    },
    {
      "line": "[Chorus 2]",
      "annotations": {}
    },
    {
      "line": "Chumps knocking on my door",
      "annotations": {}
    },
    {
      "line": "We ain’t never stopping",
      "annotations": {}
    },
    {
      "line": "Calling on my sword",
      "annotations": {}
    },
    {
      "line": "I ain’t ever . . . it’s loving",
      "annotations": {}
    },
    {
      "line": "All on me, this is in me now",
      "annotations": {}
    },
    {
      "line": "All my liaison in your thin",
      "annotations": {}
    },
    {
      "line": "",
      "annotations": {}
    },
    {
      "line": "[Verse 2]",
      "annotations": {}
    },
    {
      "line": "Whoa",
      "annotations": {}
    },
    {
      "line": "Pauline, pauline",
      "annotations": {}
    },
    {
      "line": "You know i’m in",
      "annotations": {}
    },
    {
      "line": "Boo, you’re up",
      "annotations": {}
    },
    {
      "line": "Leaning, pauline inure",
      "annotations": {}
    },
    {
      "line": "Couldn’t breathe",
      "annotations": {}
    },
    {
      "line": "Frith you done?",
      "annotations": {}
    },
    {
      "line": "Chilling in the brahma",
      "annotations": {}
    },
    {
      "line": "Individual when he run",
      "annotations": {}
    },
    {
      "line": "She’s your being",
      "annotations": {}
    },
    {
      "line": "Eyeing her head on",
      "annotations": {}
    },
    {
      "line": "Chilling in the run",
      "annotations": {}
    },
    {
      "line": "Healing, when will you see me now?",
      "annotations": {}
    },
    {
      "line": "",
      "annotations": {}
    },
    {
      "line": "[Bridge 2]",
      "annotations": {}
    },
    {
      "line": "Tell me you’re knee down",
      "annotations": {}
    },
    {
      "line": "With her, it’s sunny",
      "annotations": {}
    },
    {
      "line": "Don’t bring me down",
      "annotations": {}
    },
    {
      "line": "My heart is sodden",
      "annotations": {}
    },
    {
      "line": "",
      "annotations": {}
    },
    {
      "line": "[Chorus 3]",
      "annotations": {}
    },
    {
      "line": "Someone knocking on the door",
      "annotations": {}
    },
    {
      "line": "We ain’t never stopping",
      "annotations": {}
    },
    {
      "line": "Dome pauline",
      "annotations": {}
    },
    {
      "line": "We in, we ain’t never",
      "annotations": {}
    },
    {
      "line": "We’re kn bbing",
      "annotations": {}
    },
    {
      "line": "Wrote you a new, new one",
      "annotations": {}
    },
    {
      "line": "No inane",
      "annotations": {}
    },
    {
      "line": "",
      "annotations": {}
    },
    {
      "line": "[Outro]",
      "annotations": {}
    },
    {
      "line": "Something like that you know",
      "annotations": {}
    },
    {
      "line": "Alright i like that",
      "annotations": {}
    }
  ]
}