{
  "lyrics": [
    {
      "line": "[Intro]",
      "annotations": {
        "Intro": "Annotation for [Intro]"
      }
    },
    {
      "line": "Pain on me",
      "annotations": {}
    },
    {
      "line": "Paying only you",
      "annotations": {}
    },
    {
      "line": "It’s pain on the mortal",
      "annotations": {}
    },
    {
      "line": "Pain on the whirl",
      "annotations": {}
    },
    {
      "line": "A mole, a little add on",
      "annotations": {}
    },
    {
      "line": "Modding my nerve in",
      "annotations": {}
    },
    {
      "line": "",
      "annotations": {}
    },
    {
      "line": "[Verse 1]",
      "annotations": {
        "1": "Annotation for 1]",
        "Verse": "Annotation for [Verse"
      }
    },
    {
      "line": "Attraction will cost you",
      "annotations": {}
    },
    {
      "line": "Pardon if i say it again",
      "annotations": {}
    },
    {
      "line": "My heart robe don’t swathe",
      "annotations": {}
    },
    {
      "line": "Fanning to my loss",
      "annotations": {}
    },
    {
      "line": "Growing heat",
      "annotations": {}
    },
    {
      "line": "In the turf under her love",
      "annotations": {}
    },
    {
      "line": "Frozen pole with a burning heart",
      "annotations": {}
    },
    {
      "line": "Animal for peace with the city",
      "annotations": {}
    },
    {
      "line": "Beauty on her for the disparity",
      "annotations": {}
    },
    {
      "line": "Say it’s the animosity",
      "annotations": {}
    },
    {
      "line": "Before i go; clear my cache",
      "annotations": {}
    },
    {
      "line": "Get the winding up and start again",
      "annotations": {}
    },
    {
      "line": "",
      "annotations": {}
    },
    {
      "line": "[Bridge]",
      "annotations": {
        "Bridge": "Annotation for [Bridge]"
      }
    },
    {
      "line": "How we roll, every vroom",
      "annotations": {}
    },
    {
      "line": "Every lap remaining",
      "annotations": {}
    },
    {
      "line": "Alley in tow",
      "annotations": {}
    },
    {
      "line": "Lilo float",
      "annotations": {}
    },
    {
      "line": "Who is letting bane",
      "annotations": {}
    },
    {
      "line": "",
      "annotations": {}
    },
    {
      "line": "[Chorus]",
      "annotations": {
        "Chorus": "Annotation for [Chorus]"
      }
    },
    {
      "line": "Pain on me",
      "annotations": {}
    },
    {
      "line": "Paying only you",
      "annotations": {}
    },
    {
      "line": "It’s pain on the mortal",
      "annotations": {}
    },
    {
      "line": "It’s pain on the whirl",
      "annotations": {}
    },
    {
      "line": "",
      "annotations": {}
    },
    {
      "line": "[Verse 2]",
      "annotations": {
        "2": "Annotation for 2]",
        "Verse": "Annotation for [Verse"
      }
    },
    {
      "line": "I don’t really get it these days",
      "annotations": {}
    },
    {
      "line": "I feel like i’m turning another pain this phase",
      "annotations": {}
    },
    {
      "line": "Doesn’t matter what i say; this heinous",
      "annotations": {}
    },
    {
      "line": "I’m still locking my vein away",
      "annotations": {}
    },
    {
      "line": "Make it what i do cause it this bleak",
      "annotations": {}
    },
    {
      "line": "In a lodging crease, along comes the mischief",
      "annotations": {}
    },
    {
      "line": "",
      "annotations": {}
    },
    {
      "line": "[Bridge 2]",
      "annotations": {
        "2": "Annotation for 2]",
        "Bridge": "Annotation for [Bridge"
      }
    },
    {
      "line": "How we roll, every vroom",
      "annotations": {}
    },
    {
      "line": "Every lap remaining",
      "annotations": {}
    },
    {
      "line": "Alley in tow",
      "annotations": {}
    },
    {
      "line": "Lilo float",
      "annotations": {}
    },
    {
      "line": "Who is letting bane",
      "annotations": {}
    },
    {
      "line": "Who is letting bane",
      "annotations": {}
    },
    {
      "line": "Ever not wrong",
      "annotations": {}
    },
    {
      "line": "Ever not home",
      "annotations": {}
    },
    {
      "line": "",
      "annotations": {}
    },
    {
      "line": "[Verse 3]",
      "annotations": {
        "3": "Annotation for 3]",
        "Verse": "Annotation for [Verse"
      }
    },
    {
      "line": "No brainer, you soup the pain",
      "annotations": {}
    },
    {
      "line": "Have your little toms all ready",
      "annotations": {}
    },
    {
      "line": "Beating on my heart",
      "annotations": {}
    },
    {
      "line": "They will never love again",
      "annotations": {}
    },
    {
      "line": "Heaven won’t let my heart in",
      "annotations": {}
    },
    {
      "line": "I’m not in for the numbing",
      "annotations": {}
    },
    {
      "line": "Who do you lie to",
      "annotations": {}
    },
    {
      "line": "Mood to tell",
      "annotations": {}
    },
    {
      "line": "Beauty on her for the disparity",
      "annotations": {}
    },
    {
      "line": "Say it’s the animosity",
      "annotations": {}
    },
    {
      "line": "Before i go; clear my cache",
      "annotations": {}
    },
    {
      "line": "Get the winding up and start again",
      "annotations": {}
    },
    {
      "line": "",
      "annotations": {}
    },
    {
      "line": "[Bridge]",
      "annotations": {
        "Bridge": "Annotation for [Bridge]"
      }
    },
    {
      "line": "How we roll, every vroom",
      "annotations": {}
    },
    {
      "line": "Every lap remaining",
      "annotations": {}
    },
    {
      "line": "Alley in tow",
      "annotations": {}
    },
    {
      "line": "Lilo float",
      "annotations": {}
    },
    {
      "line": "Who is letting bane",
      "annotations": {}
    },
    {
      "line": "",
      "annotations": {}
    },
    {
      "line": "[Chorus]",
      "annotations": {
        "Chorus": "Annotation for [Chorus]"
      }
    },
    {
      "line": "Pain on me",
      "annotations": {}
    },
    {
      "line": "Paying only you",
      "annotations": {}
    },
    {
      "line": "It’s pain on the mortal",
      "annotations": {}
    },
    {
      "line": "It’s pain on the whirl",
      "annotations": {}
    }
  ]
}