{
  "lyrics": [
    {
      "line": "[Intro]",
      "annotations": {}
    },
    {
      "line": "The gang!",
      "annotations": {}
    },
    {
      "line": "I and taylor got this, you know",
      "annotations": {}
    },
    {
      "line": "We always you know did",
      "annotations": {}
    },
    {
      "line": "And we . . . we are not moving for anyone",
      "annotations": {}
    },
    {
      "line": "Yeah!",
      "annotations": {}
    },
    {
      "line": "And i’m still . . . i’m still vain as sh t",
      "annotations": {}
    },
    {
      "line": "But how can i ever not be vain?",
      "annotations": {}
    },
    {
      "line": "Have you ever seen these girls in front of their vanity?",
      "annotations": {}
    },
    {
      "line": "It’s a direct mirror man",
      "annotations": {}
    },
    {
      "line": "",
      "annotations": {}
    },
    {
      "line": "[Verse 1]",
      "annotations": {}
    },
    {
      "line": "Eh!",
      "annotations": {}
    },
    {
      "line": "I’m still hanging with this enemies",
      "annotations": {}
    },
    {
      "line": "Acting like i never took offence in means",
      "annotations": {}
    },
    {
      "line": "And get this sh t right",
      "annotations": {}
    },
    {
      "line": "It’s all about the ctrl",
      "annotations": {}
    },
    {
      "line": "My girl paint the city red",
      "annotations": {}
    },
    {
      "line": "But that’s fine by me",
      "annotations": {}
    },
    {
      "line": "I’m tryna go for the d mn charts",
      "annotations": {}
    },
    {
      "line": "Not tryna be another pock so cool liquor",
      "annotations": {}
    },
    {
      "line": "But that don’t mean i’m not a better talker",
      "annotations": {}
    },
    {
      "line": "I just told a girl i’ma hit her with the cuff",
      "annotations": {}
    },
    {
      "line": "I’m taking her homе",
      "annotations": {}
    },
    {
      "line": "Ain’t n0body telling me when it is my domе",
      "annotations": {}
    },
    {
      "line": "It’s required",
      "annotations": {}
    },
    {
      "line": "So i told her",
      "annotations": {}
    },
    {
      "line": "Every other cent i’ma spend gonna be on that cheddar lover",
      "annotations": {}
    },
    {
      "line": "Corny my funny nova",
      "annotations": {}
    },
    {
      "line": "So back that real lovers",
      "annotations": {}
    },
    {
      "line": "And they say that i spend time out of the covers",
      "annotations": {}
    },
    {
      "line": "But i only had time for that real loving loving eh!",
      "annotations": {}
    },
    {
      "line": "It’s trifle with these words",
      "annotations": {}
    },
    {
      "line": "It’s a power cable how i feel in these clothes",
      "annotations": {}
    },
    {
      "line": "But that’s better",
      "annotations": {}
    },
    {
      "line": "It’s better than acting with no f cking socks",
      "annotations": {}
    },
    {
      "line": "I remember when we started on twitter",
      "annotations": {}
    },
    {
      "line": "Tweeting cos i was lost lost in the d mn ways of the world",
      "annotations": {}
    },
    {
      "line": "And its strange grace",
      "annotations": {}
    },
    {
      "line": "So i took my loss and i put it on my face",
      "annotations": {}
    },
    {
      "line": "Told the girl",
      "annotations": {}
    },
    {
      "line": "I’ma be better",
      "annotations": {}
    },
    {
      "line": "I’ma be there when it’s cold",
      "annotations": {}
    },
    {
      "line": "When the movies don’t let us get it covered",
      "annotations": {}
    },
    {
      "line": "And now i’m acting like i got corona answering my questions",
      "annotations": {}
    },
    {
      "line": "But stop that sh t",
      "annotations": {}
    },
    {
      "line": "It’s for a feature",
      "annotations": {}
    },
    {
      "line": "Said she could be siri",
      "annotations": {}
    },
    {
      "line": "I just need to ask the questions",
      "annotations": {}
    },
    {
      "line": "Eh!",
      "annotations": {}
    },
    {
      "line": "Lover lover",
      "annotations": {}
    },
    {
      "line": "Lover lover",
      "annotations": {}
    },
    {
      "line": "Lover lover",
      "annotations": {}
    },
    {
      "line": "Yeah",
      "annotations": {}
    },
    {
      "line": "I write these words",
      "annotations": {}
    },
    {
      "line": "It’s feeling like a shelf",
      "annotations": {}
    },
    {
      "line": "I write these talk",
      "annotations": {}
    },
    {
      "line": "I’m feeling like a poet",
      "annotations": {}
    },
    {
      "line": "I’m feeling myself",
      "annotations": {}
    },
    {
      "line": "It’s never gone best",
      "annotations": {}
    },
    {
      "line": "And i’m still on this sh t",
      "annotations": {}
    },
    {
      "line": "Get the rest",
      "annotations": {}
    },
    {
      "line": "It’s so much waiting around here",
      "annotations": {}
    },
    {
      "line": "It’s rile gout season",
      "annotations": {}
    },
    {
      "line": "But i had it written there",
      "annotations": {}
    },
    {
      "line": "And my solve . . . on there there’s railing there",
      "annotations": {}
    },
    {
      "line": "Yeah, yeah. uh",
      "annotations": {}
    },
    {
      "line": "It’s radiation the water i’m drinking",
      "annotations": {}
    },
    {
      "line": "I’m feeling like i’m at the bed",
      "annotations": {}
    },
    {
      "line": "I’m all tied up",
      "annotations": {}
    },
    {
      "line": "Required for no loving",
      "annotations": {}
    },
    {
      "line": "But n0body is coming to save me",
      "annotations": {}
    },
    {
      "line": "But she came and told me",
      "annotations": {}
    },
    {
      "line": "Eh! girl, boy",
      "annotations": {}
    }
  ]
}