{
  "lyrics": [
    {
      "line": "[Chorus]",
      "annotations": {
        "Chorus": "Annotation for [Chorus]"
      }
    },
    {
      "line": "And she thinks",
      "annotations": {}
    },
    {
      "line": "I’m slovenly",
      "annotations": {}
    },
    {
      "line": "When it comes to loving",
      "annotations": {}
    },
    {
      "line": "My drums don’t beat",
      "annotations": {}
    },
    {
      "line": "To the odyssey",
      "annotations": {}
    },
    {
      "line": "It’s all puffing",
      "annotations": {}
    },
    {
      "line": "And do you say",
      "annotations": {}
    },
    {
      "line": "Truant heart leaves you longing",
      "annotations": {}
    },
    {
      "line": "In my love",
      "annotations": {}
    },
    {
      "line": "It sucks to conquering",
      "annotations": {}
    },
    {
      "line": "Wanna hit it like",
      "annotations": {}
    },
    {
      "line": "Talking, talking",
      "annotations": {}
    },
    {
      "line": "Wanna hit it like",
      "annotations": {}
    },
    {
      "line": "Playing, playing girl",
      "annotations": {}
    },
    {
      "line": "Wanna hit it like",
      "annotations": {}
    },
    {
      "line": "Loving, loving",
      "annotations": {}
    },
    {
      "line": "Wanna hit it like",
      "annotations": {}
    },
    {
      "line": "",
      "annotations": {}
    },
    {
      "line": "[Bridge]",
      "annotations": {
        "Bridge": "Annotation for [Bridge]"
      }
    },
    {
      "line": "Do you feel . . . (loving you)",
      "annotations": {}
    },
    {
      "line": "How i feel",
      "annotations": {}
    },
    {
      "line": "When you go all the way (oh whoa oh)",
      "annotations": {}
    },
    {
      "line": "",
      "annotations": {}
    },
    {
      "line": "[Verse 1]",
      "annotations": {
        "1": "Annotation for 1]",
        "Verse": "Annotation for [Verse"
      }
    },
    {
      "line": "Breathing",
      "annotations": {}
    },
    {
      "line": "Want your love",
      "annotations": {}
    },
    {
      "line": "Got me faded",
      "annotations": {}
    },
    {
      "line": "I can’t wait (can’t wait)",
      "annotations": {}
    },
    {
      "line": "I can’t wait (can’t wait)",
      "annotations": {}
    },
    {
      "line": "Waiting on your love",
      "annotations": {}
    },
    {
      "line": "Got me faded",
      "annotations": {}
    },
    {
      "line": "I can’t wait (fading)",
      "annotations": {}
    },
    {
      "line": "I can’t wait",
      "annotations": {}
    },
    {
      "line": "Oh oh oh oh oh",
      "annotations": {}
    },
    {
      "line": "At to me like",
      "annotations": {}
    },
    {
      "line": "You’re free for eastern",
      "annotations": {}
    },
    {
      "line": "Holding me like",
      "annotations": {}
    },
    {
      "line": "You are the first light",
      "annotations": {}
    },
    {
      "line": "Holding me girl (holding me girl)",
      "annotations": {}
    },
    {
      "line": "Just holding me girl (holding me girl)",
      "annotations": {}
    },
    {
      "line": "Just holding me girl",
      "annotations": {}
    },
    {
      "line": "",
      "annotations": {}
    },
    {
      "line": "[Chorus]",
      "annotations": {
        "Chorus": "Annotation for [Chorus]"
      }
    },
    {
      "line": "And she thinks",
      "annotations": {}
    },
    {
      "line": "I’m slovenly",
      "annotations": {}
    },
    {
      "line": "When it comеs to loving",
      "annotations": {}
    },
    {
      "line": "My drums don’t beat",
      "annotations": {}
    },
    {
      "line": "To the odyssey",
      "annotations": {}
    },
    {
      "line": "It’s all puffing",
      "annotations": {}
    },
    {
      "line": "And do you say",
      "annotations": {}
    },
    {
      "line": "Truant hеart leaves you longing",
      "annotations": {}
    },
    {
      "line": "In my love",
      "annotations": {}
    },
    {
      "line": "It sucks to conquering",
      "annotations": {}
    },
    {
      "line": "Wanna hit it like",
      "annotations": {}
    },
    {
      "line": "Playing, playing girl (talking, talking)",
      "annotations": {}
    },
    {
      "line": "Wanna hit it like",
      "annotations": {}
    },
    {
      "line": "Talking, talking girl (playing, playing girl)",
      "annotations": {}
    },
    {
      "line": "Wanna hit it like",
      "annotations": {}
    },
    {
      "line": "Playing, loving, loving",
      "annotations": {}
    },
    {
      "line": "With you",
      "annotations": {}
    },
    {
      "line": "",
      "annotations": {}
    },
    {
      "line": "[Outro]",
      "annotations": {
        "Outro": "Annotation for [Outro]"
      }
    },
    {
      "line": "With you",
      "annotations": {}
    },
    {
      "line": "With you",
      "annotations": {}
    },
    {
      "line": "With you girl (into you)",
      "annotations": {}
    },
    {
      "line": "My heart hither (with you girl)",
      "annotations": {}
    },
    {
      "line": "Under the shade (with you girl)",
      "annotations": {}
    },
    {
      "line": "With you girl",
      "annotations": {}
    },
    {
      "line": "The shay (with you girl)",
      "annotations": {}
    }
  ]
}