{
  "lyrics": [
    {
      "line": "[ verse 1 ]",
      "annotations": {
        "": "Annotation for ]"
      }
    },
    {
      "line": "I hope you had fun",
      "annotations": {}
    },
    {
      "line": "But you knew girl",
      "annotations": {}
    },
    {
      "line": "It’s in your thighs",
      "annotations": {}
    },
    {
      "line": "I hope you get drunk",
      "annotations": {}
    },
    {
      "line": "While am sailing on another shelf",
      "annotations": {}
    },
    {
      "line": "This pills don’t count",
      "annotations": {}
    },
    {
      "line": "It’s because you got me dead",
      "annotations": {}
    },
    {
      "line": "I’ll be your better",
      "annotations": {}
    },
    {
      "line": "If you only heard",
      "annotations": {}
    },
    {
      "line": "How i choked",
      "annotations": {}
    },
    {
      "line": "Every time you told me you love me",
      "annotations": {}
    },
    {
      "line": "How i plot every time i thought i had it",
      "annotations": {}
    },
    {
      "line": "Something from me make you chose me",
      "annotations": {}
    },
    {
      "line": "Now i’m feeling like i can’t get enough of it",
      "annotations": {}
    },
    {
      "line": "I can’t",
      "annotations": {}
    },
    {
      "line": "I can’t",
      "annotations": {}
    },
    {
      "line": "I can’t",
      "annotations": {}
    },
    {
      "line": "Get enough of it",
      "annotations": {}
    },
    {
      "line": "You just plunged for nothing girl",
      "annotations": {}
    },
    {
      "line": "But it’ll be fine",
      "annotations": {}
    }
  ]
}