{
  "lyrics": [
    {
      "line": "[Intro]",
      "annotations": {
        "Intro": "Annotation for [Intro]"
      }
    },
    {
      "line": "Searching, unto something",
      "annotations": {}
    },
    {
      "line": "All day",
      "annotations": {}
    },
    {
      "line": "I’m searching for something",
      "annotations": {}
    },
    {
      "line": "In my head",
      "annotations": {}
    },
    {
      "line": "I’m searching for something",
      "annotations": {}
    },
    {
      "line": "All day",
      "annotations": {}
    },
    {
      "line": "I’m searching for something",
      "annotations": {}
    },
    {
      "line": "In my head you’re a force",
      "annotations": {}
    },
    {
      "line": "World day kissing",
      "annotations": {}
    },
    {
      "line": "I can’t get it now",
      "annotations": {}
    },
    {
      "line": "Roil, they kissing",
      "annotations": {}
    },
    {
      "line": "How can i get it now?",
      "annotations": {}
    },
    {
      "line": "",
      "annotations": {}
    },
    {
      "line": "[Verse 1]",
      "annotations": {
        "1": "Annotation for 1]",
        "Verse": "Annotation for [Verse"
      }
    },
    {
      "line": "I need to prepare the call from you",
      "annotations": {}
    },
    {
      "line": "The one that says",
      "annotations": {}
    },
    {
      "line": "No, we never move",
      "annotations": {}
    },
    {
      "line": "Be right here",
      "annotations": {}
    },
    {
      "line": "Ah!",
      "annotations": {}
    },
    {
      "line": "I’m not missing it",
      "annotations": {}
    },
    {
      "line": "Can i pen it down",
      "annotations": {}
    },
    {
      "line": "Can i write it down",
      "annotations": {}
    },
    {
      "line": "Saying that i’m here with you",
      "annotations": {}
    },
    {
      "line": "And it feels better than i ever could",
      "annotations": {}
    },
    {
      "line": "No running",
      "annotations": {}
    },
    {
      "line": "No running from your love",
      "annotations": {}
    },
    {
      "line": "No running",
      "annotations": {}
    },
    {
      "line": "No running from this hovering",
      "annotations": {}
    },
    {
      "line": "Dumb it down",
      "annotations": {}
    },
    {
      "line": "We got a lamp, aladdin",
      "annotations": {}
    },
    {
      "line": "Pick it, backup in lab",
      "annotations": {}
    },
    {
      "line": "Oh i did",
      "annotations": {}
    },
    {
      "line": "All my talk, enough in din",
      "annotations": {}
    },
    {
      "line": "If i never had an evidence",
      "annotations": {}
    },
    {
      "line": "You’ll say that we’re florescence",
      "annotations": {}
    },
    {
      "line": "Your love is supposed to be reverence",
      "annotations": {}
    },
    {
      "line": "And still be sobering",
      "annotations": {}
    },
    {
      "line": "You talk to me in ways",
      "annotations": {}
    },
    {
      "line": "That i can figure out",
      "annotations": {}
    },
    {
      "line": "You talk to me in ways",
      "annotations": {}
    },
    {
      "line": "That i fill it out",
      "annotations": {}
    },
    {
      "line": "You talk to me",
      "annotations": {}
    },
    {
      "line": "And i feel it fl!ckering now",
      "annotations": {}
    },
    {
      "line": "My love is not fizzling now",
      "annotations": {}
    },
    {
      "line": "My love is not fizzling out",
      "annotations": {}
    },
    {
      "line": "But you drench me",
      "annotations": {}
    },
    {
      "line": "Enough is healthy now",
      "annotations": {}
    },
    {
      "line": "Girl he is getting knocked",
      "annotations": {}
    },
    {
      "line": "How can i?",
      "annotations": {}
    },
    {
      "line": "Get it back",
      "annotations": {}
    },
    {
      "line": "Put it back on a scale",
      "annotations": {}
    },
    {
      "line": "Saying that i’m there enough",
      "annotations": {}
    },
    {
      "line": "Saying that i’ve been better girl",
      "annotations": {}
    },
    {
      "line": "Ah, do i go back",
      "annotations": {}
    },
    {
      "line": "Down the lane",
      "annotations": {}
    },
    {
      "line": "Saying what doesn’t sound very sane",
      "annotations": {}
    },
    {
      "line": "Maybe to me, maybe not to you",
      "annotations": {}
    },
    {
      "line": "Or somebody listening",
      "annotations": {}
    },
    {
      "line": "I don’t really know",
      "annotations": {}
    },
    {
      "line": "You’re my anchor",
      "annotations": {}
    },
    {
      "line": "Something like a full author",
      "annotations": {}
    },
    {
      "line": "I don’t know if this is roll our sail",
      "annotations": {}
    },
    {
      "line": "But i know that everything is open",
      "annotations": {}
    },
    {
      "line": "Windows open",
      "annotations": {}
    },
    {
      "line": "It’s all you",
      "annotations": {}
    },
    {
      "line": "Restore you",
      "annotations": {}
    },
    {
      "line": "It’s all here",
      "annotations": {}
    },
    {
      "line": "Restored you",
      "annotations": {}
    },
    {
      "line": "Linking all my time",
      "annotations": {}
    },
    {
      "line": "Like he’s not gonna bore it in it",
      "annotations": {}
    },
    {
      "line": "I can take my cinema",
      "annotations": {}
    },
    {
      "line": "This is such a gel",
      "annotations": {}
    },
    {
      "line": "Girl, link it in",
      "annotations": {}
    },
    {
      "line": "I’m just in my head",
      "annotations": {}
    },
    {
      "line": "Tryna f ck her like a team, ah",
      "annotations": {}
    },
    {
      "line": "In my shelf, i never see it ah",
      "annotations": {}
    },
    {
      "line": "On a d mn quale",
      "annotations": {}
    },
    {
      "line": "That’s everything in it",
      "annotations": {}
    },
    {
      "line": "I’m haunting; the silver rain",
      "annotations": {}
    },
    {
      "line": "Silver rain, cool knee here",
      "annotations": {}
    },
    {
      "line": "Corny, cannibal could have a chain ah",
      "annotations": {}
    },
    {
      "line": "Oh this is another pain",
      "annotations": {}
    },
    {
      "line": "Oh they say it",
      "annotations": {}
    },
    {
      "line": "They say it",
      "annotations": {}
    },
    {
      "line": "They say it",
      "annotations": {}
    }
  ]
}