{
  "lyrics": [
    {
      "line": "[Intro]",
      "annotations": {
        "Intro": "Annotation for [Intro]"
      }
    },
    {
      "line": "Oh oh",
      "annotations": {}
    },
    {
      "line": "Tweet",
      "annotations": {}
    },
    {
      "line": "Fresh boy chilling",
      "annotations": {}
    },
    {
      "line": "Say it in my ears",
      "annotations": {}
    },
    {
      "line": "",
      "annotations": {}
    },
    {
      "line": "[Verse 1]",
      "annotations": {
        "1": "Annotation for 1]",
        "Verse": "Annotation for [Verse"
      }
    },
    {
      "line": "Shoutout to the prettiest girl ride falling off the stage",
      "annotations": {}
    },
    {
      "line": "(skrr)",
      "annotations": {}
    },
    {
      "line": "When i come down on the pic",
      "annotations": {}
    },
    {
      "line": "I see you writing my name on your face",
      "annotations": {}
    },
    {
      "line": "(nasty frith)",
      "annotations": {}
    },
    {
      "line": "How you make me feel good with all your soul laced",
      "annotations": {}
    },
    {
      "line": "(whim, rim)",
      "annotations": {}
    },
    {
      "line": "I could be in love with a (yeet) girl that’s on her way to be",
      "annotations": {}
    },
    {
      "line": "(skrr)",
      "annotations": {}
    },
    {
      "line": "(yeet) queen, dream",
      "annotations": {}
    },
    {
      "line": "But i’m in love with a p rn star, back story",
      "annotations": {}
    },
    {
      "line": "(devil saw her, devil saw her)",
      "annotations": {}
    },
    {
      "line": "She’s getting me feeling so harder",
      "annotations": {}
    },
    {
      "line": "(devil saw her, devil saw her)",
      "annotations": {}
    },
    {
      "line": "P rn star, she’s claudia",
      "annotations": {}
    },
    {
      "line": "Teens, i’ll just focus on this",
      "annotations": {}
    },
    {
      "line": "(p ssy)",
      "annotations": {}
    },
    {
      "line": "Shuffling my thoughts",
      "annotations": {}
    },
    {
      "line": "No way i should be in bed with this",
      "annotations": {}
    },
    {
      "line": "(pale, palisade)",
      "annotations": {}
    },
    {
      "line": "Got me me like it’s frown, down, down with these fetters",
      "annotations": {}
    },
    {
      "line": "(love you lover girl)",
      "annotations": {}
    },
    {
      "line": "Got my cuff on now",
      "annotations": {}
    },
    {
      "line": "(love you lover girl)",
      "annotations": {}
    },
    {
      "line": "How your honesty got me keeping out a frown",
      "annotations": {}
    },
    {
      "line": "(love you girl)",
      "annotations": {}
    },
    {
      "line": "But she’s got a sword",
      "annotations": {}
    },
    {
      "line": "I think i’m soon unmoored and ready",
      "annotations": {}
    },
    {
      "line": "She’s my p rn star (she can be)",
      "annotations": {}
    },
    {
      "line": "She’s my mine, i’m ready",
      "annotations": {}
    },
    {
      "line": "(she’s mine, she can be mine)",
      "annotations": {}
    },
    {
      "line": "She’s my p rn star",
      "annotations": {}
    },
    {
      "line": "I’ll be stroking it to you all night long",
      "annotations": {}
    },
    {
      "line": "She’s my p rn star",
      "annotations": {}
    },
    {
      "line": "I just want a sample, where can i get one?",
      "annotations": {}
    },
    {
      "line": "",
      "annotations": {}
    },
    {
      "line": "[Outro]",
      "annotations": {
        "Outro": "Annotation for [Outro]"
      }
    },
    {
      "line": "I just need a sample",
      "annotations": {}
    },
    {
      "line": "Where can i get the p ssy, the fleshlight?",
      "annotations": {}
    },
    {
      "line": "That fresh sight girl!",
      "annotations": {}
    }
  ]
}