{
  "lyrics": [
    {
      "line": "[Verse 1]",
      "annotations": {
        "1": "Annotation for 1]",
        "Verse": "Annotation for [Verse"
      }
    },
    {
      "line": "Driving through the city with the lights up",
      "annotations": {}
    },
    {
      "line": "Palpitating soul, yeah my heart burns",
      "annotations": {}
    },
    {
      "line": "All alone at the wrong time",
      "annotations": {}
    },
    {
      "line": "Preying my phone it’s a wrong dial",
      "annotations": {}
    },
    {
      "line": "I can’t get enough",
      "annotations": {}
    },
    {
      "line": "(get enough)",
      "annotations": {}
    },
    {
      "line": "This feeling got me wanting some more",
      "annotations": {}
    },
    {
      "line": "Some more",
      "annotations": {}
    },
    {
      "line": "(some more)",
      "annotations": {}
    },
    {
      "line": "I can’t get enough",
      "annotations": {}
    },
    {
      "line": "(get enough)",
      "annotations": {}
    },
    {
      "line": "This feeling got me wanting some more",
      "annotations": {}
    },
    {
      "line": "Some more",
      "annotations": {}
    },
    {
      "line": "Some more",
      "annotations": {}
    },
    {
      "line": "(some more)",
      "annotations": {}
    },
    {
      "line": "At a cross road",
      "annotations": {}
    },
    {
      "line": "Criss cross in my rear zone",
      "annotations": {}
    },
    {
      "line": "Mood swing this is post soul",
      "annotations": {}
    },
    {
      "line": "(post soul)",
      "annotations": {}
    },
    {
      "line": "Crowd control mould fold",
      "annotations": {}
    },
    {
      "line": "Close to suppose to",
      "annotations": {}
    },
    {
      "line": "Stoked to posture",
      "annotations": {}
    },
    {
      "line": "On my roll",
      "annotations": {}
    },
    {
      "line": "Don’t you dial my phone",
      "annotations": {}
    },
    {
      "line": "When i’m all alone",
      "annotations": {}
    },
    {
      "line": "This is morе than gold",
      "annotations": {}
    },
    {
      "line": "(gold)",
      "annotations": {}
    },
    {
      "line": "Sinning is the motion",
      "annotations": {}
    },
    {
      "line": "Pleading don’t you mention",
      "annotations": {}
    },
    {
      "line": "I’m nеver letting you near my soul",
      "annotations": {}
    },
    {
      "line": "For a moment i thought you were the one for me",
      "annotations": {}
    },
    {
      "line": "Light it up",
      "annotations": {}
    },
    {
      "line": "Burn it down",
      "annotations": {}
    },
    {
      "line": "You’re not the one for me",
      "annotations": {}
    },
    {
      "line": "(money stops)",
      "annotations": {}
    },
    {
      "line": "Money never stops",
      "annotations": {}
    },
    {
      "line": "(nothing)",
      "annotations": {}
    },
    {
      "line": "Ballin to the top",
      "annotations": {}
    },
    {
      "line": "Nut it at your level",
      "annotations": {}
    },
    {
      "line": "Name your spot",
      "annotations": {}
    }
  ]
}