{
  "lyrics": [
    {
      "line": "[Verse 1]",
      "annotations": {}
    },
    {
      "line": "Seen something special lately here",
      "annotations": {}
    },
    {
      "line": "That girl",
      "annotations": {}
    },
    {
      "line": "Pat me on the back",
      "annotations": {}
    },
    {
      "line": "Tell me that you like it",
      "annotations": {}
    },
    {
      "line": "Ah!",
      "annotations": {}
    },
    {
      "line": "Pat me on the back",
      "annotations": {}
    },
    {
      "line": "Girl i’ll tell you that i like it",
      "annotations": {}
    },
    {
      "line": "Oh oh",
      "annotations": {}
    },
    {
      "line": "",
      "annotations": {}
    },
    {
      "line": "[Verse 2]",
      "annotations": {}
    },
    {
      "line": "Pretty girl with the pretty face",
      "annotations": {}
    },
    {
      "line": "Can you come my way",
      "annotations": {}
    },
    {
      "line": "Pretty girl with the pretty face",
      "annotations": {}
    },
    {
      "line": "Can you tell me how you feel the same",
      "annotations": {}
    },
    {
      "line": "I have been on your radar for a while now",
      "annotations": {}
    },
    {
      "line": "And i have said it so many times",
      "annotations": {}
    },
    {
      "line": "Avid i love that face",
      "annotations": {}
    },
    {
      "line": "",
      "annotations": {}
    },
    {
      "line": "[Verse 3]",
      "annotations": {}
    },
    {
      "line": "Pretty girl with the pretty face",
      "annotations": {}
    },
    {
      "line": "Can you tell that i’m still here",
      "annotations": {}
    },
    {
      "line": "Calling out your name to the sky",
      "annotations": {}
    },
    {
      "line": "Pretty girl with the pretty face",
      "annotations": {}
    },
    {
      "line": "Can you tell that i’m still here",
      "annotations": {}
    },
    {
      "line": "Shouting h rny to the sky",
      "annotations": {}
    },
    {
      "line": "I’m just in on my first song",
      "annotations": {}
    },
    {
      "line": "Okay, i wanna say that i care",
      "annotations": {}
    },
    {
      "line": "",
      "annotations": {}
    },
    {
      "line": "[Verse 4]",
      "annotations": {}
    },
    {
      "line": "Seen a lot of guys",
      "annotations": {}
    },
    {
      "line": "But i know that when i hum here",
      "annotations": {}
    },
    {
      "line": "Promise i’m gonna try",
      "annotations": {}
    },
    {
      "line": "To fully show",
      "annotations": {}
    },
    {
      "line": "H ll my lady",
      "annotations": {}
    },
    {
      "line": "If i still lily sweat",
      "annotations": {}
    },
    {
      "line": "If i still lily swear, you’re here",
      "annotations": {}
    },
    {
      "line": "My legs floating",
      "annotations": {}
    }
  ]
}