{
  "lyrics": [
    {
      "line": "[Intro]",
      "annotations": {
        "Intro": "Annotation for [Intro]"
      }
    },
    {
      "line": "And you go",
      "annotations": {}
    },
    {
      "line": "It is another hail",
      "annotations": {}
    },
    {
      "line": "Oh she halve her deuces",
      "annotations": {}
    },
    {
      "line": "Sailing, and you go",
      "annotations": {}
    },
    {
      "line": "It’s another veer",
      "annotations": {}
    },
    {
      "line": "Oh she’d rather you lose it",
      "annotations": {}
    },
    {
      "line": "",
      "annotations": {}
    },
    {
      "line": "[Verse 1]",
      "annotations": {
        "1": "Annotation for 1]",
        "Verse": "Annotation for [Verse"
      }
    },
    {
      "line": "Eh! pro hac vice",
      "annotations": {}
    },
    {
      "line": "You should take your bag",
      "annotations": {}
    },
    {
      "line": "Telling you",
      "annotations": {}
    },
    {
      "line": "There is no marring your vim",
      "annotations": {}
    },
    {
      "line": "I’m other you",
      "annotations": {}
    },
    {
      "line": "I wanna love you",
      "annotations": {}
    },
    {
      "line": "You should learn",
      "annotations": {}
    },
    {
      "line": "Weigh your none",
      "annotations": {}
    },
    {
      "line": "When you want what you want",
      "annotations": {}
    },
    {
      "line": "I can’t get it right",
      "annotations": {}
    },
    {
      "line": "When you are gone",
      "annotations": {}
    },
    {
      "line": "My mind is lost",
      "annotations": {}
    },
    {
      "line": "Summon me like a p wn",
      "annotations": {}
    },
    {
      "line": "You should let me never lose it",
      "annotations": {}
    },
    {
      "line": "Oh! pro hac vice",
      "annotations": {}
    },
    {
      "line": "You should get your bags back",
      "annotations": {}
    },
    {
      "line": "There is no taking a vial sip",
      "annotations": {}
    },
    {
      "line": "I’m locking on my tay tempt",
      "annotations": {}
    },
    {
      "line": "Take your vial sip",
      "annotations": {}
    },
    {
      "line": "Momma told me",
      "annotations": {}
    },
    {
      "line": "I could buy your lie; i sip",
      "annotations": {}
    },
    {
      "line": "Maybe if i see it",
      "annotations": {}
    },
    {
      "line": "Then think it out",
      "annotations": {}
    },
    {
      "line": "I’m not sure what is ringing loud",
      "annotations": {}
    },
    {
      "line": "It is no matter who is talking back",
      "annotations": {}
    },
    {
      "line": "It is just my heart that is burning hard dear",
      "annotations": {}
    },
    {
      "line": "Harder",
      "annotations": {}
    },
    {
      "line": "Fig it in love",
      "annotations": {}
    },
    {
      "line": "You should never look it in",
      "annotations": {}
    },
    {
      "line": "Like another pun",
      "annotations": {}
    },
    {
      "line": "I’m not sure what is different on the law",
      "annotations": {}
    },
    {
      "line": "All you ever do is make me feel lost",
      "annotations": {}
    },
    {
      "line": "Make me feel a lot",
      "annotations": {}
    },
    {
      "line": "Make me feel lost",
      "annotations": {}
    },
    {
      "line": "You should never take your rib from me",
      "annotations": {}
    },
    {
      "line": "You make me feel lost",
      "annotations": {}
    },
    {
      "line": "You make me feel a lot",
      "annotations": {}
    }
  ]
}