{
  "lyrics": [
    {
      "line": "[Chorus]",
      "annotations": {
        "Chorus": "Annotation for [Chorus]"
      }
    },
    {
      "line": "Young boy with purpose",
      "annotations": {}
    },
    {
      "line": "Your alarm is purpose",
      "annotations": {}
    },
    {
      "line": "Purpose",
      "annotations": {}
    },
    {
      "line": "Demola it is purpose",
      "annotations": {}
    },
    {
      "line": "Purpose",
      "annotations": {}
    },
    {
      "line": "Your alarm is purpose",
      "annotations": {}
    },
    {
      "line": "Purpose",
      "annotations": {}
    },
    {
      "line": "Demola it is",
      "annotations": {}
    },
    {
      "line": "",
      "annotations": {}
    },
    {
      "line": "[Verse 1]",
      "annotations": {
        "1": "Annotation for 1]",
        "Verse": "Annotation for [Verse"
      }
    },
    {
      "line": "The time counts",
      "annotations": {}
    },
    {
      "line": "The day grinds",
      "annotations": {}
    },
    {
      "line": "And my love",
      "annotations": {}
    },
    {
      "line": "Doesn’t ever expire",
      "annotations": {}
    },
    {
      "line": "My touch is something",
      "annotations": {}
    },
    {
      "line": "Like perspiring",
      "annotations": {}
    },
    {
      "line": "I’m not giving up now",
      "annotations": {}
    },
    {
      "line": "Know what’s the time",
      "annotations": {}
    },
    {
      "line": "Candy now",
      "annotations": {}
    },
    {
      "line": "You need some way",
      "annotations": {}
    },
    {
      "line": "That’s moving now",
      "annotations": {}
    },
    {
      "line": "At home",
      "annotations": {}
    },
    {
      "line": "Just gotta have a tape in",
      "annotations": {}
    },
    {
      "line": "My covenant with living",
      "annotations": {}
    },
    {
      "line": "If you’re a sage",
      "annotations": {}
    },
    {
      "line": "Capital will save you a run",
      "annotations": {}
    },
    {
      "line": "I’m on",
      "annotations": {}
    },
    {
      "line": "I’m morn",
      "annotations": {}
    },
    {
      "line": "I’m on a hobby",
      "annotations": {}
    },
    {
      "line": "A tale",
      "annotations": {}
    },
    {
      "line": "If i come around",
      "annotations": {}
    },
    {
      "line": "I’ll save you a trail",
      "annotations": {}
    },
    {
      "line": "If i keep my love",
      "annotations": {}
    },
    {
      "line": "Cinched to you",
      "annotations": {}
    },
    {
      "line": "",
      "annotations": {}
    },
    {
      "line": "[Bridge]",
      "annotations": {
        "Bridge": "Annotation for [Bridge]"
      }
    },
    {
      "line": "I’m not singing for anyone",
      "annotations": {}
    },
    {
      "line": "In particular",
      "annotations": {}
    },
    {
      "line": "It is just like",
      "annotations": {}
    },
    {
      "line": "I never get the anon",
      "annotations": {}
    },
    {
      "line": "So it is .",
      "annotations": {}
    },
    {
      "line": "It is likе ah .",
      "annotations": {}
    },
    {
      "line": "Is it a smiling dove",
      "annotations": {}
    },
    {
      "line": "You know",
      "annotations": {}
    },
    {
      "line": "Like singing for a dove",
      "annotations": {}
    },
    {
      "line": "(giggling)",
      "annotations": {}
    },
    {
      "line": "",
      "annotations": {}
    },
    {
      "line": "[Chorus]",
      "annotations": {
        "Chorus": "Annotation for [Chorus]"
      }
    },
    {
      "line": "Young boy it is purposе",
      "annotations": {}
    },
    {
      "line": "Purpose",
      "annotations": {}
    },
    {
      "line": "Your alarm is purpose",
      "annotations": {}
    },
    {
      "line": "Purpose",
      "annotations": {}
    },
    {
      "line": "Young boy it is purpose",
      "annotations": {}
    },
    {
      "line": "Purpose",
      "annotations": {}
    },
    {
      "line": "Your alarm is coming",
      "annotations": {}
    },
    {
      "line": "Coming",
      "annotations": {}
    },
    {
      "line": "Young boy it is",
      "annotations": {}
    }
  ]
}