{
  "lyrics": [
    {
      "line": "[Intro]",
      "annotations": {
        "Intro": "Annotation for [Intro]"
      }
    },
    {
      "line": "Sometimes love just",
      "annotations": {}
    },
    {
      "line": "Hits you",
      "annotations": {}
    },
    {
      "line": "And you don’t even know what",
      "annotations": {}
    },
    {
      "line": "A smack really, really dark?",
      "annotations": {}
    },
    {
      "line": "I want it back",
      "annotations": {}
    },
    {
      "line": "",
      "annotations": {}
    },
    {
      "line": "[Chorus]",
      "annotations": {
        "Chorus": "Annotation for [Chorus]"
      }
    },
    {
      "line": "Kim if i tell up on the bib",
      "annotations": {}
    },
    {
      "line": "Tell up on the bib",
      "annotations": {}
    },
    {
      "line": "Now they see the real me",
      "annotations": {}
    },
    {
      "line": "Kim lied, i’ll tell up on her bib",
      "annotations": {}
    },
    {
      "line": "That this song is really relived, uh",
      "annotations": {}
    },
    {
      "line": "Kim lied i get up on her v",
      "annotations": {}
    },
    {
      "line": "That this motion is rigged",
      "annotations": {}
    },
    {
      "line": "Kim lied i tied her up on a beam",
      "annotations": {}
    },
    {
      "line": "Get this, his emotion, he is wrecked",
      "annotations": {}
    },
    {
      "line": "Then baby how can i tell you",
      "annotations": {}
    },
    {
      "line": "Love don’t cost this much",
      "annotations": {}
    },
    {
      "line": "Is what i know for sure",
      "annotations": {}
    },
    {
      "line": "How can i tell you",
      "annotations": {}
    },
    {
      "line": "The how of your handcuffs don’t tell like this is a touch",
      "annotations": {}
    },
    {
      "line": "",
      "annotations": {}
    },
    {
      "line": "[Verse 1]",
      "annotations": {
        "1": "Annotation for 1]",
        "Verse": "Annotation for [Verse"
      }
    },
    {
      "line": "Ah, come off bottle with my hand",
      "annotations": {}
    },
    {
      "line": "Take a sip and it’s not the end",
      "annotations": {}
    },
    {
      "line": "I’ll wish you away for a girl every time",
      "annotations": {}
    },
    {
      "line": "Invent time, ending your time",
      "annotations": {}
    },
    {
      "line": "",
      "annotations": {}
    },
    {
      "line": "[Pre chorus]",
      "annotations": {
        "Pre": "Annotation for [Pre",
        "chorus": "Annotation for chorus]"
      }
    },
    {
      "line": "Purple zone",
      "annotations": {}
    },
    {
      "line": "Couple ode",
      "annotations": {}
    },
    {
      "line": "",
      "annotations": {}
    },
    {
      "line": "[Chorus]",
      "annotations": {
        "Chorus": "Annotation for [Chorus]"
      }
    },
    {
      "line": "Kim if i tell up on the bib",
      "annotations": {}
    },
    {
      "line": "(bib)",
      "annotations": {}
    },
    {
      "line": "Tell up on the bib",
      "annotations": {}
    },
    {
      "line": "Now they see the real me",
      "annotations": {}
    },
    {
      "line": "(real meal)",
      "annotations": {}
    },
    {
      "line": "Kim lied, i’ll tell up on her bib",
      "annotations": {}
    },
    {
      "line": "That this song is really relived, uh",
      "annotations": {}
    },
    {
      "line": "(i feel, it’s vivid)",
      "annotations": {}
    },
    {
      "line": "Kim lied i get up on her v",
      "annotations": {}
    },
    {
      "line": "(lie)",
      "annotations": {}
    },
    {
      "line": "That this motion is rigged",
      "annotations": {}
    },
    {
      "line": "(oh, if you’re in love with the letter)",
      "annotations": {}
    },
    {
      "line": "Kim lied i tied her up on a beam",
      "annotations": {}
    },
    {
      "line": "Get this, his emotion, he is wrecked",
      "annotations": {}
    },
    {
      "line": "Then baby how can i tell you",
      "annotations": {}
    },
    {
      "line": "(how can i tell you)",
      "annotations": {}
    },
    {
      "line": "Love don’t cost this much",
      "annotations": {}
    },
    {
      "line": "(love don’t cost this much)",
      "annotations": {}
    },
    {
      "line": "Is what i know for sure",
      "annotations": {}
    },
    {
      "line": "(can i have your word? it is for sure.)",
      "annotations": {}
    },
    {
      "line": "How can i tell you",
      "annotations": {}
    },
    {
      "line": "The how of your handcuffs don’t tell like this is a touch",
      "annotations": {}
    },
    {
      "line": "(bearing your handcuffs, don’t look like this is a touch.)",
      "annotations": {}
    }
  ]
}