{
  "lyrics": [
    {
      "line": "[Intro]",
      "annotations": {
        "Intro": "Annotation for [Intro]"
      }
    },
    {
      "line": "Pow!",
      "annotations": {}
    },
    {
      "line": "I bow to p ssy power",
      "annotations": {}
    },
    {
      "line": "(p ssy power)",
      "annotations": {}
    },
    {
      "line": "It’s so strange",
      "annotations": {}
    },
    {
      "line": "(so strange)",
      "annotations": {}
    },
    {
      "line": "It’s so meaningless",
      "annotations": {}
    },
    {
      "line": "I’m weak",
      "annotations": {}
    },
    {
      "line": "(i’m weak)",
      "annotations": {}
    },
    {
      "line": "I always go for glory all the time",
      "annotations": {}
    },
    {
      "line": "",
      "annotations": {}
    },
    {
      "line": "[Verse 1]",
      "annotations": {
        "1": "Annotation for 1]",
        "Verse": "Annotation for [Verse"
      }
    },
    {
      "line": "My mind lost a call",
      "annotations": {}
    },
    {
      "line": "So he’s on a girl",
      "annotations": {}
    },
    {
      "line": "My mind is on a girl",
      "annotations": {}
    },
    {
      "line": "Such, her calls",
      "annotations": {}
    },
    {
      "line": "(such, her calls)",
      "annotations": {}
    },
    {
      "line": "Would you come around, she pours",
      "annotations": {}
    },
    {
      "line": "(pour)",
      "annotations": {}
    },
    {
      "line": "With her lips down the dot",
      "annotations": {}
    },
    {
      "line": "I only hope she reads my godd mn words",
      "annotations": {}
    },
    {
      "line": "(my godd mn words)",
      "annotations": {}
    },
    {
      "line": "Aladdin, i like her, you will like her",
      "annotations": {}
    },
    {
      "line": "(oh)",
      "annotations": {}
    },
    {
      "line": "When she spins, it’s like orders",
      "annotations": {}
    },
    {
      "line": "(oh)",
      "annotations": {}
    },
    {
      "line": "My norse nurse",
      "annotations": {}
    },
    {
      "line": "(brevity)",
      "annotations": {}
    },
    {
      "line": "Some will like her son",
      "annotations": {}
    },
    {
      "line": "I love, well the boy is . .",
      "annotations": {}
    },
    {
      "line": "(yeah)",
      "annotations": {}
    },
    {
      "line": "And i’ll probably love her boy",
      "annotations": {}
    },
    {
      "line": "And i’m not talking the love whеn you stun",
      "annotations": {}
    },
    {
      "line": "(handsome)",
      "annotations": {}
    },
    {
      "line": "",
      "annotations": {}
    },
    {
      "line": "[Verse 2]",
      "annotations": {
        "2": "Annotation for 2]",
        "Verse": "Annotation for [Verse"
      }
    },
    {
      "line": "Spiel, all i evеr do is spit",
      "annotations": {}
    },
    {
      "line": "(spit)",
      "annotations": {}
    },
    {
      "line": "Talk of a lean on pill",
      "annotations": {}
    },
    {
      "line": "(pills)",
      "annotations": {}
    },
    {
      "line": "Oh oh oh",
      "annotations": {}
    },
    {
      "line": "Nasa, head ho",
      "annotations": {}
    },
    {
      "line": "(head ho)",
      "annotations": {}
    },
    {
      "line": "Gonna take her with a parry",
      "annotations": {}
    },
    {
      "line": "(parry)",
      "annotations": {}
    },
    {
      "line": "I’m not sure if this is gonna end",
      "annotations": {}
    },
    {
      "line": "It started",
      "annotations": {}
    },
    {
      "line": "(it started)",
      "annotations": {}
    },
    {
      "line": "I’m just loving your stove when you on",
      "annotations": {}
    },
    {
      "line": "When you say it is my godd mn level of gee count",
      "annotations": {}
    },
    {
      "line": "(woo)",
      "annotations": {}
    },
    {
      "line": "Oh i’ll reckon on a beat",
      "annotations": {}
    },
    {
      "line": "(ah ah)",
      "annotations": {}
    },
    {
      "line": "Cos i’m lost on her league",
      "annotations": {}
    },
    {
      "line": "(ah)",
      "annotations": {}
    },
    {
      "line": "It is a leak, i know does a d ck",
      "annotations": {}
    },
    {
      "line": "(yo)",
      "annotations": {}
    },
    {
      "line": "I’m not looking for her week",
      "annotations": {}
    },
    {
      "line": "(oh oh)",
      "annotations": {}
    },
    {
      "line": "I’m just saying how i’m feeling on this",
      "annotations": {}
    },
    {
      "line": "(oh oh)",
      "annotations": {}
    },
    {
      "line": "I’m heavy on your deep pit",
      "annotations": {}
    },
    {
      "line": "Like this sopping week",
      "annotations": {}
    },
    {
      "line": "(every time)",
      "annotations": {}
    },
    {
      "line": "And i’m not sending a wave",
      "annotations": {}
    },
    {
      "line": "I’m just saying i’m in the indie",
      "annotations": {}
    },
    {
      "line": "(ill)",
      "annotations": {}
    },
    {
      "line": "Heir of my fore gale",
      "annotations": {}
    },
    {
      "line": "List of the d cks you hurt",
      "annotations": {}
    },
    {
      "line": "(d ck you hurt)",
      "annotations": {}
    },
    {
      "line": "",
      "annotations": {}
    },
    {
      "line": "[Outro]",
      "annotations": {
        "Outro": "Annotation for [Outro]"
      }
    },
    {
      "line": "It is all in the details",
      "annotations": {}
    },
    {
      "line": "When you look at me",
      "annotations": {}
    },
    {
      "line": "Feel like i’m a sinner",
      "annotations": {}
    },
    {
      "line": "I ‘on’t really know",
      "annotations": {}
    },
    {
      "line": "(know)",
      "annotations": {}
    },
    {
      "line": "If this is something good",
      "annotations": {}
    },
    {
      "line": "(good)",
      "annotations": {}
    },
    {
      "line": "Her wish that i’m lost in blind",
      "annotations": {}
    },
    {
      "line": "(fold)",
      "annotations": {}
    },
    {
      "line": "Coal all again",
      "annotations": {}
    },
    {
      "line": "I know this her game",
      "annotations": {}
    },
    {
      "line": "I just really know i lost my godd mn mind",
      "annotations": {}
    },
    {
      "line": "(godd mn mind)",
      "annotations": {}
    },
    {
      "line": "When i’m peeled on my phone",
      "annotations": {}
    },
    {
      "line": "And i’m out there in the margin",
      "annotations": {}
    }
  ]
}