{
  "lyrics": [
    {
      "line": "[Intro]",
      "annotations": {}
    },
    {
      "line": "Fresh boy chilling",
      "annotations": {}
    },
    {
      "line": "When you come around",
      "annotations": {}
    },
    {
      "line": "It’s above in the air",
      "annotations": {}
    },
    {
      "line": "Marks of celebration is up in the air",
      "annotations": {}
    },
    {
      "line": "",
      "annotations": {}
    },
    {
      "line": "[Verse 1]",
      "annotations": {}
    },
    {
      "line": "Whining now",
      "annotations": {}
    },
    {
      "line": "Oh oh",
      "annotations": {}
    },
    {
      "line": "She’s got a panic now",
      "annotations": {}
    },
    {
      "line": "Oh oh",
      "annotations": {}
    },
    {
      "line": "And i don’t know how to quiet it down",
      "annotations": {}
    },
    {
      "line": "How do i slake what you desire",
      "annotations": {}
    },
    {
      "line": "Love in your eyes not going out",
      "annotations": {}
    },
    {
      "line": "Not on my watch",
      "annotations": {}
    },
    {
      "line": "Down for you i’m your soldier",
      "annotations": {}
    },
    {
      "line": "Down for you i’m your bartender",
      "annotations": {}
    },
    {
      "line": "Let me get you what you want",
      "annotations": {}
    },
    {
      "line": "Oh oh",
      "annotations": {}
    },
    {
      "line": "How could it ever die",
      "annotations": {}
    },
    {
      "line": "When i’m by her",
      "annotations": {}
    },
    {
      "line": "How could it ever fly",
      "annotations": {}
    },
    {
      "line": "Her ever being alone",
      "annotations": {}
    },
    {
      "line": "Daughter of her mother",
      "annotations": {}
    },
    {
      "line": "Brother like no other",
      "annotations": {}
    },
    {
      "line": "Just gotta love her fiery eyes",
      "annotations": {}
    },
    {
      "line": "She makes you never wanna break ties",
      "annotations": {}
    },
    {
      "line": "She’s got me in her heart",
      "annotations": {}
    },
    {
      "line": "With her soddened bothers",
      "annotations": {}
    },
    {
      "line": "",
      "annotations": {}
    },
    {
      "line": "[Outro]",
      "annotations": {}
    },
    {
      "line": "You ain’t gotta bother",
      "annotations": {}
    },
    {
      "line": "Still here televising",
      "annotations": {}
    },
    {
      "line": "Be there, under my shirt",
      "annotations": {}
    }
  ]
}