{
  "lyrics": [
    {
      "line": "[Intro]",
      "annotations": {
        "Intro": "Annotation for [Intro]"
      }
    },
    {
      "line": "Movie, our movie",
      "annotations": {}
    },
    {
      "line": "Oh oh oh oh",
      "annotations": {}
    },
    {
      "line": "Please don’t say",
      "annotations": {}
    },
    {
      "line": "Shot, shot, shot",
      "annotations": {}
    },
    {
      "line": "It’s the only",
      "annotations": {}
    },
    {
      "line": "Please don’t say",
      "annotations": {}
    },
    {
      "line": "Shot, shot",
      "annotations": {}
    },
    {
      "line": "It’s the only one",
      "annotations": {}
    },
    {
      "line": "It’s the only one",
      "annotations": {}
    },
    {
      "line": "",
      "annotations": {}
    },
    {
      "line": "[Verse 1]",
      "annotations": {
        "1": "Annotation for 1]",
        "Verse": "Annotation for [Verse"
      }
    },
    {
      "line": "Not the girl",
      "annotations": {}
    },
    {
      "line": "Had my raunch child",
      "annotations": {}
    },
    {
      "line": "One time",
      "annotations": {}
    },
    {
      "line": "I’m not going for it",
      "annotations": {}
    },
    {
      "line": "I lost my only time",
      "annotations": {}
    },
    {
      "line": "I got my old fetters",
      "annotations": {}
    },
    {
      "line": "Over feeding",
      "annotations": {}
    },
    {
      "line": "I can’t get off it",
      "annotations": {}
    },
    {
      "line": "Can’t get off it",
      "annotations": {}
    },
    {
      "line": "So i had help",
      "annotations": {}
    },
    {
      "line": "Core with nip",
      "annotations": {}
    },
    {
      "line": "You can call me anytime",
      "annotations": {}
    },
    {
      "line": "You can call me",
      "annotations": {}
    },
    {
      "line": "You can call me anytime",
      "annotations": {}
    },
    {
      "line": "She’s my tennon",
      "annotations": {}
    },
    {
      "line": "I’ll never give it right",
      "annotations": {}
    },
    {
      "line": "I’ll never get it right",
      "annotations": {}
    },
    {
      "line": "See i’m like kinda kind to her",
      "annotations": {}
    },
    {
      "line": "Devil will make me jump her",
      "annotations": {}
    },
    {
      "line": "See i’m jazzing in my head",
      "annotations": {}
    },
    {
      "line": "Tryna get it right now",
      "annotations": {}
    },
    {
      "line": "",
      "annotations": {}
    },
    {
      "line": "[Bridge]",
      "annotations": {
        "Bridge": "Annotation for [Bridge]"
      }
    },
    {
      "line": "Oh oh oh",
      "annotations": {}
    },
    {
      "line": "Can i hold on to my friend",
      "annotations": {}
    },
    {
      "line": "Oh oh oh",
      "annotations": {}
    },
    {
      "line": "I’m tryna solve it in my head",
      "annotations": {}
    },
    {
      "line": "You should not see me now",
      "annotations": {}
    },
    {
      "line": "You should not dream that",
      "annotations": {}
    },
    {
      "line": "You should not be this over your head",
      "annotations": {}
    },
    {
      "line": "",
      "annotations": {}
    },
    {
      "line": "[Verse 2]",
      "annotations": {
        "2": "Annotation for 2]",
        "Verse": "Annotation for [Verse"
      }
    },
    {
      "line": "I’m headed to the top",
      "annotations": {}
    },
    {
      "line": "With my hands on the back of my purse",
      "annotations": {}
    },
    {
      "line": "I’m her l st",
      "annotations": {}
    },
    {
      "line": "Not going nowhere far",
      "annotations": {}
    },
    {
      "line": "Nowhere far",
      "annotations": {}
    },
    {
      "line": "Just ride here on this",
      "annotations": {}
    },
    {
      "line": "Over and over i try it again",
      "annotations": {}
    },
    {
      "line": "Over and over, am i mulling in the sea",
      "annotations": {}
    },
    {
      "line": "I see eye sees",
      "annotations": {}
    },
    {
      "line": "The more of there is",
      "annotations": {}
    },
    {
      "line": "All i see, all i see, all i see",
      "annotations": {}
    },
    {
      "line": "Is more scheming bees",
      "annotations": {}
    },
    {
      "line": "But i never get it right",
      "annotations": {}
    },
    {
      "line": "Never get it right",
      "annotations": {}
    },
    {
      "line": "If i get stunned",
      "annotations": {}
    },
    {
      "line": "Never get it right",
      "annotations": {}
    },
    {
      "line": "Never get it right",
      "annotations": {}
    },
    {
      "line": "Through her case time",
      "annotations": {}
    },
    {
      "line": "It’s a freestyle",
      "annotations": {}
    },
    {
      "line": "It’s a “be” time",
      "annotations": {}
    },
    {
      "line": "It’s the winning time",
      "annotations": {}
    },
    {
      "line": "I just k!ll my figure, rhyme",
      "annotations": {}
    },
    {
      "line": "Time, give me some time",
      "annotations": {}
    },
    {
      "line": "Maybe you k!lled the vibe",
      "annotations": {}
    },
    {
      "line": "K!ll the vibe and take a tie",
      "annotations": {}
    },
    {
      "line": "And take my love",
      "annotations": {}
    },
    {
      "line": "Like it never could depart",
      "annotations": {}
    },
    {
      "line": "I’m palavering",
      "annotations": {}
    },
    {
      "line": "Taking my shot like it is not weighing",
      "annotations": {}
    },
    {
      "line": "Oh oh oh oh whoa",
      "annotations": {}
    }
  ]
}