{
  "lyrics": [
    {
      "line": "[Chorus]",
      "annotations": {}
    },
    {
      "line": "It’s your boy frith spilling",
      "annotations": {}
    },
    {
      "line": "Done with it",
      "annotations": {}
    },
    {
      "line": "Down with it",
      "annotations": {}
    },
    {
      "line": "Done with it",
      "annotations": {}
    },
    {
      "line": "Down with it",
      "annotations": {}
    },
    {
      "line": "",
      "annotations": {}
    },
    {
      "line": "[Verse 1]",
      "annotations": {}
    },
    {
      "line": "Mind like metal",
      "annotations": {}
    },
    {
      "line": "Inhale premeditated",
      "annotations": {}
    },
    {
      "line": "Not experimental",
      "annotations": {}
    },
    {
      "line": "What’s your name?",
      "annotations": {}
    },
    {
      "line": "Gotta hold you down",
      "annotations": {}
    },
    {
      "line": "For dreary weather",
      "annotations": {}
    },
    {
      "line": "When am down",
      "annotations": {}
    },
    {
      "line": "I wield it wild",
      "annotations": {}
    },
    {
      "line": "Am westly on triggers",
      "annotations": {}
    },
    {
      "line": "Laevulose",
      "annotations": {}
    },
    {
      "line": "Leave her for toast",
      "annotations": {}
    },
    {
      "line": "She winks i ain’t no comatose",
      "annotations": {}
    },
    {
      "line": "Beading hits on that abacus",
      "annotations": {}
    },
    {
      "line": "Sterile steel",
      "annotations": {}
    },
    {
      "line": "Dwindle my paradox",
      "annotations": {}
    },
    {
      "line": "Pit it, stir it",
      "annotations": {}
    },
    {
      "line": "Muck around her yummy pool",
      "annotations": {}
    },
    {
      "line": "Bounce back off a billiard curb",
      "annotations": {}
    },
    {
      "line": "Nip slip",
      "annotations": {}
    },
    {
      "line": "My favourite brush",
      "annotations": {}
    },
    {
      "line": "Pyre wire for the nut",
      "annotations": {}
    },
    {
      "line": "And am out",
      "annotations": {}
    },
    {
      "line": "Thanks for the rush",
      "annotations": {}
    },
    {
      "line": "Bad city",
      "annotations": {}
    },
    {
      "line": "Toll the bell with a coin",
      "annotations": {}
    },
    {
      "line": "Yeah it’s my biddy",
      "annotations": {}
    },
    {
      "line": "Hit that booty once",
      "annotations": {}
    },
    {
      "line": "Bet it gonna back",
      "annotations": {}
    },
    {
      "line": "Yeah she with it",
      "annotations": {}
    },
    {
      "line": "She never tepid",
      "annotations": {}
    },
    {
      "line": "So hot",
      "annotations": {}
    },
    {
      "line": "She subterranean",
      "annotations": {}
    },
    {
      "line": "Alien got my soul boxed up",
      "annotations": {}
    },
    {
      "line": "Aquarian",
      "annotations": {}
    },
    {
      "line": "I glow i know",
      "annotations": {}
    },
    {
      "line": "But she loves a running noose",
      "annotations": {}
    },
    {
      "line": "Beseeching soul",
      "annotations": {}
    },
    {
      "line": "She wanna rule a haughty heart",
      "annotations": {}
    },
    {
      "line": "Charisma underpants",
      "annotations": {}
    },
    {
      "line": "It’s sophistry up your ass",
      "annotations": {}
    },
    {
      "line": "Huff off that purée",
      "annotations": {}
    },
    {
      "line": "She could be liberian",
      "annotations": {}
    },
    {
      "line": "Sin city",
      "annotations": {}
    },
    {
      "line": "That’s besides the point",
      "annotations": {}
    },
    {
      "line": "Just a remark",
      "annotations": {}
    },
    {
      "line": "Wager digits off the mark",
      "annotations": {}
    },
    {
      "line": "Plop, counting up the smacks",
      "annotations": {}
    },
    {
      "line": "That’s it",
      "annotations": {}
    },
    {
      "line": "I’m a bad piper",
      "annotations": {}
    },
    {
      "line": "With a better left hand",
      "annotations": {}
    },
    {
      "line": "I’m picking this seal",
      "annotations": {}
    },
    {
      "line": "Never resend",
      "annotations": {}
    },
    {
      "line": "",
      "annotations": {}
    },
    {
      "line": "[Chorus]",
      "annotations": {}
    },
    {
      "line": "It’s your boy frith spilling",
      "annotations": {}
    },
    {
      "line": "Done with it",
      "annotations": {}
    },
    {
      "line": "Down with it",
      "annotations": {}
    },
    {
      "line": "Done with it",
      "annotations": {}
    },
    {
      "line": "Down with it",
      "annotations": {}
    },
    {
      "line": "",
      "annotations": {}
    },
    {
      "line": "[Outro]",
      "annotations": {}
    },
    {
      "line": "Down with it",
      "annotations": {}
    },
    {
      "line": "Down with it",
      "annotations": {}
    },
    {
      "line": "Done with it",
      "annotations": {}
    },
    {
      "line": "Done with it",
      "annotations": {}
    },
    {
      "line": "Down with it",
      "annotations": {}
    }
  ]
}