{
  "lyrics": [
    {
      "line": "[Intro]",
      "annotations": {}
    },
    {
      "line": "Oh",
      "annotations": {}
    },
    {
      "line": "Yeah",
      "annotations": {}
    },
    {
      "line": "Real friends",
      "annotations": {}
    },
    {
      "line": "Real friends",
      "annotations": {}
    },
    {
      "line": "All i ever wanted was some real friend",
      "annotations": {}
    },
    {
      "line": "All i ever wanted was us to be friends",
      "annotations": {}
    },
    {
      "line": "",
      "annotations": {}
    },
    {
      "line": "[Verse 1]",
      "annotations": {}
    },
    {
      "line": "It’s my life",
      "annotations": {}
    },
    {
      "line": "It’s my strife",
      "annotations": {}
    },
    {
      "line": "So i have got to play my part right",
      "annotations": {}
    },
    {
      "line": "You were the friend that i held tight",
      "annotations": {}
    },
    {
      "line": "Didn’t know you were playing my heart like a kite",
      "annotations": {}
    },
    {
      "line": "I was a bait",
      "annotations": {}
    },
    {
      "line": "You took a bite",
      "annotations": {}
    },
    {
      "line": "This bond was never mutual from the start",
      "annotations": {}
    },
    {
      "line": "I didn’t know i was just a p wn to you",
      "annotations": {}
    },
    {
      "line": "Had me in my feelings asking who am i to you",
      "annotations": {}
    },
    {
      "line": "I got lost",
      "annotations": {}
    },
    {
      "line": "Cos i wanted to be cool",
      "annotations": {}
    },
    {
      "line": "Always looking up to you",
      "annotations": {}
    },
    {
      "line": "Felt i had something to prove",
      "annotations": {}
    },
    {
      "line": "I guess i got it all wrong",
      "annotations": {}
    },
    {
      "line": "Love comes and it goеs",
      "annotations": {}
    },
    {
      "line": "Never thought",
      "annotations": {}
    },
    {
      "line": "Ours would be lost",
      "annotations": {}
    },
    {
      "line": "On a stowaway",
      "annotations": {}
    },
    {
      "line": "(to a stowaway of lovе)",
      "annotations": {}
    },
    {
      "line": "Love comes and it goes",
      "annotations": {}
    },
    {
      "line": "Never thought",
      "annotations": {}
    },
    {
      "line": "Ours would be lost",
      "annotations": {}
    },
    {
      "line": "On a stowaway",
      "annotations": {}
    },
    {
      "line": "(to a stowaway of love)",
      "annotations": {}
    },
    {
      "line": "Girl, you got me messed up",
      "annotations": {}
    },
    {
      "line": "Always looking forward",
      "annotations": {}
    },
    {
      "line": "To a n ggers next pay day",
      "annotations": {}
    },
    {
      "line": "Just a young boy",
      "annotations": {}
    },
    {
      "line": "Stacking hay",
      "annotations": {}
    },
    {
      "line": "But you were here",
      "annotations": {}
    },
    {
      "line": "Scheming, patiently waiting",
      "annotations": {}
    },
    {
      "line": "Till my feelings f cking faded away",
      "annotations": {}
    },
    {
      "line": "",
      "annotations": {}
    },
    {
      "line": "[Chorus]",
      "annotations": {}
    },
    {
      "line": "All i ever wanted was a real friend",
      "annotations": {}
    },
    {
      "line": "(friend, thought you were my real friend)",
      "annotations": {}
    },
    {
      "line": "All i ever wanted was us to be friends",
      "annotations": {}
    },
    {
      "line": "Like a crab to an oyster",
      "annotations": {}
    },
    {
      "line": "Cracked my heart in two",
      "annotations": {}
    },
    {
      "line": "Reached for your holster",
      "annotations": {}
    },
    {
      "line": "Desecrated our bond for this paper",
      "annotations": {}
    },
    {
      "line": "Cos to you it never really mattered",
      "annotations": {}
    },
    {
      "line": "I was just another slipper",
      "annotations": {}
    },
    {
      "line": "All i ever wanted was a real friend",
      "annotations": {}
    },
    {
      "line": "(real, thought you were my real friend)",
      "annotations": {}
    },
    {
      "line": "All i ever wanted was us to be friends",
      "annotations": {}
    },
    {
      "line": "",
      "annotations": {}
    },
    {
      "line": "[Verse 2]",
      "annotations": {}
    },
    {
      "line": "My babe too cool",
      "annotations": {}
    },
    {
      "line": "I mean so rude",
      "annotations": {}
    },
    {
      "line": "She’s gonna break your heart",
      "annotations": {}
    },
    {
      "line": "And she won’t shed a tear",
      "annotations": {}
    },
    {
      "line": "She’s so mean",
      "annotations": {}
    },
    {
      "line": "With the heart of an angel",
      "annotations": {}
    },
    {
      "line": "L be the name",
      "annotations": {}
    },
    {
      "line": "Cos she’s falling from the highest of planes",
      "annotations": {}
    },
    {
      "line": "And she’s taking me down with her",
      "annotations": {}
    },
    {
      "line": "Cos my heart’s colder",
      "annotations": {}
    },
    {
      "line": "The dark side of the moon",
      "annotations": {}
    },
    {
      "line": "No room for no more love blooms",
      "annotations": {}
    },
    {
      "line": "Consume me till my doom",
      "annotations": {}
    },
    {
      "line": "One more time",
      "annotations": {}
    },
    {
      "line": "Let’s make love one more time",
      "annotations": {}
    },
    {
      "line": "I thought you were my real friend",
      "annotations": {}
    },
    {
      "line": "Now it seems all you ever did was pretend",
      "annotations": {}
    },
    {
      "line": "It’s my life",
      "annotations": {}
    },
    {
      "line": "It’s my strife",
      "annotations": {}
    },
    {
      "line": "I played the part right",
      "annotations": {}
    },
    {
      "line": "I played the part right",
      "annotations": {}
    },
    {
      "line": "It’s my life",
      "annotations": {}
    },
    {
      "line": "It’s my strife",
      "annotations": {}
    },
    {
      "line": "I played the part right",
      "annotations": {}
    },
    {
      "line": "Yeah i played the part right",
      "annotations": {}
    },
    {
      "line": "",
      "annotations": {}
    },
    {
      "line": "[Chorus]",
      "annotations": {}
    },
    {
      "line": "All i ever wanted was a real friend",
      "annotations": {}
    },
    {
      "line": "(friend, thought you were my real friend)",
      "annotations": {}
    },
    {
      "line": "All i ever wanted was us to be friends",
      "annotations": {}
    },
    {
      "line": "Like a crab to an oyster",
      "annotations": {}
    },
    {
      "line": "Cracked my heart in two",
      "annotations": {}
    },
    {
      "line": "Reached for your holster",
      "annotations": {}
    },
    {
      "line": "Desecrated our bond for this paper",
      "annotations": {}
    },
    {
      "line": "Cos to you it never really mattered",
      "annotations": {}
    },
    {
      "line": "I was just another slipper",
      "annotations": {}
    },
    {
      "line": "All i ever wanted was a real friend",
      "annotations": {}
    },
    {
      "line": "(real, thought you were my real friend)",
      "annotations": {}
    },
    {
      "line": "All i ever wanted was us to be friends",
      "annotations": {}
    }
  ]
}