{
  "lyrics": [
    {
      "line": "[Intro]",
      "annotations": {}
    },
    {
      "line": "Capisce? let me reiterate",
      "annotations": {}
    },
    {
      "line": "I do this sh t, it’s just a habit",
      "annotations": {}
    },
    {
      "line": "Fresh boy chilling",
      "annotations": {}
    },
    {
      "line": "In a mere, i don’t wanna be k!lling n ggers out there",
      "annotations": {}
    },
    {
      "line": "",
      "annotations": {}
    },
    {
      "line": "[Verse 1]",
      "annotations": {}
    },
    {
      "line": "Mic, mpc, help me see what’s better",
      "annotations": {}
    },
    {
      "line": "Between these vices i got in my head",
      "annotations": {}
    },
    {
      "line": "I think i’m acting like a winning leg, seen her egg",
      "annotations": {}
    },
    {
      "line": "Ever got in a safest",
      "annotations": {}
    },
    {
      "line": "Doing messages, something like the best sage is",
      "annotations": {}
    },
    {
      "line": "Cos i’ve never had a gulf, i tow myself",
      "annotations": {}
    },
    {
      "line": "Till i caught her lag, and i took the bag in the f g",
      "annotations": {}
    },
    {
      "line": "Yeah, that’s the f ggots out there",
      "annotations": {}
    },
    {
      "line": "Telling me that i’m still sh tting my pants",
      "annotations": {}
    },
    {
      "line": "",
      "annotations": {}
    },
    {
      "line": "[Chorus]",
      "annotations": {}
    },
    {
      "line": "Cos i love her",
      "annotations": {}
    },
    {
      "line": "Better be ready",
      "annotations": {}
    },
    {
      "line": "I’m coming with this sh t hot",
      "annotations": {}
    },
    {
      "line": "Cos i love her",
      "annotations": {}
    },
    {
      "line": "Better be ready",
      "annotations": {}
    },
    {
      "line": "I’m coming, this sh t out the booth really red",
      "annotations": {}
    },
    {
      "line": "Cos i love her",
      "annotations": {}
    },
    {
      "line": "Better be ready",
      "annotations": {}
    },
    {
      "line": "I’m coming with this sh t hotter than you ever thought",
      "annotations": {}
    },
    {
      "line": "Cos i love her",
      "annotations": {}
    },
    {
      "line": "Better get ready",
      "annotations": {}
    },
    {
      "line": "It’s never been this hot from the best",
      "annotations": {}
    },
    {
      "line": "",
      "annotations": {}
    },
    {
      "line": "[Verse 2]",
      "annotations": {}
    },
    {
      "line": "Who is to f cking rag us",
      "annotations": {}
    },
    {
      "line": "I’m chilling, i’m just, kinda currish",
      "annotations": {}
    },
    {
      "line": "Okay, we can never take this out there",
      "annotations": {}
    },
    {
      "line": "Okay, my name is on this",
      "annotations": {}
    },
    {
      "line": "Weakened knees, honest",
      "annotations": {}
    },
    {
      "line": "I go with the girl and i tell her to undress",
      "annotations": {}
    },
    {
      "line": "She’s got a fat ass",
      "annotations": {}
    },
    {
      "line": "And now i’m looking like her dark baggage",
      "annotations": {}
    },
    {
      "line": "Yeah",
      "annotations": {}
    },
    {
      "line": "Let her know she can listen to my songs all weekend",
      "annotations": {}
    },
    {
      "line": "Let it take her through the weak days",
      "annotations": {}
    },
    {
      "line": "Cos weep goals are never tee pose",
      "annotations": {}
    },
    {
      "line": "And my name is always on",
      "annotations": {}
    },
    {
      "line": "Sheep hoes are alright here?",
      "annotations": {}
    },
    {
      "line": "Looking like you got that oomph utz",
      "annotations": {}
    },
    {
      "line": "Everybody thinks his grunts",
      "annotations": {}
    },
    {
      "line": "While i’m out here",
      "annotations": {}
    },
    {
      "line": "I ain’t with these recruits",
      "annotations": {}
    }
  ]
}