{
  "lyrics": [
    {
      "line": "[Verse 1]",
      "annotations": {
        "1": "Annotation for 1]",
        "Verse": "Annotation for [Verse"
      }
    },
    {
      "line": "I wish i could say",
      "annotations": {}
    },
    {
      "line": "I love you",
      "annotations": {}
    },
    {
      "line": "I wish i could say",
      "annotations": {}
    },
    {
      "line": "I’ll do it all over",
      "annotations": {}
    },
    {
      "line": "Cos my goodbye has come",
      "annotations": {}
    },
    {
      "line": "And i have to ride with you",
      "annotations": {}
    },
    {
      "line": "With you, with you, with you",
      "annotations": {}
    },
    {
      "line": "I gotta handle a raccoon",
      "annotations": {}
    },
    {
      "line": "It’s giving me all the lead buddy",
      "annotations": {}
    },
    {
      "line": "",
      "annotations": {}
    },
    {
      "line": "[Verse 2]",
      "annotations": {
        "2": "Annotation for 2]",
        "Verse": "Annotation for [Verse"
      }
    },
    {
      "line": "And i can say whatever",
      "annotations": {}
    },
    {
      "line": "Band whatever",
      "annotations": {}
    },
    {
      "line": "Gal on you",
      "annotations": {}
    },
    {
      "line": "Hit me with the curve, the scary",
      "annotations": {}
    },
    {
      "line": "Got me feeling like i could be the one",
      "annotations": {}
    },
    {
      "line": "",
      "annotations": {}
    },
    {
      "line": "[Chorus]",
      "annotations": {
        "Chorus": "Annotation for [Chorus]"
      }
    },
    {
      "line": "On a note, respiring",
      "annotations": {}
    },
    {
      "line": "My time not starting up",
      "annotations": {}
    },
    {
      "line": "She said, she said",
      "annotations": {}
    },
    {
      "line": "It don’t have to end",
      "annotations": {}
    },
    {
      "line": "My time, my time not starting right now",
      "annotations": {}
    },
    {
      "line": "She said it is a nay",
      "annotations": {}
    },
    {
      "line": "It doesn’t end",
      "annotations": {}
    },
    {
      "line": "",
      "annotations": {}
    },
    {
      "line": "[Verse 3]",
      "annotations": {
        "3": "Annotation for 3]",
        "Verse": "Annotation for [Verse"
      }
    },
    {
      "line": "Body on body all i ever dream",
      "annotations": {}
    },
    {
      "line": "All i ever dream",
      "annotations": {}
    },
    {
      "line": "I count three",
      "annotations": {}
    },
    {
      "line": "Body on body it’s all i evеr dream",
      "annotations": {}
    },
    {
      "line": "Am i really real",
      "annotations": {}
    },
    {
      "line": "Bеcause she mine and i’m just high",
      "annotations": {}
    },
    {
      "line": "High on marge, you are a séance",
      "annotations": {}
    },
    {
      "line": "",
      "annotations": {}
    },
    {
      "line": "[Outro]",
      "annotations": {
        "Outro": "Annotation for [Outro]"
      }
    },
    {
      "line": "Loving, loving all the time",
      "annotations": {}
    },
    {
      "line": "Loving, loving, loving all the time",
      "annotations": {}
    }
  ]
}