{
  "lyrics": [
    {
      "line": "[Intro]",
      "annotations": {
        "Intro": "Annotation for [Intro]"
      }
    },
    {
      "line": "Fresh boy chilling",
      "annotations": {}
    },
    {
      "line": "Blame it on my neck",
      "annotations": {}
    },
    {
      "line": "",
      "annotations": {}
    },
    {
      "line": "[Verse 1]",
      "annotations": {
        "1": "Annotation for 1]",
        "Verse": "Annotation for [Verse"
      }
    },
    {
      "line": "Do i ever have to say something",
      "annotations": {}
    },
    {
      "line": "Does it ever have to mean anything",
      "annotations": {}
    },
    {
      "line": "When i call my names",
      "annotations": {}
    },
    {
      "line": "Do i go out saying that i have a new face",
      "annotations": {}
    },
    {
      "line": "Do i meet dud with sale",
      "annotations": {}
    },
    {
      "line": "Do i give a good tale",
      "annotations": {}
    },
    {
      "line": "I keep asking",
      "annotations": {}
    },
    {
      "line": "My heavy well rote soul",
      "annotations": {}
    },
    {
      "line": "I let it go",
      "annotations": {}
    },
    {
      "line": "No i let it go",
      "annotations": {}
    },
    {
      "line": "I don’t give a goal",
      "annotations": {}
    },
    {
      "line": "No, no",
      "annotations": {}
    },
    {
      "line": "",
      "annotations": {}
    },
    {
      "line": "[Verse 2]",
      "annotations": {
        "2": "Annotation for 2]",
        "Verse": "Annotation for [Verse"
      }
    },
    {
      "line": "Big in on my verse i carve it",
      "annotations": {}
    },
    {
      "line": "I give you, you have your yaff",
      "annotations": {}
    },
    {
      "line": "Part of it",
      "annotations": {}
    },
    {
      "line": "How i care for every  rs nal part of it",
      "annotations": {}
    },
    {
      "line": "Now my love has started having orders",
      "annotations": {}
    },
    {
      "line": "Giving up unmanned",
      "annotations": {}
    },
    {
      "line": "Like it, i get it, i in rave, i rev it",
      "annotations": {}
    },
    {
      "line": "She knows, i never come up",
      "annotations": {}
    },
    {
      "line": "No on blank, it’s not on dreg",
      "annotations": {}
    },
    {
      "line": "That zit, i grit it",
      "annotations": {}
    },
    {
      "line": "My f cking big figure",
      "annotations": {}
    },
    {
      "line": "Is all i’m going revving for, neat",
      "annotations": {}
    },
    {
      "line": "This never got me in",
      "annotations": {}
    },
    {
      "line": "Never got me an earn",
      "annotations": {}
    },
    {
      "line": "How you ever feel",
      "annotations": {}
    },
    {
      "line": "Once your body gives you a smile",
      "annotations": {}
    },
    {
      "line": "Voices in my head",
      "annotations": {}
    },
    {
      "line": "They ain’t never made me filled",
      "annotations": {}
    },
    {
      "line": "",
      "annotations": {}
    },
    {
      "line": "[Verse 3]",
      "annotations": {
        "3": "Annotation for 3]",
        "Verse": "Annotation for [Verse"
      }
    },
    {
      "line": "I like your m",
      "annotations": {}
    },
    {
      "line": "I’m west, you see me now",
      "annotations": {}
    },
    {
      "line": "I should never have found",
      "annotations": {}
    },
    {
      "line": "Ticking out everything",
      "annotations": {}
    },
    {
      "line": "It’s all in the past",
      "annotations": {}
    },
    {
      "line": "Shrieking in all the quells",
      "annotations": {}
    },
    {
      "line": "Listen, i’m not a fighter",
      "annotations": {}
    },
    {
      "line": "I get it, my talk is here for a kite",
      "annotations": {}
    },
    {
      "line": "Linking at my call",
      "annotations": {}
    },
    {
      "line": "My nest is not your pad",
      "annotations": {}
    },
    {
      "line": "Looking at my ex",
      "annotations": {}
    },
    {
      "line": "I think i did that",
      "annotations": {}
    },
    {
      "line": "I figure it out like a mavin",
      "annotations": {}
    },
    {
      "line": "I could get her to talk",
      "annotations": {}
    },
    {
      "line": "I could give her her parting",
      "annotations": {}
    },
    {
      "line": "Musing out",
      "annotations": {}
    },
    {
      "line": "Easy on the hour",
      "annotations": {}
    },
    {
      "line": "Here’s an age",
      "annotations": {}
    },
    {
      "line": "Just o make me feel",
      "annotations": {}
    },
    {
      "line": "Bet on power",
      "annotations": {}
    },
    {
      "line": "I can give her d ck",
      "annotations": {}
    },
    {
      "line": "Like here’s another mouth",
      "annotations": {}
    },
    {
      "line": "Is that a mild diss",
      "annotations": {}
    },
    {
      "line": "I get the clouts",
      "annotations": {}
    },
    {
      "line": "Cram, make a nick for sound",
      "annotations": {}
    },
    {
      "line": "Easy f",
      "annotations": {}
    },
    {
      "line": "Like do it or do it with twines",
      "annotations": {}
    },
    {
      "line": "Do it hard",
      "annotations": {}
    },
    {
      "line": "Bigger bad",
      "annotations": {}
    }
  ]
}