{
  "lyrics": [
    {
      "line": "[Intro]",
      "annotations": {
        "Intro": "Annotation for [Intro]"
      }
    },
    {
      "line": "Fresh boy chilling",
      "annotations": {}
    },
    {
      "line": "I am waking up",
      "annotations": {}
    },
    {
      "line": "With a different feeling",
      "annotations": {}
    },
    {
      "line": "In my heart, in my body",
      "annotations": {}
    },
    {
      "line": "Yeah, it’s a different vibe",
      "annotations": {}
    },
    {
      "line": "I hear swats",
      "annotations": {}
    },
    {
      "line": "",
      "annotations": {}
    },
    {
      "line": "[Chorus]",
      "annotations": {
        "Chorus": "Annotation for [Chorus]"
      }
    },
    {
      "line": "I’m with admission",
      "annotations": {}
    },
    {
      "line": "Laughing with ambition",
      "annotations": {}
    },
    {
      "line": "Oh rick reflection",
      "annotations": {}
    },
    {
      "line": "Oh look at my mission",
      "annotations": {}
    },
    {
      "line": "I get you all the time",
      "annotations": {}
    },
    {
      "line": "All the time",
      "annotations": {}
    },
    {
      "line": "",
      "annotations": {}
    },
    {
      "line": "[Verse 1]",
      "annotations": {
        "1": "Annotation for 1]",
        "Verse": "Annotation for [Verse"
      }
    },
    {
      "line": "I wake up",
      "annotations": {}
    },
    {
      "line": "With a different feeling",
      "annotations": {}
    },
    {
      "line": "Not a sweat",
      "annotations": {}
    },
    {
      "line": "That was on my insecurities",
      "annotations": {}
    },
    {
      "line": "He’ll live by your son coming up",
      "annotations": {}
    },
    {
      "line": "In a spellbook",
      "annotations": {}
    },
    {
      "line": "The way you prep my head",
      "annotations": {}
    },
    {
      "line": "And i feel that",
      "annotations": {}
    },
    {
      "line": "I got a crop",
      "annotations": {}
    },
    {
      "line": "With his step, puree sup",
      "annotations": {}
    },
    {
      "line": "I get a feeling",
      "annotations": {}
    },
    {
      "line": "I’m not amnesia aging",
      "annotations": {}
    },
    {
      "line": "I ain’t got a legion",
      "annotations": {}
    },
    {
      "line": "Ah oh",
      "annotations": {}
    },
    {
      "line": "I get a feeling",
      "annotations": {}
    },
    {
      "line": "I’m in, he’s healing",
      "annotations": {}
    },
    {
      "line": "I am in remission",
      "annotations": {}
    },
    {
      "line": "Ah oh",
      "annotations": {}
    },
    {
      "line": "",
      "annotations": {}
    },
    {
      "line": "[Verse 2]",
      "annotations": {
        "2": "Annotation for 2]",
        "Verse": "Annotation for [Verse"
      }
    },
    {
      "line": "Habit ambition",
      "annotations": {}
    },
    {
      "line": "All time emission",
      "annotations": {}
    },
    {
      "line": "Locked in on what you reaching for",
      "annotations": {}
    },
    {
      "line": "As you fall",
      "annotations": {}
    },
    {
      "line": "Lest your four walls",
      "annotations": {}
    },
    {
      "line": "I get in, on advancе",
      "annotations": {}
    },
    {
      "line": "I’m with ambition",
      "annotations": {}
    },
    {
      "line": "Hope for recognition",
      "annotations": {}
    },
    {
      "line": "Hopeful gеneration",
      "annotations": {}
    },
    {
      "line": "I’m a new me",
      "annotations": {}
    },
    {
      "line": "Hoping to help you in fall",
      "annotations": {}
    },
    {
      "line": "Oh how you farrow",
      "annotations": {}
    },
    {
      "line": "",
      "annotations": {}
    },
    {
      "line": "[Verse 3]",
      "annotations": {
        "3": "Annotation for 3]",
        "Verse": "Annotation for [Verse"
      }
    },
    {
      "line": "Two picks",
      "annotations": {}
    },
    {
      "line": "Looking for a next stick",
      "annotations": {}
    },
    {
      "line": "I just gotta reveal",
      "annotations": {}
    },
    {
      "line": "That i follow everytime",
      "annotations": {}
    },
    {
      "line": "I wallow in it everytime",
      "annotations": {}
    },
    {
      "line": "How do i get my heir",
      "annotations": {}
    },
    {
      "line": "Her spade",
      "annotations": {}
    },
    {
      "line": "I can’t have my whim",
      "annotations": {}
    },
    {
      "line": "I can’t have her way",
      "annotations": {}
    },
    {
      "line": "She just gotta stay",
      "annotations": {}
    },
    {
      "line": "That is your bill on mine",
      "annotations": {}
    },
    {
      "line": "Idol be mine",
      "annotations": {}
    },
    {
      "line": "I’ve been nosy",
      "annotations": {}
    },
    {
      "line": "Out of my head in a slippery rate",
      "annotations": {}
    },
    {
      "line": "Your sh t i’m revering",
      "annotations": {}
    },
    {
      "line": "Affirming is deceiving",
      "annotations": {}
    },
    {
      "line": "There is just taylor in my head",
      "annotations": {}
    },
    {
      "line": "And that means",
      "annotations": {}
    },
    {
      "line": "That i’m revealing it up",
      "annotations": {}
    },
    {
      "line": "",
      "annotations": {}
    },
    {
      "line": "[Outro]",
      "annotations": {
        "Outro": "Annotation for [Outro]"
      }
    },
    {
      "line": "Weighted mission",
      "annotations": {}
    },
    {
      "line": "Often with ambition",
      "annotations": {}
    },
    {
      "line": "Au fait that’s your reason",
      "annotations": {}
    },
    {
      "line": "And she told me dear she said ed",
      "annotations": {}
    },
    {
      "line": "I look better, when i’m with it",
      "annotations": {}
    },
    {
      "line": "And that could mean that",
      "annotations": {}
    },
    {
      "line": "Eye on her ignition",
      "annotations": {}
    },
    {
      "line": "Awful when i’m b tching",
      "annotations": {}
    },
    {
      "line": "Now with a patent to dreaming",
      "annotations": {}
    },
    {
      "line": "And that could mean that i’m in the low hem",
      "annotations": {}
    },
    {
      "line": "And i’m hoping that she with it",
      "annotations": {}
    },
    {
      "line": "Oh oh",
      "annotations": {}
    }
  ]
}