{
  "lyrics": [
    {
      "line": "[Intro]",
      "annotations": {}
    },
    {
      "line": "Hey!",
      "annotations": {}
    },
    {
      "line": "It’s your boy theophil",
      "annotations": {}
    },
    {
      "line": "I gotta tell you how i feel",
      "annotations": {}
    },
    {
      "line": "I’ve been rolling in my bed",
      "annotations": {}
    },
    {
      "line": "I’ve been having rollie dreams",
      "annotations": {}
    },
    {
      "line": "Can’t get you out my head",
      "annotations": {}
    },
    {
      "line": "",
      "annotations": {}
    },
    {
      "line": "[Verse 1]",
      "annotations": {}
    },
    {
      "line": "Rolling in my bed",
      "annotations": {}
    },
    {
      "line": "Having rollie dreams",
      "annotations": {}
    },
    {
      "line": "Can’t get you out of my head",
      "annotations": {}
    },
    {
      "line": "I’ve been f cking . . . i’ve been thinking about you",
      "annotations": {}
    },
    {
      "line": "I swear, i’ve been f cking thinking about you",
      "annotations": {}
    },
    {
      "line": "I’ve been having rollie dreams",
      "annotations": {}
    },
    {
      "line": "I’ve been rolling in my bed",
      "annotations": {}
    },
    {
      "line": "I can’t get you out of my head",
      "annotations": {}
    },
    {
      "line": "I’ve been f cking thinking about you",
      "annotations": {}
    },
    {
      "line": "I swear i’ve been f cking thinking about you",
      "annotations": {}
    },
    {
      "line": "It’s 4, 5. 10 a.m",
      "annotations": {}
    },
    {
      "line": "I’m still stuck in my head",
      "annotations": {}
    },
    {
      "line": "Having f cking lucid dreams",
      "annotations": {}
    },
    {
      "line": "You gotta tell me what you need",
      "annotations": {}
    },
    {
      "line": "Girl i am ready just to serve you",
      "annotations": {}
    },
    {
      "line": "I swear on my life it is just for you",
      "annotations": {}
    },
    {
      "line": "I even had to record just to sing for you",
      "annotations": {}
    },
    {
      "line": "Now i’m feeling it deep, deep",
      "annotations": {}
    },
    {
      "line": "I swear i am in my feelings girl",
      "annotations": {}
    },
    {
      "line": "I can’t think about anything but you",
      "annotations": {}
    },
    {
      "line": "I can’t think about anything but you",
      "annotations": {}
    },
    {
      "line": "You gotta lеt me know",
      "annotations": {}
    },
    {
      "line": "If i’m the one who is gonna makе us grow",
      "annotations": {}
    },
    {
      "line": "I’ve been down, down",
      "annotations": {}
    },
    {
      "line": "Now i am headed to the top",
      "annotations": {}
    },
    {
      "line": "But i’m still at the ceiling",
      "annotations": {}
    },
    {
      "line": "I swear we can start again",
      "annotations": {}
    },
    {
      "line": "Yeah, from the heart again",
      "annotations": {}
    },
    {
      "line": "All i ever wanted was your love",
      "annotations": {}
    },
    {
      "line": "All you ever wanted was my touch",
      "annotations": {}
    },
    {
      "line": "Like the midas touch",
      "annotations": {}
    },
    {
      "line": "I’ma get golden",
      "annotations": {}
    },
    {
      "line": "When i spit on the mic",
      "annotations": {}
    },
    {
      "line": "Yeah, it is proven",
      "annotations": {}
    },
    {
      "line": "Yeah, you’re the one for me",
      "annotations": {}
    },
    {
      "line": "Take it slow",
      "annotations": {}
    },
    {
      "line": "Don’t ever get it twisted",
      "annotations": {}
    },
    {
      "line": "Like the love we had",
      "annotations": {}
    },
    {
      "line": "Talk thrash but you know . .",
      "annotations": {}
    }
  ]
}