{
  "lyrics": [
    {
      "line": "[Verse 1]",
      "annotations": {
        "1": "Annotation for 1]",
        "Verse": "Annotation for [Verse"
      }
    },
    {
      "line": "How you feel so hurt",
      "annotations": {}
    },
    {
      "line": "That won’t make me bill the heart",
      "annotations": {}
    },
    {
      "line": "How stale",
      "annotations": {}
    },
    {
      "line": "Saddened just cry it out in the sun",
      "annotations": {}
    },
    {
      "line": "Ah!",
      "annotations": {}
    },
    {
      "line": "The sun comes out",
      "annotations": {}
    },
    {
      "line": "Feeling it is a little waned",
      "annotations": {}
    },
    {
      "line": "I might just bid my winnings",
      "annotations": {}
    },
    {
      "line": "Weighing my love",
      "annotations": {}
    },
    {
      "line": "If it will matter",
      "annotations": {}
    },
    {
      "line": "I found a plot of better matter",
      "annotations": {}
    },
    {
      "line": "That’s me, this is me now",
      "annotations": {}
    },
    {
      "line": "Don’t you bother",
      "annotations": {}
    },
    {
      "line": "I come out weasel",
      "annotations": {}
    },
    {
      "line": "I’ma sing something",
      "annotations": {}
    },
    {
      "line": "I want you to come home",
      "annotations": {}
    },
    {
      "line": "I’m home, i’m home",
      "annotations": {}
    },
    {
      "line": "I don’t need to feel grown up",
      "annotations": {}
    },
    {
      "line": "I’ma be better like this",
      "annotations": {}
    },
    {
      "line": "Stays honest",
      "annotations": {}
    },
    {
      "line": "",
      "annotations": {}
    },
    {
      "line": "[Verse 2]",
      "annotations": {
        "2": "Annotation for 2]",
        "Verse": "Annotation for [Verse"
      }
    },
    {
      "line": "Coming back",
      "annotations": {}
    },
    {
      "line": "Topping that",
      "annotations": {}
    },
    {
      "line": "Crony leaning on my head",
      "annotations": {}
    },
    {
      "line": "Like something that",
      "annotations": {}
    },
    {
      "line": "Makes love come around",
      "annotations": {}
    },
    {
      "line": "And take what arе the thoughts",
      "annotations": {}
    },
    {
      "line": "I am fading",
      "annotations": {}
    },
    {
      "line": "I’m feeling like this nevеr fading",
      "annotations": {}
    },
    {
      "line": "I’m feeling like i didn’t have a forte",
      "annotations": {}
    },
    {
      "line": "My fingers never touched your body",
      "annotations": {}
    },
    {
      "line": "But it touched you",
      "annotations": {}
    },
    {
      "line": "Wear a feeling",
      "annotations": {}
    },
    {
      "line": "I love that",
      "annotations": {}
    },
    {
      "line": "H llo dad",
      "annotations": {}
    },
    {
      "line": "Love her, my personal",
      "annotations": {}
    },
    {
      "line": "My everything",
      "annotations": {}
    },
    {
      "line": "Locking all my seals",
      "annotations": {}
    },
    {
      "line": "Ah (laughter)",
      "annotations": {}
    },
    {
      "line": "Motions in providence",
      "annotations": {}
    },
    {
      "line": "Ah!",
      "annotations": {}
    },
    {
      "line": "Love friend doesn’t cost a thing",
      "annotations": {}
    },
    {
      "line": "They say",
      "annotations": {}
    },
    {
      "line": "But it cost whatever",
      "annotations": {}
    },
    {
      "line": "I’m better",
      "annotations": {}
    },
    {
      "line": "Feeling like i might be bothered",
      "annotations": {}
    },
    {
      "line": "I got it on me like lines and quarters",
      "annotations": {}
    },
    {
      "line": "I’m feeling like this is not a new border",
      "annotations": {}
    },
    {
      "line": "Another cruft in the",
      "annotations": {}
    },
    {
      "line": "F cking kitty kitty kiddie",
      "annotations": {}
    },
    {
      "line": "Feeling like you ever had a f cking wedding",
      "annotations": {}
    },
    {
      "line": "Tulle in, meaning, feeling",
      "annotations": {}
    },
    {
      "line": "Ah!",
      "annotations": {}
    },
    {
      "line": "Her stove burning on this sh t like winning",
      "annotations": {}
    },
    {
      "line": "All my time i’ll be feeling with the headphones",
      "annotations": {}
    },
    {
      "line": "Chord it off this spit",
      "annotations": {}
    },
    {
      "line": "Like our tones oh",
      "annotations": {}
    },
    {
      "line": "But it never went past",
      "annotations": {}
    },
    {
      "line": "Whoa! who? whose? whoa! it is rose",
      "annotations": {}
    },
    {
      "line": "Serendipity",
      "annotations": {}
    }
  ]
}