{
  "lyrics": [
    {
      "line": "[Intro]",
      "annotations": {}
    },
    {
      "line": "Oh, tell me now",
      "annotations": {}
    },
    {
      "line": "She’s here",
      "annotations": {}
    },
    {
      "line": "Tell me now",
      "annotations": {}
    },
    {
      "line": "I can’t be here",
      "annotations": {}
    },
    {
      "line": "Don’t be sarah",
      "annotations": {}
    },
    {
      "line": "Don’t be so far from me",
      "annotations": {}
    },
    {
      "line": "",
      "annotations": {}
    },
    {
      "line": "[Verse 1]",
      "annotations": {}
    },
    {
      "line": "I’m painting you all the time",
      "annotations": {}
    },
    {
      "line": "(like all my lines)",
      "annotations": {}
    },
    {
      "line": "When my dial my numbers",
      "annotations": {}
    },
    {
      "line": "Oh i?",
      "annotations": {}
    },
    {
      "line": "Think that it ends on you",
      "annotations": {}
    },
    {
      "line": "Cos i want what is mine to be yours",
      "annotations": {}
    },
    {
      "line": "Sometimes i’m waiting here in h ll",
      "annotations": {}
    },
    {
      "line": "Sometimes it’s not really whole ham",
      "annotations": {}
    },
    {
      "line": "Two face, a roaming in noun",
      "annotations": {}
    },
    {
      "line": "All i know is i am stuck",
      "annotations": {}
    },
    {
      "line": "Just you",
      "annotations": {}
    },
    {
      "line": "Us two, hit the pier",
      "annotations": {}
    },
    {
      "line": "You’re boo",
      "annotations": {}
    },
    {
      "line": "I’m feeling i won her soul in pound",
      "annotations": {}
    },
    {
      "line": "Can we take a moment to slow down",
      "annotations": {}
    },
    {
      "line": "Can we take a moment to slow down",
      "annotations": {}
    },
    {
      "line": "(take a moment)",
      "annotations": {}
    },
    {
      "line": "",
      "annotations": {}
    },
    {
      "line": "[Verse 2]",
      "annotations": {}
    },
    {
      "line": "Cos all these emotions",
      "annotations": {}
    },
    {
      "line": "Make it pour down from without",
      "annotations": {}
    },
    {
      "line": "Take my hands fastened to the world",
      "annotations": {}
    },
    {
      "line": "Pour my love on you",
      "annotations": {}
    },
    {
      "line": "Doesn’t have to be more than this",
      "annotations": {}
    },
    {
      "line": "Flux, caressing in domes",
      "annotations": {}
    },
    {
      "line": "Clocks, hutch you are mine",
      "annotations": {}
    },
    {
      "line": "My blindfold sees you",
      "annotations": {}
    },
    {
      "line": "I’m not out for the war with girls",
      "annotations": {}
    },
    {
      "line": "They’d be minding their own ass",
      "annotations": {}
    },
    {
      "line": "A very consuming run",
      "annotations": {}
    },
    {
      "line": "Hold me down",
      "annotations": {}
    },
    {
      "line": "(hold me down)",
      "annotations": {}
    }
  ]
}