{
  "lyrics": [
    {
      "line": "[Intro]",
      "annotations": {
        "Intro": "Annotation for [Intro]"
      }
    },
    {
      "line": "Yo!",
      "annotations": {}
    },
    {
      "line": "Whoa",
      "annotations": {}
    },
    {
      "line": "Now",
      "annotations": {}
    },
    {
      "line": "Nine",
      "annotations": {}
    },
    {
      "line": "(sniffs)",
      "annotations": {}
    },
    {
      "line": "Jah high . . . hey hi",
      "annotations": {}
    },
    {
      "line": "",
      "annotations": {}
    },
    {
      "line": "[Chorus]",
      "annotations": {
        "Chorus": "Annotation for [Chorus]"
      }
    },
    {
      "line": "Scribble with the gun",
      "annotations": {}
    },
    {
      "line": "Scribble with the gun",
      "annotations": {}
    },
    {
      "line": "How she likes it . . .",
      "annotations": {}
    },
    {
      "line": "When i’m scribbling with the gun",
      "annotations": {}
    },
    {
      "line": "Scribbling with the gun",
      "annotations": {}
    },
    {
      "line": "How she likes it . . .",
      "annotations": {}
    },
    {
      "line": "When i’m scribbling with the gun",
      "annotations": {}
    },
    {
      "line": "Scribbling with the gun",
      "annotations": {}
    },
    {
      "line": "How she likes it . . .",
      "annotations": {}
    },
    {
      "line": "When i’m . . .",
      "annotations": {}
    },
    {
      "line": "Scribbling with the gun eh?",
      "annotations": {}
    },
    {
      "line": "",
      "annotations": {}
    },
    {
      "line": "[Verse 1]",
      "annotations": {
        "1": "Annotation for 1]",
        "Verse": "Annotation for [Verse"
      }
    },
    {
      "line": "I took my time",
      "annotations": {}
    },
    {
      "line": "I’m putting in a lot of time",
      "annotations": {}
    },
    {
      "line": "Man enough . . .",
      "annotations": {}
    },
    {
      "line": "In the healing . . . the pain",
      "annotations": {}
    },
    {
      "line": "",
      "annotations": {}
    },
    {
      "line": "[Hisses]",
      "annotations": {
        "Hisses": "Annotation for [Hisses]"
      }
    },
    {
      "line": "Uh oh",
      "annotations": {}
    },
    {
      "line": "",
      "annotations": {}
    },
    {
      "line": "[Chorus 2]",
      "annotations": {
        "2": "Annotation for 2]",
        "Chorus": "Annotation for [Chorus"
      }
    },
    {
      "line": "I’m scribbling with the gun",
      "annotations": {}
    },
    {
      "line": "Scribbling with the gun",
      "annotations": {}
    },
    {
      "line": "How she likes it . . .",
      "annotations": {}
    },
    {
      "line": "When i’m scribbling with the gun",
      "annotations": {}
    },
    {
      "line": "Scribbling with the gun",
      "annotations": {}
    },
    {
      "line": "How she likes it . . .",
      "annotations": {}
    },
    {
      "line": "When she’s my only thought",
      "annotations": {}
    },
    {
      "line": "And she knows i got a lot of thought",
      "annotations": {}
    },
    {
      "line": "And it all ends on you",
      "annotations": {}
    },
    {
      "line": "",
      "annotations": {}
    },
    {
      "line": "[Verse 2]",
      "annotations": {
        "2": "Annotation for 2]",
        "Verse": "Annotation for [Verse"
      }
    },
    {
      "line": "My love’s on a purse",
      "annotations": {}
    },
    {
      "line": "My pulse’s on a reject",
      "annotations": {}
    },
    {
      "line": "My cost don’t aid my digestion",
      "annotations": {}
    },
    {
      "line": "",
      "annotations": {}
    },
    {
      "line": "[Chorus 3]",
      "annotations": {
        "3": "Annotation for 3]",
        "Chorus": "Annotation for [Chorus"
      }
    },
    {
      "line": "I’m scribbling with the gun",
      "annotations": {}
    },
    {
      "line": "Scribbling with the gun",
      "annotations": {}
    },
    {
      "line": "How she likes it . . .",
      "annotations": {}
    },
    {
      "line": "When i’m scribbling with the gun",
      "annotations": {}
    },
    {
      "line": "Yeah with a gun",
      "annotations": {}
    },
    {
      "line": "How she likes it . . .",
      "annotations": {}
    },
    {
      "line": "When i’m scribbling with the gun",
      "annotations": {}
    },
    {
      "line": "And i’m scribbling with a gun yeah?",
      "annotations": {}
    },
    {
      "line": "",
      "annotations": {}
    },
    {
      "line": "[Curious chuckle]",
      "annotations": {
        "Curious": "Annotation for [Curious",
        "chuckle": "Annotation for chuckle]"
      }
    },
    {
      "line": "",
      "annotations": {}
    },
    {
      "line": "[Verse 3]",
      "annotations": {
        "3": "Annotation for 3]",
        "Verse": "Annotation for [Verse"
      }
    },
    {
      "line": "I just took another step from my cup",
      "annotations": {}
    },
    {
      "line": "I’m feeling like i might never get enough",
      "annotations": {}
    },
    {
      "line": "My kettle’s never gonna boil so . . .",
      "annotations": {}
    },
    {
      "line": "Just have to wait for the rest of the night",
      "annotations": {}
    },
    {
      "line": "So i’ll just",
      "annotations": {}
    },
    {
      "line": "Scribble with a gun",
      "annotations": {}
    },
    {
      "line": "I’ll just scribble with a gun",
      "annotations": {}
    },
    {
      "line": "Till i’m like uncle phil. duh!",
      "annotations": {}
    },
    {
      "line": "And i know that won’t matter, oh oh",
      "annotations": {}
    },
    {
      "line": "Just cry if i am too petulant for my script",
      "annotations": {}
    },
    {
      "line": "",
      "annotations": {}
    },
    {
      "line": "[Outro]",
      "annotations": {
        "Outro": "Annotation for [Outro]"
      }
    },
    {
      "line": "Yeah!",
      "annotations": {}
    },
    {
      "line": "I am scribbling with the gun",
      "annotations": {}
    },
    {
      "line": "Scribble with the gun",
      "annotations": {}
    },
    {
      "line": "How you like it when i’m scribbling with the gun",
      "annotations": {}
    },
    {
      "line": "",
      "annotations": {}
    },
    {
      "line": "[Laughs]",
      "annotations": {
        "Laughs": "Annotation for [Laughs]"
      }
    }
  ]
}