{
  "lyrics": [
    {
      "line": "[Intro]",
      "annotations": {}
    },
    {
      "line": "Take a trip to seoul with me",
      "annotations": {}
    },
    {
      "line": "You could be the only thing",
      "annotations": {}
    },
    {
      "line": "That makes me neo",
      "annotations": {}
    },
    {
      "line": "Baby we could do it",
      "annotations": {}
    },
    {
      "line": "Like a drill",
      "annotations": {}
    },
    {
      "line": "Send me to sleep",
      "annotations": {}
    },
    {
      "line": "That is if i don’t",
      "annotations": {}
    },
    {
      "line": "Send you to sleep first",
      "annotations": {}
    },
    {
      "line": "",
      "annotations": {}
    },
    {
      "line": "[Chorus]",
      "annotations": {}
    },
    {
      "line": "I can’t get it right",
      "annotations": {}
    },
    {
      "line": "Because of you",
      "annotations": {}
    },
    {
      "line": "Because of you",
      "annotations": {}
    },
    {
      "line": "Because of you",
      "annotations": {}
    },
    {
      "line": "No!",
      "annotations": {}
    },
    {
      "line": "I can’t get it right",
      "annotations": {}
    },
    {
      "line": "No! no!",
      "annotations": {}
    },
    {
      "line": "Because of you",
      "annotations": {}
    },
    {
      "line": "Because of you",
      "annotations": {}
    },
    {
      "line": "Because of you",
      "annotations": {}
    },
    {
      "line": "(you)",
      "annotations": {}
    },
    {
      "line": "My head is spinning",
      "annotations": {}
    },
    {
      "line": "(spinning)",
      "annotations": {}
    },
    {
      "line": "It is the coming down",
      "annotations": {}
    },
    {
      "line": "It is the going down",
      "annotations": {}
    },
    {
      "line": "My head is spinning",
      "annotations": {}
    },
    {
      "line": "(spinning)",
      "annotations": {}
    },
    {
      "line": "It is the coming down",
      "annotations": {}
    },
    {
      "line": "It is not coming down",
      "annotations": {}
    },
    {
      "line": "(please will you come down)",
      "annotations": {}
    },
    {
      "line": "D mn the shadows look",
      "annotations": {}
    },
    {
      "line": "Different over here",
      "annotations": {}
    },
    {
      "line": "(oh oh)",
      "annotations": {}
    },
    {
      "line": "I think they need",
      "annotations": {}
    },
    {
      "line": "You closе",
      "annotations": {}
    },
    {
      "line": "D mn the shadows look",
      "annotations": {}
    },
    {
      "line": "Different ovеr here",
      "annotations": {}
    },
    {
      "line": "(oh oh)",
      "annotations": {}
    },
    {
      "line": "I need you close",
      "annotations": {}
    },
    {
      "line": "To send me to sleep",
      "annotations": {}
    },
    {
      "line": "(i need, i need to be asleep)",
      "annotations": {}
    },
    {
      "line": "(ah, ah, ah)",
      "annotations": {}
    },
    {
      "line": "Send me",
      "annotations": {}
    },
    {
      "line": "Bet you gon’",
      "annotations": {}
    },
    {
      "line": "Send me to, send me to sleep",
      "annotations": {}
    },
    {
      "line": "(i need, i need, i need to be asleep)",
      "annotations": {}
    },
    {
      "line": "Send me to sleep",
      "annotations": {}
    },
    {
      "line": "Send me to sleep",
      "annotations": {}
    },
    {
      "line": "Oh oh",
      "annotations": {}
    },
    {
      "line": "",
      "annotations": {}
    },
    {
      "line": "[Verse 1]",
      "annotations": {}
    },
    {
      "line": "Cajoling",
      "annotations": {}
    },
    {
      "line": "She never looking . . .",
      "annotations": {}
    },
    {
      "line": "A nice say",
      "annotations": {}
    },
    {
      "line": "I’m telling like her something",
      "annotations": {}
    },
    {
      "line": "To be shooting . . .",
      "annotations": {}
    },
    {
      "line": "In the morning on bed",
      "annotations": {}
    },
    {
      "line": "I’m not another rolling",
      "annotations": {}
    },
    {
      "line": "Sick in love in bed",
      "annotations": {}
    },
    {
      "line": "All your love",
      "annotations": {}
    },
    {
      "line": "Scr ping and bow",
      "annotations": {}
    },
    {
      "line": "Ruining all my hair",
      "annotations": {}
    },
    {
      "line": "I don’t want to wake up",
      "annotations": {}
    },
    {
      "line": "With her hiding here tonight",
      "annotations": {}
    },
    {
      "line": "I just want to sleep next to you",
      "annotations": {}
    },
    {
      "line": "In my head",
      "annotations": {}
    },
    {
      "line": "I don’t wanna wake up",
      "annotations": {}
    },
    {
      "line": "In the middle of the night",
      "annotations": {}
    },
    {
      "line": "I just wanna sing to you a little",
      "annotations": {}
    },
    {
      "line": "Send you, send you",
      "annotations": {}
    },
    {
      "line": "Send you to sleep",
      "annotations": {}
    },
    {
      "line": "(see me, see me now)",
      "annotations": {}
    },
    {
      "line": "You send me to sleep",
      "annotations": {}
    },
    {
      "line": "(see me now, see me now)",
      "annotations": {}
    },
    {
      "line": "Oh you send me to sleep",
      "annotations": {}
    },
    {
      "line": "(see me now, see me now)",
      "annotations": {}
    },
    {
      "line": "Ouch! you send me to sleep",
      "annotations": {}
    },
    {
      "line": "(see me now, see me now)",
      "annotations": {}
    },
    {
      "line": "",
      "annotations": {}
    },
    {
      "line": "[Bridge]",
      "annotations": {}
    },
    {
      "line": "(whistling)",
      "annotations": {}
    },
    {
      "line": "",
      "annotations": {}
    },
    {
      "line": "[Chorus]",
      "annotations": {}
    },
    {
      "line": "I can’t get it right",
      "annotations": {}
    },
    {
      "line": "Because of you",
      "annotations": {}
    },
    {
      "line": "Because of you",
      "annotations": {}
    },
    {
      "line": "Because of you",
      "annotations": {}
    },
    {
      "line": "No!",
      "annotations": {}
    },
    {
      "line": "I can’t get it right",
      "annotations": {}
    },
    {
      "line": "No! no!",
      "annotations": {}
    },
    {
      "line": "Because of you",
      "annotations": {}
    },
    {
      "line": "Because of you",
      "annotations": {}
    },
    {
      "line": "Because of you",
      "annotations": {}
    },
    {
      "line": "(you)",
      "annotations": {}
    },
    {
      "line": "My head is spinning",
      "annotations": {}
    },
    {
      "line": "(spinning)",
      "annotations": {}
    },
    {
      "line": "It is the coming down",
      "annotations": {}
    },
    {
      "line": "It is the going down",
      "annotations": {}
    },
    {
      "line": "My head is spinning",
      "annotations": {}
    },
    {
      "line": "(spinning)",
      "annotations": {}
    },
    {
      "line": "It is the coming down",
      "annotations": {}
    },
    {
      "line": "It is not coming down",
      "annotations": {}
    },
    {
      "line": "(please will you come down)",
      "annotations": {}
    },
    {
      "line": "D mn the shadows look",
      "annotations": {}
    },
    {
      "line": "Different over here",
      "annotations": {}
    },
    {
      "line": "(oh oh)",
      "annotations": {}
    },
    {
      "line": "I think they need",
      "annotations": {}
    },
    {
      "line": "You close",
      "annotations": {}
    },
    {
      "line": "D mn the shadows look",
      "annotations": {}
    },
    {
      "line": "Different over here",
      "annotations": {}
    },
    {
      "line": "(oh oh)",
      "annotations": {}
    },
    {
      "line": "I need you close",
      "annotations": {}
    },
    {
      "line": "To send me to sleep",
      "annotations": {}
    },
    {
      "line": "(i need, i need to be asleep)",
      "annotations": {}
    },
    {
      "line": "(ah, ah, ah)",
      "annotations": {}
    },
    {
      "line": "Send me",
      "annotations": {}
    },
    {
      "line": "Bet you gon’",
      "annotations": {}
    },
    {
      "line": "Send me to, send me to sleep",
      "annotations": {}
    },
    {
      "line": "(i need, i need, i need to be asleep)",
      "annotations": {}
    },
    {
      "line": "Send me to sleep",
      "annotations": {}
    },
    {
      "line": "Send me to sleep",
      "annotations": {}
    },
    {
      "line": "Oh oh",
      "annotations": {}
    }
  ]
}