{
  "lyrics": [
    {
      "line": "[Intro]",
      "annotations": {
        "Intro": "Annotation for [Intro]"
      }
    },
    {
      "line": "Fresh boy chilling",
      "annotations": {}
    },
    {
      "line": "",
      "annotations": {}
    },
    {
      "line": "[Chorus]",
      "annotations": {
        "Chorus": "Annotation for [Chorus]"
      }
    },
    {
      "line": "Not looking back with my hand on my fort",
      "annotations": {}
    },
    {
      "line": "Oh you’re looking for someone dull",
      "annotations": {}
    },
    {
      "line": "Leaped her train",
      "annotations": {}
    },
    {
      "line": "Not my fault",
      "annotations": {}
    },
    {
      "line": "Easy nut",
      "annotations": {}
    },
    {
      "line": "Is it not",
      "annotations": {}
    },
    {
      "line": "Looking like i got a bed",
      "annotations": {}
    },
    {
      "line": "With zero feeling",
      "annotations": {}
    },
    {
      "line": "Girl who got",
      "annotations": {}
    },
    {
      "line": "Girl who got no bun",
      "annotations": {}
    },
    {
      "line": "I’ll die looking out with my hand on my fort",
      "annotations": {}
    },
    {
      "line": "Oh my gawd",
      "annotations": {}
    },
    {
      "line": "I saw an envelope hanging with some fraud",
      "annotations": {}
    },
    {
      "line": "Height of my shirt",
      "annotations": {}
    },
    {
      "line": "Hope to clean them in a flood",
      "annotations": {}
    },
    {
      "line": "I fed same dud? odd",
      "annotations": {}
    },
    {
      "line": "",
      "annotations": {}
    },
    {
      "line": "[Verse 1]",
      "annotations": {
        "1": "Annotation for 1]",
        "Verse": "Annotation for [Verse"
      }
    },
    {
      "line": "Kinness, to your nest",
      "annotations": {}
    },
    {
      "line": "Him next, all i want is your noise",
      "annotations": {}
    },
    {
      "line": "Illness, heal me next, fullness",
      "annotations": {}
    },
    {
      "line": "Your noise, all i want is theo the nerd",
      "annotations": {}
    },
    {
      "line": "Girl you got my heart",
      "annotations": {}
    },
    {
      "line": "Heart",
      "annotations": {}
    },
    {
      "line": "And i can’t come down",
      "annotations": {}
    },
    {
      "line": "Can’t come down",
      "annotations": {}
    },
    {
      "line": "Girl you got my heart",
      "annotations": {}
    },
    {
      "line": "Oh, take my stairs",
      "annotations": {}
    },
    {
      "line": "It’d suck if you’re vote",
      "annotations": {}
    },
    {
      "line": "Trust your votе cos i fell whole",
      "annotations": {}
    },
    {
      "line": "Ending, no we arе at the start",
      "annotations": {}
    },
    {
      "line": "And i don’t care who’s chart",
      "annotations": {}
    },
    {
      "line": "All alone i was shy",
      "annotations": {}
    },
    {
      "line": "All along in the court with you",
      "annotations": {}
    },
    {
      "line": "",
      "annotations": {}
    },
    {
      "line": "[Chorus]",
      "annotations": {
        "Chorus": "Annotation for [Chorus]"
      }
    },
    {
      "line": "Not looking back with my hand on my fort",
      "annotations": {}
    },
    {
      "line": "Oh you’re looking for someone dull",
      "annotations": {}
    },
    {
      "line": "Leaped her train",
      "annotations": {}
    },
    {
      "line": "Not my fault",
      "annotations": {}
    },
    {
      "line": "Easy nut",
      "annotations": {}
    },
    {
      "line": "Is it not",
      "annotations": {}
    },
    {
      "line": "Looking like i got a bed",
      "annotations": {}
    },
    {
      "line": "With zero feeling",
      "annotations": {}
    },
    {
      "line": "Girl who got",
      "annotations": {}
    },
    {
      "line": "Girl who got no bun",
      "annotations": {}
    },
    {
      "line": "I’ll die looking out with my hand on my fort",
      "annotations": {}
    },
    {
      "line": "Oh my gawd",
      "annotations": {}
    },
    {
      "line": "I saw an envelope hanging with some fraud",
      "annotations": {}
    },
    {
      "line": "Height of my shirt",
      "annotations": {}
    },
    {
      "line": "Hope to clean them in a flood",
      "annotations": {}
    },
    {
      "line": "I fed same dud? odd",
      "annotations": {}
    }
  ]
}