{
  "lyrics": [
    {
      "line": "[Intro]",
      "annotations": {}
    },
    {
      "line": "For you, i’ll try",
      "annotations": {}
    },
    {
      "line": "Mine, it’s not a coincidence",
      "annotations": {}
    },
    {
      "line": "Hi, take my hand",
      "annotations": {}
    },
    {
      "line": "",
      "annotations": {}
    },
    {
      "line": "[Verse 1]",
      "annotations": {}
    },
    {
      "line": "My love is not going nowhere",
      "annotations": {}
    },
    {
      "line": "And this time, it’s not ticking",
      "annotations": {}
    },
    {
      "line": "A nod in my face",
      "annotations": {}
    },
    {
      "line": "I’m sitting on this",
      "annotations": {}
    },
    {
      "line": "I’m picking it out",
      "annotations": {}
    },
    {
      "line": "I’m freaking over this",
      "annotations": {}
    },
    {
      "line": "Oh, take notes",
      "annotations": {}
    },
    {
      "line": "Take this down",
      "annotations": {}
    },
    {
      "line": "It’s going down",
      "annotations": {}
    },
    {
      "line": "My grain is up and it is seaming in",
      "annotations": {}
    },
    {
      "line": "Simile, simmering",
      "annotations": {}
    },
    {
      "line": "",
      "annotations": {}
    },
    {
      "line": "[Bridge]",
      "annotations": {}
    },
    {
      "line": "High old time",
      "annotations": {}
    },
    {
      "line": "(play here)",
      "annotations": {}
    },
    {
      "line": "Halo, while your time",
      "annotations": {}
    },
    {
      "line": "Pining this",
      "annotations": {}
    },
    {
      "line": "Play here all the time",
      "annotations": {}
    },
    {
      "line": "High old time",
      "annotations": {}
    },
    {
      "line": "(girlie, girlie)",
      "annotations": {}
    },
    {
      "line": "With you",
      "annotations": {}
    },
    {
      "line": "(pine)",
      "annotations": {}
    },
    {
      "line": "Is the best side",
      "annotations": {}
    },
    {
      "line": "I want you by my side",
      "annotations": {}
    },
    {
      "line": "(side)",
      "annotations": {}
    },
    {
      "line": "(by my side)",
      "annotations": {}
    },
    {
      "line": "",
      "annotations": {}
    },
    {
      "line": "[Verse 2]",
      "annotations": {}
    },
    {
      "line": "High old time",
      "annotations": {}
    },
    {
      "line": "(high old time)",
      "annotations": {}
    },
    {
      "line": "Be on time",
      "annotations": {}
    },
    {
      "line": "(be on time)",
      "annotations": {}
    },
    {
      "line": "We should not re recline",
      "annotations": {}
    },
    {
      "line": "I just want you lover",
      "annotations": {}
    },
    {
      "line": "Don’t be a sly",
      "annotations": {}
    },
    {
      "line": "(obvious twinkle)",
      "annotations": {}
    },
    {
      "line": "I can’t look at the sky",
      "annotations": {}
    },
    {
      "line": "Long day now",
      "annotations": {}
    },
    {
      "line": "(i can’t look at the sky, long day now)",
      "annotations": {}
    },
    {
      "line": "I can be what side",
      "annotations": {}
    },
    {
      "line": "Oh",
      "annotations": {}
    },
    {
      "line": "He’s charted",
      "annotations": {}
    },
    {
      "line": "It’s f cked up",
      "annotations": {}
    },
    {
      "line": "I kicking stones, all the time",
      "annotations": {}
    },
    {
      "line": "(up in the air)",
      "annotations": {}
    },
    {
      "line": "It doesn’t ever change",
      "annotations": {}
    },
    {
      "line": "Not around here, not in my level",
      "annotations": {}
    },
    {
      "line": "Not in my bedroom",
      "annotations": {}
    },
    {
      "line": "Not when i’m out",
      "annotations": {}
    },
    {
      "line": "Or wherever . . .",
      "annotations": {}
    },
    {
      "line": "I’m a man in my head",
      "annotations": {}
    },
    {
      "line": "Tall to you",
      "annotations": {}
    },
    {
      "line": "",
      "annotations": {}
    },
    {
      "line": "[Outro]",
      "annotations": {}
    },
    {
      "line": "Talk, talk",
      "annotations": {}
    },
    {
      "line": "Back, i’ll never go out of luck",
      "annotations": {}
    },
    {
      "line": "(nowhere)",
      "annotations": {}
    },
    {
      "line": "You should know girl",
      "annotations": {}
    },
    {
      "line": "Tee this up, cool pretty, you are out",
      "annotations": {}
    },
    {
      "line": "The vain in touch",
      "annotations": {}
    },
    {
      "line": "Hyena the seed above it",
      "annotations": {}
    },
    {
      "line": "I owe it to a receipt",
      "annotations": {}
    },
    {
      "line": "I’m not old enough",
      "annotations": {}
    }
  ]
}