{
  "lyrics": [
    {
      "line": "[Intro]",
      "annotations": {}
    },
    {
      "line": "Fresh boy chilling",
      "annotations": {}
    },
    {
      "line": "S x could be everything",
      "annotations": {}
    },
    {
      "line": "",
      "annotations": {}
    },
    {
      "line": "[Verse 1]",
      "annotations": {}
    },
    {
      "line": "If it is everything then i’m going up",
      "annotations": {}
    },
    {
      "line": "If it is everything i’m going up",
      "annotations": {}
    },
    {
      "line": "S x could be everything",
      "annotations": {}
    },
    {
      "line": "S x could be everything",
      "annotations": {}
    },
    {
      "line": "S x could be everything",
      "annotations": {}
    },
    {
      "line": "S x could be everything",
      "annotations": {}
    },
    {
      "line": "",
      "annotations": {}
    },
    {
      "line": "[Verse 2]",
      "annotations": {}
    },
    {
      "line": "That makes your body everything",
      "annotations": {}
    },
    {
      "line": "When touching it",
      "annotations": {}
    },
    {
      "line": "I’m kissing it",
      "annotations": {}
    },
    {
      "line": "I’m loving it",
      "annotations": {}
    },
    {
      "line": "S x could be everything",
      "annotations": {}
    },
    {
      "line": "It could be everything",
      "annotations": {}
    },
    {
      "line": "So convinced",
      "annotations": {}
    },
    {
      "line": "S x is everything",
      "annotations": {}
    },
    {
      "line": "How you make it еverything",
      "annotations": {}
    },
    {
      "line": "Pulling on your hair",
      "annotations": {}
    },
    {
      "line": "Holding my hand",
      "annotations": {}
    },
    {
      "line": "Don’t you let go",
      "annotations": {}
    },
    {
      "line": "S x could bе everything",
      "annotations": {}
    },
    {
      "line": "This could be everything",
      "annotations": {}
    },
    {
      "line": "S x is everything and more",
      "annotations": {}
    },
    {
      "line": "",
      "annotations": {}
    },
    {
      "line": "[Bridge]",
      "annotations": {}
    },
    {
      "line": "What’s more",
      "annotations": {}
    },
    {
      "line": "Let’s do it again",
      "annotations": {}
    },
    {
      "line": "",
      "annotations": {}
    },
    {
      "line": "[Verse 3]",
      "annotations": {}
    },
    {
      "line": "Ticking my time",
      "annotations": {}
    },
    {
      "line": "Break a foot in her door",
      "annotations": {}
    },
    {
      "line": "I could tick her time",
      "annotations": {}
    },
    {
      "line": "Just to take her bow",
      "annotations": {}
    },
    {
      "line": "Break it down",
      "annotations": {}
    },
    {
      "line": "Like i’m peddling",
      "annotations": {}
    },
    {
      "line": "A guess on her ball",
      "annotations": {}
    },
    {
      "line": "Her key reel",
      "annotations": {}
    },
    {
      "line": "Like i’m drowning in her harp",
      "annotations": {}
    },
    {
      "line": "",
      "annotations": {}
    },
    {
      "line": "[Outro]",
      "annotations": {}
    },
    {
      "line": "S x is everything",
      "annotations": {}
    },
    {
      "line": "S x is everything",
      "annotations": {}
    },
    {
      "line": "S x is everything",
      "annotations": {}
    },
    {
      "line": "S x is everything",
      "annotations": {}
    },
    {
      "line": "Everything, everything",
      "annotations": {}
    }
  ]
}