{
  "lyrics": [
    {
      "line": "[Intro]",
      "annotations": {}
    },
    {
      "line": "Say you want it too",
      "annotations": {}
    },
    {
      "line": "I want it too",
      "annotations": {}
    },
    {
      "line": "I’ll buy it too",
      "annotations": {}
    },
    {
      "line": "I want it too",
      "annotations": {}
    },
    {
      "line": "I’ll fight for you",
      "annotations": {}
    },
    {
      "line": "",
      "annotations": {}
    },
    {
      "line": "[Verse 1]",
      "annotations": {}
    },
    {
      "line": "Get it going",
      "annotations": {}
    },
    {
      "line": "Off the bench",
      "annotations": {}
    },
    {
      "line": "Eyeing that man",
      "annotations": {}
    },
    {
      "line": "Counting his cheques",
      "annotations": {}
    },
    {
      "line": "I never had the bands",
      "annotations": {}
    },
    {
      "line": "That’s a fact",
      "annotations": {}
    },
    {
      "line": "When it is d mn time",
      "annotations": {}
    },
    {
      "line": "Meet him outside",
      "annotations": {}
    },
    {
      "line": "And she d mn know it",
      "annotations": {}
    },
    {
      "line": "She d mn know it",
      "annotations": {}
    },
    {
      "line": "I never won a mill",
      "annotations": {}
    },
    {
      "line": "I’m always on my prof",
      "annotations": {}
    },
    {
      "line": "Yes she know it",
      "annotations": {}
    },
    {
      "line": "You should know it",
      "annotations": {}
    },
    {
      "line": "I’m locked; this profane",
      "annotations": {}
    },
    {
      "line": "",
      "annotations": {}
    },
    {
      "line": "[Verse 2]",
      "annotations": {}
    },
    {
      "line": "Sorry, sorry for our date away",
      "annotations": {}
    },
    {
      "line": "Sorry, sorry isn’t my pen away?",
      "annotations": {}
    },
    {
      "line": "Thrill, hoot your body",
      "annotations": {}
    },
    {
      "line": "Here with me",
      "annotations": {}
    },
    {
      "line": "When i’m feeling i can’t get on your ride",
      "annotations": {}
    },
    {
      "line": "I unnerve myself when i’m not with you",
      "annotations": {}
    },
    {
      "line": "Poor paddy",
      "annotations": {}
    },
    {
      "line": "I love it when it is your body",
      "annotations": {}
    },
    {
      "line": "Will i ever get it right",
      "annotations": {}
    },
    {
      "line": "It is your body",
      "annotations": {}
    },
    {
      "line": "I’m not myself, well i met the anejo",
      "annotations": {}
    },
    {
      "line": "And i’m not in applausе",
      "annotations": {}
    },
    {
      "line": "Tell me it is not certain",
      "annotations": {}
    },
    {
      "line": "I’m not lеtter, a verse",
      "annotations": {}
    },
    {
      "line": "That’s why, yes knock on my shoo",
      "annotations": {}
    },
    {
      "line": "I’m in the party so crack your sh t up",
      "annotations": {}
    },
    {
      "line": "I ain’t got no time just to be the prey either",
      "annotations": {}
    },
    {
      "line": "Hand in my air",
      "annotations": {}
    },
    {
      "line": "Like i’m tryna move sh t",
      "annotations": {}
    },
    {
      "line": "I’m in my movie, it’s not going away",
      "annotations": {}
    },
    {
      "line": "Whether she down",
      "annotations": {}
    },
    {
      "line": "Am i?",
      "annotations": {}
    },
    {
      "line": "She’s that woman",
      "annotations": {}
    },
    {
      "line": "I’m not fooling around",
      "annotations": {}
    },
    {
      "line": "I’m caught in the rain",
      "annotations": {}
    },
    {
      "line": "I made her mine",
      "annotations": {}
    },
    {
      "line": "I’m surreal living",
      "annotations": {}
    },
    {
      "line": "I’m taking this time to feign your leaving",
      "annotations": {}
    },
    {
      "line": "Like i’m for her dain’t in my brailling",
      "annotations": {}
    },
    {
      "line": "Moving this other reign",
      "annotations": {}
    },
    {
      "line": "I’m f cking with my self",
      "annotations": {}
    },
    {
      "line": "Does it ever matter",
      "annotations": {}
    },
    {
      "line": "Will i ever come back to the surf",
      "annotations": {}
    },
    {
      "line": "Oh we are stuck",
      "annotations": {}
    },
    {
      "line": "Still out of my earning",
      "annotations": {}
    },
    {
      "line": "Silver rain dissolve this pain",
      "annotations": {}
    },
    {
      "line": "Ether over my veins",
      "annotations": {}
    },
    {
      "line": "Like i’m not going nowhere",
      "annotations": {}
    },
    {
      "line": "If i do not . . . the sum y’all owe",
      "annotations": {}
    },
    {
      "line": "The case in the page is",
      "annotations": {}
    },
    {
      "line": "Will she stay?",
      "annotations": {}
    },
    {
      "line": "Will i see her?",
      "annotations": {}
    },
    {
      "line": "Stay and her see if it is my case",
      "annotations": {}
    },
    {
      "line": "Looking like oh you got nothing on",
      "annotations": {}
    },
    {
      "line": "Is how i’m gonna be with you",
      "annotations": {}
    },
    {
      "line": "Looking like you got something on",
      "annotations": {}
    },
    {
      "line": "Is that issue, are you down with me?",
      "annotations": {}
    },
    {
      "line": "Ah, even i live and write, down the line",
      "annotations": {}
    },
    {
      "line": "Oh fooling around, it is my shire",
      "annotations": {}
    },
    {
      "line": "(laughter)",
      "annotations": {}
    },
    {
      "line": "So will you leave a clue?",
      "annotations": {}
    }
  ]
}