{
  "lyrics": [
    {
      "line": "[Intro]",
      "annotations": {
        "Intro": "Annotation for [Intro]"
      }
    },
    {
      "line": "Show me a girl",
      "annotations": {}
    },
    {
      "line": "Tell me her name is nothing to tell",
      "annotations": {}
    },
    {
      "line": "Show me a girl",
      "annotations": {}
    },
    {
      "line": "Tell me her name is nothing to tell",
      "annotations": {}
    },
    {
      "line": "",
      "annotations": {}
    },
    {
      "line": "[Verse 1]",
      "annotations": {
        "1": "Annotation for 1]",
        "Verse": "Annotation for [Verse"
      }
    },
    {
      "line": "That could be kendall",
      "annotations": {}
    },
    {
      "line": "Someday i will take paracetamol",
      "annotations": {}
    },
    {
      "line": "Arm myself, that’s a never tool",
      "annotations": {}
    },
    {
      "line": "I’m not looking for no one",
      "annotations": {}
    },
    {
      "line": "That’s another bell",
      "annotations": {}
    },
    {
      "line": "I just need that girl",
      "annotations": {}
    },
    {
      "line": "She knows she makes me overtime",
      "annotations": {}
    },
    {
      "line": "She will roll up",
      "annotations": {}
    },
    {
      "line": "Share her roll up",
      "annotations": {}
    },
    {
      "line": "And i’m real enough about a smoke up",
      "annotations": {}
    },
    {
      "line": "It don’t mean that i’m a rebel to tail her",
      "annotations": {}
    },
    {
      "line": "But annal looking at myself",
      "annotations": {}
    },
    {
      "line": "I ‘on’t ever go up",
      "annotations": {}
    },
    {
      "line": "I ‘on’t ever take time to freestyle",
      "annotations": {}
    },
    {
      "line": "Be myself, like i’m tryna get this girl",
      "annotations": {}
    },
    {
      "line": "Her name could be kendall jenner",
      "annotations": {}
    },
    {
      "line": "I don’t know if she will pretend",
      "annotations": {}
    },
    {
      "line": "That i’m unto her, wanna do her, i ran to her",
      "annotations": {}
    },
    {
      "line": "And know who is coming for this",
      "annotations": {}
    },
    {
      "line": "Oh he’s coming forward on this",
      "annotations": {}
    },
    {
      "line": "That i’m unto her, i’m unto her, i’m unto her",
      "annotations": {}
    },
    {
      "line": "In autumn",
      "annotations": {}
    },
    {
      "line": "Fine, he’s over on this",
      "annotations": {}
    },
    {
      "line": "She’s down to rim",
      "annotations": {}
    },
    {
      "line": "",
      "annotations": {}
    },
    {
      "line": "[Verse 2]",
      "annotations": {
        "2": "Annotation for 2]",
        "Verse": "Annotation for [Verse"
      }
    },
    {
      "line": "Well she’s probably a race",
      "annotations": {}
    },
    {
      "line": "And i’m delirious",
      "annotations": {}
    },
    {
      "line": "With my thoughts and my imagination",
      "annotations": {}
    },
    {
      "line": "Somebody get a ring",
      "annotations": {}
    },
    {
      "line": "I’ma about put a ring on her finger",
      "annotations": {}
    },
    {
      "line": "I think i’m kinda lost on my screen",
      "annotations": {}
    },
    {
      "line": "But i don’t spend enough time",
      "annotations": {}
    },
    {
      "line": "I’m not really sure",
      "annotations": {}
    },
    {
      "line": "I don’t get enough time out of this zone",
      "annotations": {}
    },
    {
      "line": "I’m not myself that should be in the bone",
      "annotations": {}
    },
    {
      "line": "That should be in the bone",
      "annotations": {}
    },
    {
      "line": "I ‘on’t really go off",
      "annotations": {}
    },
    {
      "line": "But i know that she makes my bum bum bum go",
      "annotations": {}
    },
    {
      "line": "Like rap papa",
      "annotations": {}
    },
    {
      "line": "I’m not sure what put me on these days",
      "annotations": {}
    },
    {
      "line": "It’s probably that or that or that, or her smile",
      "annotations": {}
    },
    {
      "line": "Probably could be the only reason",
      "annotations": {}
    },
    {
      "line": "I’m always thinking of her buying",
      "annotations": {}
    },
    {
      "line": "And if you get one",
      "annotations": {}
    },
    {
      "line": "Better be someone",
      "annotations": {}
    },
    {
      "line": "Who is gonna bring me like",
      "annotations": {}
    },
    {
      "line": "Kendall is everywhere arresting me",
      "annotations": {}
    },
    {
      "line": "Making me feel like i’m in a realer dream",
      "annotations": {}
    },
    {
      "line": "I ‘on’t really know if it is, or he’d rather grin",
      "annotations": {}
    },
    {
      "line": "But i know all i ever do is make hit",
      "annotations": {}
    },
    {
      "line": "",
      "annotations": {}
    },
    {
      "line": "[Outro]",
      "annotations": {
        "Outro": "Annotation for [Outro]"
      }
    },
    {
      "line": "Hum d mn chain",
      "annotations": {}
    },
    {
      "line": "Thinking on the shen",
      "annotations": {}
    },
    {
      "line": "Thinking of her dream",
      "annotations": {}
    },
    {
      "line": "Thinking of a time",
      "annotations": {}
    },
    {
      "line": "When that dream will all be",
      "annotations": {}
    },
    {
      "line": ". . . in the bill you know",
      "annotations": {}
    },
    {
      "line": "Mehn",
      "annotations": {}
    }
  ]
}