{
  "lyrics": [
    {
      "line": "[Verse 1]",
      "annotations": {
        "1": "Annotation for 1]",
        "Verse": "Annotation for [Verse"
      }
    },
    {
      "line": "Hey!",
      "annotations": {}
    },
    {
      "line": "And she noses",
      "annotations": {}
    },
    {
      "line": "I’m a party young mule",
      "annotations": {}
    },
    {
      "line": "I put her where she never gonzo",
      "annotations": {}
    },
    {
      "line": "Yeah",
      "annotations": {}
    },
    {
      "line": "And she knows i’m a party young mule",
      "annotations": {}
    },
    {
      "line": "And i do it for square",
      "annotations": {}
    },
    {
      "line": "And i do it for her",
      "annotations": {}
    },
    {
      "line": "On my miles and goal",
      "annotations": {}
    },
    {
      "line": "And i’m . . .",
      "annotations": {}
    },
    {
      "line": "I’m tryna find a goal then serve her now",
      "annotations": {}
    },
    {
      "line": "And i’m not even looking for no one now",
      "annotations": {}
    },
    {
      "line": "And she knows that’s her",
      "annotations": {}
    },
    {
      "line": "The side for sure",
      "annotations": {}
    },
    {
      "line": "Eh!",
      "annotations": {}
    },
    {
      "line": "I need it to take it back",
      "annotations": {}
    },
    {
      "line": "Back to the time, and i had a pen, and a note",
      "annotations": {}
    },
    {
      "line": "And i put this jot down",
      "annotations": {}
    },
    {
      "line": "And i had to put my words for data",
      "annotations": {}
    },
    {
      "line": "Make a li’l sales",
      "annotations": {}
    },
    {
      "line": "And i’m out in the streets",
      "annotations": {}
    },
    {
      "line": "Hiding the streets",
      "annotations": {}
    },
    {
      "line": "Out with the game",
      "annotations": {}
    },
    {
      "line": "Out with the dream",
      "annotations": {}
    },
    {
      "line": "Out with the team",
      "annotations": {}
    },
    {
      "line": "And i’m feeling like nothing can stop me now",
      "annotations": {}
    },
    {
      "line": "So you better get ready for my halogen",
      "annotations": {}
    },
    {
      "line": "Me on eulogy",
      "annotations": {}
    },
    {
      "line": "",
      "annotations": {}
    },
    {
      "line": "[?]",
      "annotations": {
        "?": "Annotation for [?]"
      }
    },
    {
      "line": "That explains all my good deeds",
      "annotations": {}
    },
    {
      "line": "And everybody knows how i did",
      "annotations": {}
    },
    {
      "line": "And i have the d mn go well",
      "annotations": {}
    },
    {
      "line": "",
      "annotations": {}
    },
    {
      "line": "[?]",
      "annotations": {
        "?": "Annotation for [?]"
      }
    },
    {
      "line": "Send me your love",
      "annotations": {}
    },
    {
      "line": "Bring your love",
      "annotations": {}
    },
    {
      "line": "Let the tongue get the bed loud",
      "annotations": {}
    },
    {
      "line": "Bring your love",
      "annotations": {}
    },
    {
      "line": "Bring the love",
      "annotations": {}
    },
    {
      "line": "Let the tongue make the bell, let it ring loud",
      "annotations": {}
    },
    {
      "line": "Cos i’m not here to loaf",
      "annotations": {}
    },
    {
      "line": "Just here for the loaf",
      "annotations": {}
    },
    {
      "line": "Got my girl with me . . .",
      "annotations": {}
    },
    {
      "line": "Gold",
      "annotations": {}
    },
    {
      "line": "And she knows that i’m coming for her heart",
      "annotations": {}
    },
    {
      "line": "Love’s not a thing when you live this way",
      "annotations": {}
    },
    {
      "line": "Love’s not a thing when you love this way",
      "annotations": {}
    },
    {
      "line": "Not no deed",
      "annotations": {}
    },
    {
      "line": "I’m coming for this sh t",
      "annotations": {}
    },
    {
      "line": "All my homers rollers",
      "annotations": {}
    },
    {
      "line": "And we down for the sh t",
      "annotations": {}
    },
    {
      "line": "Down for the shade",
      "annotations": {}
    },
    {
      "line": "Down with a brick",
      "annotations": {}
    },
    {
      "line": "And i’m down with the will",
      "annotations": {}
    },
    {
      "line": "And i’m down with a lot of stitch",
      "annotations": {}
    },
    {
      "line": "And i know that i’m down with the bill",
      "annotations": {}
    },
    {
      "line": "And i’m out here to leak",
      "annotations": {}
    },
    {
      "line": "If i down with the ditch",
      "annotations": {}
    },
    {
      "line": "Like oh oh",
      "annotations": {}
    },
    {
      "line": "I’m down when the telling is with you",
      "annotations": {}
    },
    {
      "line": "I plummeted and i went for you",
      "annotations": {}
    },
    {
      "line": "You’re never going hit the ground",
      "annotations": {}
    },
    {
      "line": "Cos i’m out here with the s on my chest",
      "annotations": {}
    },
    {
      "line": "Like them other haters",
      "annotations": {}
    },
    {
      "line": "Them other fakers",
      "annotations": {}
    },
    {
      "line": "They can hit the lakers",
      "annotations": {}
    },
    {
      "line": "If they ever had a reason",
      "annotations": {}
    },
    {
      "line": "Just to be a baker",
      "annotations": {}
    },
    {
      "line": "I’m still acting like i got no wake up",
      "annotations": {}
    },
    {
      "line": "But i hit the alarm",
      "annotations": {}
    },
    {
      "line": "And that means that i’m ready for the day",
      "annotations": {}
    },
    {
      "line": "I ain’t here for the loafing",
      "annotations": {}
    },
    {
      "line": "Just here for the loaf",
      "annotations": {}
    },
    {
      "line": "Said it twice",
      "annotations": {}
    },
    {
      "line": "Just to feel like i’m down for a dove",
      "annotations": {}
    },
    {
      "line": "Eh!",
      "annotations": {}
    },
    {
      "line": "No time for playing",
      "annotations": {}
    },
    {
      "line": "I’m just here",
      "annotations": {}
    },
    {
      "line": "Put my legs on the pouffe",
      "annotations": {}
    },
    {
      "line": "And i’m out",
      "annotations": {}
    },
    {
      "line": "Puff!",
      "annotations": {}
    },
    {
      "line": "Well f ck!",
      "annotations": {}
    },
    {
      "line": "(hisses)",
      "annotations": {}
    },
    {
      "line": "Ah!",
      "annotations": {}
    }
  ]
}