{
  "lyrics": [
    {
      "line": "[Intro]",
      "annotations": {
        "Intro": "Annotation for [Intro]"
      }
    },
    {
      "line": "Feeling nigh touch over here",
      "annotations": {}
    },
    {
      "line": "When i rub my fingers through my . . .",
      "annotations": {}
    },
    {
      "line": "",
      "annotations": {}
    },
    {
      "line": "[Verse 1]",
      "annotations": {
        "1": "Annotation for 1]",
        "Verse": "Annotation for [Verse"
      }
    },
    {
      "line": "Skin",
      "annotations": {}
    },
    {
      "line": "I want you home skin",
      "annotations": {}
    },
    {
      "line": "Girl can i get you",
      "annotations": {}
    },
    {
      "line": "Girl on my skin",
      "annotations": {}
    },
    {
      "line": "How i feel doesn’t really deceive",
      "annotations": {}
    },
    {
      "line": "How i feel doesn’t release",
      "annotations": {}
    },
    {
      "line": "All these ease here",
      "annotations": {}
    },
    {
      "line": "Out in the crowd",
      "annotations": {}
    },
    {
      "line": "I feel so round",
      "annotations": {}
    },
    {
      "line": "Maybe there is more about",
      "annotations": {}
    },
    {
      "line": "Oh i feel this is over",
      "annotations": {}
    },
    {
      "line": "",
      "annotations": {}
    },
    {
      "line": "[Bridge 1]",
      "annotations": {
        "1": "Annotation for 1]",
        "Bridge": "Annotation for [Bridge"
      }
    },
    {
      "line": "Do i ever see myself so fawn",
      "annotations": {}
    },
    {
      "line": "Do i ever feel this out of mind",
      "annotations": {}
    },
    {
      "line": "",
      "annotations": {}
    },
    {
      "line": "[Verse 2]",
      "annotations": {
        "2": "Annotation for 2]",
        "Verse": "Annotation for [Verse"
      }
    },
    {
      "line": "Willing, not deceiving",
      "annotations": {}
    },
    {
      "line": "But this isn’t how i’m feeling",
      "annotations": {}
    },
    {
      "line": "I don’t want this heartbreak",
      "annotations": {}
    },
    {
      "line": "I don’t want this heart so forlorn",
      "annotations": {}
    },
    {
      "line": "",
      "annotations": {}
    },
    {
      "line": "[Bridge 2]",
      "annotations": {
        "2": "Annotation for 2]",
        "Bridge": "Annotation for [Bridge"
      }
    },
    {
      "line": "How it ever feels when i’m on my own",
      "annotations": {}
    },
    {
      "line": "Am i staring at save mе now",
      "annotations": {}
    },
    {
      "line": "",
      "annotations": {}
    },
    {
      "line": "[Chorus]",
      "annotations": {
        "Chorus": "Annotation for [Chorus]"
      }
    },
    {
      "line": "I need you",
      "annotations": {}
    },
    {
      "line": "In my sin",
      "annotations": {}
    },
    {
      "line": "D mn, i need you on my skin",
      "annotations": {}
    },
    {
      "line": "Is it obvious",
      "annotations": {}
    },
    {
      "line": "Who i wanna save",
      "annotations": {}
    },
    {
      "line": "He runs",
      "annotations": {}
    },
    {
      "line": "Is it obvious, i’m my thoughts",
      "annotations": {}
    },
    {
      "line": "I’m knotted",
      "annotations": {}
    },
    {
      "line": "",
      "annotations": {}
    },
    {
      "line": "[Outro]",
      "annotations": {
        "Outro": "Annotation for [Outro]"
      }
    },
    {
      "line": "Obvious, i’m not covеtous",
      "annotations": {}
    },
    {
      "line": "I just want your love, girl he’s unto us",
      "annotations": {}
    },
    {
      "line": "That’s cupid, girl he’s unto us",
      "annotations": {}
    },
    {
      "line": "And he is coming with an arrow",
      "annotations": {}
    },
    {
      "line": "And we got no bows",
      "annotations": {}
    }
  ]
}