{
  "lyrics": [
    {
      "line": "[Verse 1]",
      "annotations": {
        "1": "Annotation for 1]",
        "Verse": "Annotation for [Verse"
      }
    },
    {
      "line": "Can’t get over you",
      "annotations": {}
    },
    {
      "line": "Can’t get over you",
      "annotations": {}
    },
    {
      "line": "Out of my head is where i need you",
      "annotations": {}
    },
    {
      "line": "Feel through",
      "annotations": {}
    },
    {
      "line": "So see through",
      "annotations": {}
    },
    {
      "line": "F ck sh t up",
      "annotations": {}
    },
    {
      "line": "Sombre flush",
      "annotations": {}
    },
    {
      "line": "She k!lling my vibe",
      "annotations": {}
    },
    {
      "line": "Some sh t’s off",
      "annotations": {}
    },
    {
      "line": "Fuss shrieks surf",
      "annotations": {}
    },
    {
      "line": "Why you k!lling my vibe",
      "annotations": {}
    },
    {
      "line": "Cos you’re my lover",
      "annotations": {}
    },
    {
      "line": "Put you afloat every other",
      "annotations": {}
    },
    {
      "line": "Push come to shove",
      "annotations": {}
    },
    {
      "line": "Remote carry orders",
      "annotations": {}
    },
    {
      "line": "Skyline feels so grey",
      "annotations": {}
    },
    {
      "line": "Dissipate what a waste",
      "annotations": {}
    },
    {
      "line": "Buds don’t taste",
      "annotations": {}
    },
    {
      "line": "F ck it",
      "annotations": {}
    },
    {
      "line": "I’ma let it go all to waste",
      "annotations": {}
    },
    {
      "line": "",
      "annotations": {}
    },
    {
      "line": "[Chorus]",
      "annotations": {
        "Chorus": "Annotation for [Chorus]"
      }
    },
    {
      "line": "Can we do it all again",
      "annotations": {}
    },
    {
      "line": "I can’t just weep through this pain",
      "annotations": {}
    },
    {
      "line": "Can we do it all again",
      "annotations": {}
    },
    {
      "line": "I can’t just weep through all these pain",
      "annotations": {}
    },
    {
      "line": "",
      "annotations": {}
    },
    {
      "line": "[Verse 2]",
      "annotations": {
        "2": "Annotation for 2]",
        "Verse": "Annotation for [Verse"
      }
    },
    {
      "line": "Sometimes i just want you outta my mind",
      "annotations": {}
    },
    {
      "line": "How you got me hanging all the time",
      "annotations": {}
    },
    {
      "line": "Maze of feels",
      "annotations": {}
    },
    {
      "line": "Teasing k!lls",
      "annotations": {}
    },
    {
      "line": "Sleeping pills so undulated",
      "annotations": {}
    },
    {
      "line": "Hallucinations sеrrated",
      "annotations": {}
    },
    {
      "line": "I just want you outta my godd mn head",
      "annotations": {}
    },
    {
      "line": "Bleeding through thesе fears",
      "annotations": {}
    },
    {
      "line": "Don’t tell me i need a pacer",
      "annotations": {}
    },
    {
      "line": "I just wanna erase ya",
      "annotations": {}
    },
    {
      "line": "Right here got me feeling i can’t replace ya",
      "annotations": {}
    },
    {
      "line": "Sum it up for a taste of your love",
      "annotations": {}
    },
    {
      "line": "",
      "annotations": {}
    },
    {
      "line": "[Chorus]",
      "annotations": {
        "Chorus": "Annotation for [Chorus]"
      }
    },
    {
      "line": "Can we do it all again",
      "annotations": {}
    },
    {
      "line": "I can’t just weep through this pain",
      "annotations": {}
    },
    {
      "line": "Can we do it all again",
      "annotations": {}
    },
    {
      "line": "I can’t just weep through all these pain",
      "annotations": {}
    }
  ]
}