{
  "lyrics": [
    {
      "line": "[Intro]",
      "annotations": {}
    },
    {
      "line": "Fresh boy chilling",
      "annotations": {}
    },
    {
      "line": "",
      "annotations": {}
    },
    {
      "line": "[Verse 1]",
      "annotations": {}
    },
    {
      "line": "Heavy as my heart",
      "annotations": {}
    },
    {
      "line": "Heaviest sole",
      "annotations": {}
    },
    {
      "line": "Athletical",
      "annotations": {}
    },
    {
      "line": "A better stare",
      "annotations": {}
    },
    {
      "line": "Ferrier, i should set for fear",
      "annotations": {}
    },
    {
      "line": "You can nav it",
      "annotations": {}
    },
    {
      "line": "Thus to see the fear",
      "annotations": {}
    },
    {
      "line": "I get it out",
      "annotations": {}
    },
    {
      "line": "Mind in awe",
      "annotations": {}
    },
    {
      "line": "I get it alpha in the roam",
      "annotations": {}
    },
    {
      "line": "At the avenue weighing my hurt",
      "annotations": {}
    },
    {
      "line": "I thought i’d beat something better",
      "annotations": {}
    },
    {
      "line": "",
      "annotations": {}
    },
    {
      "line": "[Verse 2]",
      "annotations": {}
    },
    {
      "line": "Never been the type to say",
      "annotations": {}
    },
    {
      "line": "Hold up, i’m not ready for this ride",
      "annotations": {}
    },
    {
      "line": "I’m not ready for this, word!",
      "annotations": {}
    },
    {
      "line": "I just wanna hold in",
      "annotations": {}
    },
    {
      "line": "I’ve been down this road too many times",
      "annotations": {}
    },
    {
      "line": "Back it up boo",
      "annotations": {}
    },
    {
      "line": "Then i put another switch here",
      "annotations": {}
    },
    {
      "line": "Light it up smoke it up",
      "annotations": {}
    },
    {
      "line": "It’s how i’m juggling this scroll",
      "annotations": {}
    },
    {
      "line": "Arm on dark here",
      "annotations": {}
    },
    {
      "line": "Is he never getting home",
      "annotations": {}
    },
    {
      "line": "Trying to ask my mama what changed",
      "annotations": {}
    },
    {
      "line": "When i took, then i hit the l!ck",
      "annotations": {}
    },
    {
      "line": "Papa told me that s    is not on the entropy",
      "annotations": {}
    },
    {
      "line": "",
      "annotations": {}
    },
    {
      "line": "[Verse 3]",
      "annotations": {}
    },
    {
      "line": "So i’m not ending this trope",
      "annotations": {}
    },
    {
      "line": "Walking this stroll",
      "annotations": {}
    },
    {
      "line": "Yeah, we sliving, lanyard boy",
      "annotations": {}
    },
    {
      "line": "Hey, and you know me",
      "annotations": {}
    },
    {
      "line": "Yeah, we know who is kinda",
      "annotations": {}
    },
    {
      "line": "Lana new hay",
      "annotations": {}
    },
    {
      "line": "How to love a kid?",
      "annotations": {}
    },
    {
      "line": "I just shot her the car, i paid again",
      "annotations": {}
    },
    {
      "line": "Over her, no",
      "annotations": {}
    },
    {
      "line": "How you get her saying",
      "annotations": {}
    },
    {
      "line": "My glade a goal",
      "annotations": {}
    },
    {
      "line": "I just served her, her din",
      "annotations": {}
    },
    {
      "line": "All my vows, i just saved in patent",
      "annotations": {}
    },
    {
      "line": "I just saved it in a link",
      "annotations": {}
    },
    {
      "line": "You’ll get it",
      "annotations": {}
    },
    {
      "line": "",
      "annotations": {}
    },
    {
      "line": "[Outro]",
      "annotations": {}
    },
    {
      "line": "How they ever wanna feel",
      "annotations": {}
    },
    {
      "line": "Her feeling? no!",
      "annotations": {}
    },
    {
      "line": "How they ever wanna see",
      "annotations": {}
    },
    {
      "line": "I never go",
      "annotations": {}
    },
    {
      "line": "I just served her in a beaker",
      "annotations": {}
    },
    {
      "line": "Link it now, saving up",
      "annotations": {}
    }
  ]
}