{
  "lyrics": [
    {
      "line": "[Intro]",
      "annotations": {
        "Intro": "Annotation for [Intro]"
      }
    },
    {
      "line": "Fresh boy chilling",
      "annotations": {}
    },
    {
      "line": "How do you be?",
      "annotations": {}
    },
    {
      "line": "",
      "annotations": {}
    },
    {
      "line": "[Verse 1]",
      "annotations": {
        "1": "Annotation for 1]",
        "Verse": "Annotation for [Verse"
      }
    },
    {
      "line": "This picture has got me feeling so uneasy",
      "annotations": {}
    },
    {
      "line": "Nothing beats it",
      "annotations": {}
    },
    {
      "line": "When i’m so busy here",
      "annotations": {}
    },
    {
      "line": "She’s lurking, she’s looking at me",
      "annotations": {}
    },
    {
      "line": "Like a monalisa",
      "annotations": {}
    },
    {
      "line": "I think i see a face of putin",
      "annotations": {}
    },
    {
      "line": "Acting like i don’t see enough",
      "annotations": {}
    },
    {
      "line": "Am i her biden?",
      "annotations": {}
    },
    {
      "line": "Buy her sting or leave",
      "annotations": {}
    },
    {
      "line": "",
      "annotations": {}
    },
    {
      "line": "[Chorus]",
      "annotations": {
        "Chorus": "Annotation for [Chorus]"
      }
    },
    {
      "line": "Nothing makes me feel so alive",
      "annotations": {}
    },
    {
      "line": "When you come around",
      "annotations": {}
    },
    {
      "line": "And put a smile on me",
      "annotations": {}
    },
    {
      "line": "Haven’t had enough",
      "annotations": {}
    },
    {
      "line": "I need you back on me",
      "annotations": {}
    },
    {
      "line": "Back on me oh oh",
      "annotations": {}
    },
    {
      "line": "Nothing makes me feel so alive",
      "annotations": {}
    },
    {
      "line": "When will you come around",
      "annotations": {}
    },
    {
      "line": "And put a smile on me girl",
      "annotations": {}
    },
    {
      "line": "Haven’t felt alive",
      "annotations": {}
    },
    {
      "line": "Havеn’t had enough",
      "annotations": {}
    },
    {
      "line": "Haven’t had enough",
      "annotations": {}
    },
    {
      "line": "I need you back on mе",
      "annotations": {}
    },
    {
      "line": "",
      "annotations": {}
    },
    {
      "line": "[Verse 2]",
      "annotations": {
        "2": "Annotation for 2]",
        "Verse": "Annotation for [Verse"
      }
    },
    {
      "line": "I miss you",
      "annotations": {}
    },
    {
      "line": "I wanna be with you",
      "annotations": {}
    },
    {
      "line": "I don’t get my life right now",
      "annotations": {}
    },
    {
      "line": "When i’m half with you",
      "annotations": {}
    },
    {
      "line": "Out for you",
      "annotations": {}
    },
    {
      "line": "I feel this way",
      "annotations": {}
    },
    {
      "line": "I don’t get it how i feel",
      "annotations": {}
    },
    {
      "line": "Feeling like the seas are calling",
      "annotations": {}
    },
    {
      "line": "I’m really feeling sick girl",
      "annotations": {}
    },
    {
      "line": "Feel my temperature",
      "annotations": {}
    },
    {
      "line": "Something like stunned",
      "annotations": {}
    },
    {
      "line": "",
      "annotations": {}
    },
    {
      "line": "[Chorus]",
      "annotations": {
        "Chorus": "Annotation for [Chorus]"
      }
    },
    {
      "line": "Nothing makes me feel so alive",
      "annotations": {}
    },
    {
      "line": "When you come around",
      "annotations": {}
    },
    {
      "line": "And put a smile on me",
      "annotations": {}
    },
    {
      "line": "Haven’t had enough",
      "annotations": {}
    },
    {
      "line": "I need you back on me",
      "annotations": {}
    },
    {
      "line": "Back on me oh oh",
      "annotations": {}
    },
    {
      "line": "Nothing makes me feel so alive",
      "annotations": {}
    },
    {
      "line": "When will you come around",
      "annotations": {}
    },
    {
      "line": "And put a smile on me girl",
      "annotations": {}
    },
    {
      "line": "Haven’t felt alive",
      "annotations": {}
    },
    {
      "line": "Haven’t had enough",
      "annotations": {}
    },
    {
      "line": "Haven’t had enough",
      "annotations": {}
    },
    {
      "line": "I need you back on me",
      "annotations": {}
    }
  ]
}