{
  "lyrics": [
    {
      "line": "[Intro]",
      "annotations": {
        "Intro": "Annotation for [Intro]"
      }
    },
    {
      "line": "Hey",
      "annotations": {}
    },
    {
      "line": "I can’t feel my self",
      "annotations": {}
    },
    {
      "line": "No, no, no",
      "annotations": {}
    },
    {
      "line": "I can’t feel my self",
      "annotations": {}
    },
    {
      "line": "No",
      "annotations": {}
    },
    {
      "line": "If i can’t be myself",
      "annotations": {}
    },
    {
      "line": "No",
      "annotations": {}
    },
    {
      "line": "I can’t see this h ll",
      "annotations": {}
    },
    {
      "line": "No",
      "annotations": {}
    },
    {
      "line": "I can’t see this h ll",
      "annotations": {}
    },
    {
      "line": "",
      "annotations": {}
    },
    {
      "line": "[Verse 1]",
      "annotations": {
        "1": "Annotation for 1]",
        "Verse": "Annotation for [Verse"
      }
    },
    {
      "line": "Tell me what you feel",
      "annotations": {}
    },
    {
      "line": "I can see he’s writing",
      "annotations": {}
    },
    {
      "line": "So he real",
      "annotations": {}
    },
    {
      "line": "Tell me what you feel",
      "annotations": {}
    },
    {
      "line": "My head keeps going in another direction",
      "annotations": {}
    },
    {
      "line": "I feel healed",
      "annotations": {}
    },
    {
      "line": "Does it for you",
      "annotations": {}
    },
    {
      "line": "Does, his radio",
      "annotations": {}
    },
    {
      "line": "Servile was a thrill",
      "annotations": {}
    },
    {
      "line": "D mn my emotions are real",
      "annotations": {}
    },
    {
      "line": "Barred, i feel d mn barred from your love",
      "annotations": {}
    },
    {
      "line": "Barred, i’m feeling d mn barred from your love",
      "annotations": {}
    },
    {
      "line": "That means something is obstructing",
      "annotations": {}
    },
    {
      "line": "That was so bland, took in all of my culprits",
      "annotations": {}
    },
    {
      "line": "I’m not on my laud",
      "annotations": {}
    },
    {
      "line": "It’s enough with it",
      "annotations": {}
    },
    {
      "line": "It’s enough with it",
      "annotations": {}
    },
    {
      "line": "It’s enough with it",
      "annotations": {}
    },
    {
      "line": "I need a drink",
      "annotations": {}
    },
    {
      "line": "I need to settle down",
      "annotations": {}
    },
    {
      "line": "The heat is getting to mе",
      "annotations": {}
    },
    {
      "line": "From my level around",
      "annotations": {}
    },
    {
      "line": "And the dеvil is up around",
      "annotations": {}
    },
    {
      "line": "He’s never coming round",
      "annotations": {}
    },
    {
      "line": "I’m just saying that i need some water",
      "annotations": {}
    },
    {
      "line": "I can feel it",
      "annotations": {}
    },
    {
      "line": "I can feel it",
      "annotations": {}
    },
    {
      "line": "I can feel it",
      "annotations": {}
    },
    {
      "line": "The devil is roaming around",
      "annotations": {}
    },
    {
      "line": "",
      "annotations": {}
    },
    {
      "line": "[Verse 2]",
      "annotations": {
        "2": "Annotation for 2]",
        "Verse": "Annotation for [Verse"
      }
    },
    {
      "line": "Back to my life",
      "annotations": {}
    },
    {
      "line": "They thought i never had",
      "annotations": {}
    },
    {
      "line": "Now i’m doing what i f cking love",
      "annotations": {}
    },
    {
      "line": "Dead broke sitting on a chair that i never broke",
      "annotations": {}
    },
    {
      "line": "And it’s my bed, no, it’s not yours",
      "annotations": {}
    },
    {
      "line": "Yo, it’s my head, no, it’s not yours",
      "annotations": {}
    },
    {
      "line": "Yes, it is my bread",
      "annotations": {}
    },
    {
      "line": "D mn, i’m going on my way",
      "annotations": {}
    },
    {
      "line": "I’m going on my way",
      "annotations": {}
    },
    {
      "line": "I’m saying bye bye",
      "annotations": {}
    },
    {
      "line": "So long",
      "annotations": {}
    },
    {
      "line": "Or poring me",
      "annotations": {}
    },
    {
      "line": "Sell me, where the line",
      "annotations": {}
    },
    {
      "line": "Maybe, that’s when i’m on your tv",
      "annotations": {}
    },
    {
      "line": "And you see now, on the clear view",
      "annotations": {}
    },
    {
      "line": "No oh, the colours feel drawn",
      "annotations": {}
    },
    {
      "line": "No oh, the volume is still down",
      "annotations": {}
    },
    {
      "line": "No oh, i can’t really hear you",
      "annotations": {}
    },
    {
      "line": "No oh, i mean so long",
      "annotations": {}
    },
    {
      "line": "",
      "annotations": {}
    },
    {
      "line": "[Outro]",
      "annotations": {
        "Outro": "Annotation for [Outro]"
      }
    },
    {
      "line": "Yeah, it’s your boy",
      "annotations": {}
    },
    {
      "line": "Frith hilton",
      "annotations": {}
    },
    {
      "line": "I’m out",
      "annotations": {}
    }
  ]
}