{
  "lyrics": [
    {
      "line": "[Intro]",
      "annotations": {}
    },
    {
      "line": "Oh oh",
      "annotations": {}
    },
    {
      "line": "Do we ever say",
      "annotations": {}
    },
    {
      "line": "Do we ever pay for all the hurt",
      "annotations": {}
    },
    {
      "line": "",
      "annotations": {}
    },
    {
      "line": "[Verse 1]",
      "annotations": {}
    },
    {
      "line": "I’m lost on my own",
      "annotations": {}
    },
    {
      "line": "Girl don’t until you do",
      "annotations": {}
    },
    {
      "line": "Girl i’m dust on my own",
      "annotations": {}
    },
    {
      "line": "I love when i look in your fair",
      "annotations": {}
    },
    {
      "line": "Help me catch a phrase of your thought again",
      "annotations": {}
    },
    {
      "line": "Help me catch a face of your thought again",
      "annotations": {}
    },
    {
      "line": "It’s real",
      "annotations": {}
    },
    {
      "line": "Having a year old",
      "annotations": {}
    },
    {
      "line": "My love for you is feeling of odin",
      "annotations": {}
    },
    {
      "line": "I’m not lost in my conscience",
      "annotations": {}
    },
    {
      "line": "Talking about this all over again",
      "annotations": {}
    },
    {
      "line": "All over again",
      "annotations": {}
    },
    {
      "line": "I could take my poet away",
      "annotations": {}
    },
    {
      "line": "I could face my demons",
      "annotations": {}
    },
    {
      "line": "I could take this caller all the away",
      "annotations": {}
    },
    {
      "line": "With this heart",
      "annotations": {}
    },
    {
      "line": "With this heart of mine",
      "annotations": {}
    },
    {
      "line": "With this solid ground",
      "annotations": {}
    },
    {
      "line": "I call all of mine to",
      "annotations": {}
    },
    {
      "line": "How you have it",
      "annotations": {}
    },
    {
      "line": "Talking about this heartache",
      "annotations": {}
    },
    {
      "line": "I need mine, it’s over",
      "annotations": {}
    },
    {
      "line": "It’s you",
      "annotations": {}
    },
    {
      "line": "Every other time it’s you",
      "annotations": {}
    },
    {
      "line": "I tell my time for two",
      "annotations": {}
    },
    {
      "line": "Not more than two again",
      "annotations": {}
    },
    {
      "line": "Girl it’s you",
      "annotations": {}
    },
    {
      "line": "I talk more sh t for two",
      "annotations": {}
    },
    {
      "line": "Not more than two again",
      "annotations": {}
    },
    {
      "line": "",
      "annotations": {}
    },
    {
      "line": "[Verse 2]",
      "annotations": {}
    },
    {
      "line": "Big boy in the f cking club",
      "annotations": {}
    },
    {
      "line": "Feeling like a toy",
      "annotations": {}
    },
    {
      "line": "Big doll in the d mn club",
      "annotations": {}
    },
    {
      "line": "Feeling like she’s got the cotch",
      "annotations": {}
    },
    {
      "line": "Just ignore the other",
      "annotations": {}
    },
    {
      "line": "It starts this love that’s bothers",
      "annotations": {}
    },
    {
      "line": "It’s just this love that’s bothering",
      "annotations": {}
    },
    {
      "line": "My d mn soul",
      "annotations": {}
    },
    {
      "line": "If you can’t get enough",
      "annotations": {}
    },
    {
      "line": "I’ma just choke on all i’ve bought",
      "annotations": {}
    },
    {
      "line": "All i’ve bought",
      "annotations": {}
    },
    {
      "line": "Tell me it’s not enough",
      "annotations": {}
    },
    {
      "line": "I need you to be",
      "annotations": {}
    },
    {
      "line": "Blanket from this dawn",
      "annotations": {}
    }
  ]
}