{
  "lyrics": [
    {
      "line": "[Chorus]",
      "annotations": {}
    },
    {
      "line": "Tell me something simple",
      "annotations": {}
    },
    {
      "line": "If this all right",
      "annotations": {}
    },
    {
      "line": "We can get it",
      "annotations": {}
    },
    {
      "line": "Just tell me something really simple",
      "annotations": {}
    },
    {
      "line": "It’s a drilly ride we can kick it",
      "annotations": {}
    },
    {
      "line": "Cos i don’t wanna be stuck in the motion with you",
      "annotations": {}
    },
    {
      "line": "Ah!",
      "annotations": {}
    },
    {
      "line": "I don’t wanna be stuck in the muddle with you",
      "annotations": {}
    },
    {
      "line": "I just wanna get it right",
      "annotations": {}
    },
    {
      "line": "Can you tell me something simple?",
      "annotations": {}
    },
    {
      "line": "Something simple",
      "annotations": {}
    },
    {
      "line": "Eh!",
      "annotations": {}
    },
    {
      "line": "Cos it’s something simple",
      "annotations": {}
    },
    {
      "line": "Yeah!",
      "annotations": {}
    },
    {
      "line": "",
      "annotations": {}
    },
    {
      "line": "[Verse 1]",
      "annotations": {}
    },
    {
      "line": "I’ll be stuck on a rev with you",
      "annotations": {}
    },
    {
      "line": "Chasing your love down a one way street",
      "annotations": {}
    },
    {
      "line": "My heart won’t let the fetter escape",
      "annotations": {}
    },
    {
      "line": "I want you gripping me in your love",
      "annotations": {}
    },
    {
      "line": "Your spot is wherе i wanna touch",
      "annotations": {}
    },
    {
      "line": "Can i can i hold on?",
      "annotations": {}
    },
    {
      "line": "Your door is where i wanna stand on in felicity",
      "annotations": {}
    },
    {
      "line": "How you makе me (how you make me)",
      "annotations": {}
    },
    {
      "line": "Is all fuzz enough (hey! hey! hey!)",
      "annotations": {}
    },
    {
      "line": "How you hold me is all fuzz enough",
      "annotations": {}
    },
    {
      "line": "Hey! hey! hey!",
      "annotations": {}
    },
    {
      "line": "",
      "annotations": {}
    },
    {
      "line": "[Outro]",
      "annotations": {}
    },
    {
      "line": "This has been a transmission to lili reinhart",
      "annotations": {}
    },
    {
      "line": "Nightswan stamp!",
      "annotations": {}
    },
    {
      "line": "Transmission out",
      "annotations": {}
    }
  ]
}