{
  "lyrics": [
    {
      "line": "[Chorus]",
      "annotations": {
        "Chorus": "Annotation for [Chorus]"
      }
    },
    {
      "line": "Someone asked me",
      "annotations": {}
    },
    {
      "line": "Do i think my love doesn’t got it",
      "annotations": {}
    },
    {
      "line": "Someone asked me",
      "annotations": {}
    },
    {
      "line": "Do i think that my heart still got it",
      "annotations": {}
    },
    {
      "line": "I told them i try",
      "annotations": {}
    },
    {
      "line": "I dot my is",
      "annotations": {}
    },
    {
      "line": "I told them",
      "annotations": {}
    },
    {
      "line": "Valentine won’t be the end of her cries",
      "annotations": {}
    },
    {
      "line": "My life on the line",
      "annotations": {}
    },
    {
      "line": "",
      "annotations": {}
    },
    {
      "line": "[Verse 1]",
      "annotations": {
        "1": "Annotation for 1]",
        "Verse": "Annotation for [Verse"
      }
    },
    {
      "line": "Be my bride",
      "annotations": {}
    },
    {
      "line": "The question that doesn’t get a decline",
      "annotations": {}
    },
    {
      "line": "How did i become one to win at saying his",
      "annotations": {}
    },
    {
      "line": "I went from being on down, down, zero",
      "annotations": {}
    },
    {
      "line": "To winning at this fight",
      "annotations": {}
    },
    {
      "line": "You know i’m taking no whys",
      "annotations": {}
    },
    {
      "line": "Just f cking pines",
      "annotations": {}
    },
    {
      "line": "F cking pines",
      "annotations": {}
    },
    {
      "line": "",
      "annotations": {}
    },
    {
      "line": "[Verse 2]",
      "annotations": {
        "2": "Annotation for 2]",
        "Verse": "Annotation for [Verse"
      }
    },
    {
      "line": "That is now way too gone",
      "annotations": {}
    },
    {
      "line": "And i just want the past",
      "annotations": {}
    },
    {
      "line": "I want the past",
      "annotations": {}
    },
    {
      "line": "I want the past",
      "annotations": {}
    },
    {
      "line": "Want the past",
      "annotations": {}
    },
    {
      "line": "",
      "annotations": {}
    },
    {
      "line": "[Outro]",
      "annotations": {
        "Outro": "Annotation for [Outro]"
      }
    },
    {
      "line": "Someone asked me",
      "annotations": {}
    }
  ]
}