{
  "lyrics": [
    {
      "line": "[Intro]",
      "annotations": {
        "Intro": "Annotation for [Intro]"
      }
    },
    {
      "line": "Fresh boy chilling",
      "annotations": {}
    },
    {
      "line": "",
      "annotations": {}
    },
    {
      "line": "[Verse 1]",
      "annotations": {
        "1": "Annotation for 1]",
        "Verse": "Annotation for [Verse"
      }
    },
    {
      "line": "Despising what i can’t place a finger with a felling",
      "annotations": {}
    },
    {
      "line": "Hope it visits, my healing",
      "annotations": {}
    },
    {
      "line": "Cos i try, i cry",
      "annotations": {}
    },
    {
      "line": "I ply my lane on chill",
      "annotations": {}
    },
    {
      "line": "All the few gratings of me here",
      "annotations": {}
    },
    {
      "line": "Swathes the floor",
      "annotations": {}
    },
    {
      "line": "And i wake to my demise",
      "annotations": {}
    },
    {
      "line": "Afraid i don’t weed out the best of me",
      "annotations": {}
    },
    {
      "line": "",
      "annotations": {}
    },
    {
      "line": "[Verse 2]",
      "annotations": {
        "2": "Annotation for 2]",
        "Verse": "Annotation for [Verse"
      }
    },
    {
      "line": "Wishing on a few loves apart",
      "annotations": {}
    },
    {
      "line": "I see my growing stride",
      "annotations": {}
    },
    {
      "line": "Faster i try",
      "annotations": {}
    },
    {
      "line": "Looking down on everything i can pray too",
      "annotations": {}
    },
    {
      "line": "Maybe it’s all i have",
      "annotations": {}
    },
    {
      "line": "I try to be kind with myself",
      "annotations": {}
    },
    {
      "line": "Hoping for something better than this",
      "annotations": {}
    },
    {
      "line": "Not just this",
      "annotations": {}
    },
    {
      "line": "Hoping for something better than my curfew",
      "annotations": {}
    },
    {
      "line": "And all the time i spend away",
      "annotations": {}
    },
    {
      "line": "Away with my problems",
      "annotations": {}
    },
    {
      "line": "Away with my hеart aches",
      "annotations": {}
    },
    {
      "line": "Away with nothing but",
      "annotations": {}
    },
    {
      "line": "Sorry i’m alive",
      "annotations": {}
    },
    {
      "line": "Wishing on a death",
      "annotations": {}
    },
    {
      "line": "Whilе i’m wishing on a debt of life",
      "annotations": {}
    },
    {
      "line": "Wishing on paradise",
      "annotations": {}
    },
    {
      "line": "While i keep it inside",
      "annotations": {}
    }
  ]
}