{
  "lyrics": [
    {
      "line": "[Intro]",
      "annotations": {
        "Intro": "Annotation for [Intro]"
      }
    },
    {
      "line": "All right",
      "annotations": {}
    },
    {
      "line": "He not doing this again?",
      "annotations": {}
    },
    {
      "line": "All right",
      "annotations": {}
    },
    {
      "line": "",
      "annotations": {}
    },
    {
      "line": "[Verse 1]",
      "annotations": {
        "1": "Annotation for 1]",
        "Verse": "Annotation for [Verse"
      }
    },
    {
      "line": "Love comes around",
      "annotations": {}
    },
    {
      "line": "It doesn’t go around",
      "annotations": {}
    },
    {
      "line": "Broke my heart twice",
      "annotations": {}
    },
    {
      "line": "That’s not the sound of tears i want here",
      "annotations": {}
    },
    {
      "line": "Sound of tears i wanna hear",
      "annotations": {}
    },
    {
      "line": "Ah!",
      "annotations": {}
    },
    {
      "line": "Love comes around",
      "annotations": {}
    },
    {
      "line": "It doesn’t go around",
      "annotations": {}
    },
    {
      "line": "Had my heart broken twice",
      "annotations": {}
    },
    {
      "line": "That’s not the kind of tears i want to see",
      "annotations": {}
    },
    {
      "line": "Yeah! yeah! yeah! yeah! yeah! yeah!",
      "annotations": {}
    },
    {
      "line": "(snorts)",
      "annotations": {}
    },
    {
      "line": "It is not the mission for the boys",
      "annotations": {}
    },
    {
      "line": "Had to do it like i had the toys in the . . .",
      "annotations": {}
    },
    {
      "line": "Massive",
      "annotations": {}
    },
    {
      "line": "Pot massive",
      "annotations": {}
    },
    {
      "line": "I ‘on’t give a f ck like",
      "annotations": {}
    },
    {
      "line": "Tease this ish",
      "annotations": {}
    },
    {
      "line": "Hold up",
      "annotations": {}
    },
    {
      "line": "I’ll be with the bag in that f cks the most",
      "annotations": {}
    },
    {
      "line": "I’m saying rile sh t",
      "annotations": {}
    },
    {
      "line": "That’s thе f cks the most",
      "annotations": {}
    },
    {
      "line": "Like n gga",
      "annotations": {}
    },
    {
      "line": "I mean i ‘on’t givе the f cks the most",
      "annotations": {}
    },
    {
      "line": "So better get it right",
      "annotations": {}
    },
    {
      "line": "Like he sucks the most",
      "annotations": {}
    },
    {
      "line": "To these other n ggers",
      "annotations": {}
    },
    {
      "line": "I mean ‘em c nt n ggers",
      "annotations": {}
    },
    {
      "line": "Y’all be acting like you ain’t go no court n ggers",
      "annotations": {}
    },
    {
      "line": "I’ll be plotting like i got a f cking accu’ mirror",
      "annotations": {}
    },
    {
      "line": "Neo never never told my top top tie",
      "annotations": {}
    },
    {
      "line": "(laughing)",
      "annotations": {}
    },
    {
      "line": "Acting like i got it right",
      "annotations": {}
    },
    {
      "line": "But i got my heart broken twice",
      "annotations": {}
    },
    {
      "line": "This is not the f cking . . .",
      "annotations": {}
    },
    {
      "line": "Kind of tears i wanna cry",
      "annotations": {}
    },
    {
      "line": "I swear",
      "annotations": {}
    },
    {
      "line": "You’re where my f cking blood streams",
      "annotations": {}
    },
    {
      "line": "Not my f cking blood",
      "annotations": {}
    },
    {
      "line": "I mean, i love this queen",
      "annotations": {}
    },
    {
      "line": "I could put her in the f cking right side",
      "annotations": {}
    },
    {
      "line": "That’s what i mean",
      "annotations": {}
    },
    {
      "line": "But i’m acting like a f cking mannequin",
      "annotations": {}
    },
    {
      "line": "Cos i’m stuck in my bedroom",
      "annotations": {}
    },
    {
      "line": "And i can’t get a restroom",
      "annotations": {}
    },
    {
      "line": "I’ll be in the place spinning like i got the best zoom",
      "annotations": {}
    },
    {
      "line": "Not f cking bassoon",
      "annotations": {}
    },
    {
      "line": "I mean the the f cking best soon",
      "annotations": {}
    },
    {
      "line": "My laser vision so f cking clear",
      "annotations": {}
    },
    {
      "line": "Better come true like",
      "annotations": {}
    },
    {
      "line": "I’m talking to my own f cking mind",
      "annotations": {}
    },
    {
      "line": "Lyrical with this sh t",
      "annotations": {}
    },
    {
      "line": "Like i got the vigil in the air",
      "annotations": {}
    },
    {
      "line": "You told me that she’ll be there",
      "annotations": {}
    },
    {
      "line": "But i’m doing siri maybe",
      "annotations": {}
    },
    {
      "line": "I got something wrong, but i’m just saying sh t",
      "annotations": {}
    },
    {
      "line": "It’s not clear",
      "annotations": {}
    },
    {
      "line": "I got my beethoven had me down with some fake movies",
      "annotations": {}
    },
    {
      "line": "Cos i ain’t got no money for some good netflix",
      "annotations": {}
    },
    {
      "line": "N ggers courting around like they got the stockings",
      "annotations": {}
    },
    {
      "line": "But i ain’t got no stockings",
      "annotations": {}
    },
    {
      "line": "Still on these f cking streets",
      "annotations": {}
    },
    {
      "line": "And the electricity is curt",
      "annotations": {}
    },
    {
      "line": "Like n gga that’s the century that i live in",
      "annotations": {}
    },
    {
      "line": "Oh!",
      "annotations": {}
    },
    {
      "line": "I’m talking twenty, twenty",
      "annotations": {}
    },
    {
      "line": "While this n ggers are on it like they are f cking from cotton",
      "annotations": {}
    },
    {
      "line": "Back to the sh t that i was talking about",
      "annotations": {}
    },
    {
      "line": "Had my heart broken twice",
      "annotations": {}
    },
    {
      "line": "That’s not what i’m about",
      "annotations": {}
    },
    {
      "line": "This is not the kind of tears i wanna be crying",
      "annotations": {}
    },
    {
      "line": "It’s is not the f cking kind of tears i wanna be crying",
      "annotations": {}
    },
    {
      "line": "Yeah! yeah!",
      "annotations": {}
    },
    {
      "line": "Oh oh",
      "annotations": {}
    },
    {
      "line": "It’s is not the f cking kind of tears i wanna be crying",
      "annotations": {}
    },
    {
      "line": "Whoa!",
      "annotations": {}
    },
    {
      "line": "Whoa! whoa!",
      "annotations": {}
    },
    {
      "line": "Not gonna sell my soul till i’m f cking dying",
      "annotations": {}
    },
    {
      "line": "Sh t!",
      "annotations": {}
    }
  ]
}