{
  "lyrics": [
    {
      "line": "[Intro]",
      "annotations": {}
    },
    {
      "line": "Sometimes i don’t feel real",
      "annotations": {}
    },
    {
      "line": "Most times i don’t know",
      "annotations": {}
    },
    {
      "line": "If it is happening",
      "annotations": {}
    },
    {
      "line": "Or it is done",
      "annotations": {}
    },
    {
      "line": "It is how you have my heart",
      "annotations": {}
    },
    {
      "line": "Wrecking all the days",
      "annotations": {}
    },
    {
      "line": "I be gone",
      "annotations": {}
    },
    {
      "line": "Now it feels everything i say",
      "annotations": {}
    },
    {
      "line": "If it is done",
      "annotations": {}
    },
    {
      "line": "Help me see through it all",
      "annotations": {}
    },
    {
      "line": "Without a why though",
      "annotations": {}
    },
    {
      "line": "Help me see through it all",
      "annotations": {}
    },
    {
      "line": "I think i’ma ride",
      "annotations": {}
    },
    {
      "line": "",
      "annotations": {}
    },
    {
      "line": "[Verse 1]",
      "annotations": {}
    },
    {
      "line": "I need to put my mind",
      "annotations": {}
    },
    {
      "line": "Where it is right",
      "annotations": {}
    },
    {
      "line": "I need to get my mind at the job lovers",
      "annotations": {}
    },
    {
      "line": "I need to get my mind off the reasons",
      "annotations": {}
    },
    {
      "line": "Oh, oh, oh",
      "annotations": {}
    },
    {
      "line": "Why did i ever get this sh t started",
      "annotations": {}
    },
    {
      "line": "I thought i had a reason for starters",
      "annotations": {}
    },
    {
      "line": "I’m stuck in my bas m nt a bother",
      "annotations": {}
    },
    {
      "line": "And i don’t know if i can any harder",
      "annotations": {}
    },
    {
      "line": "Cos i’m feeling like a stutter",
      "annotations": {}
    },
    {
      "line": "Ah!",
      "annotations": {}
    },
    {
      "line": "From the jump start, it was a order",
      "annotations": {}
    },
    {
      "line": "Now it feels that",
      "annotations": {}
    },
    {
      "line": "I am not going nowhеre without you",
      "annotations": {}
    },
    {
      "line": "I need you here",
      "annotations": {}
    },
    {
      "line": "D mn, i miss you nеar",
      "annotations": {}
    },
    {
      "line": "Why you gotta behave so weird",
      "annotations": {}
    },
    {
      "line": "Reaching for you across the tears",
      "annotations": {}
    },
    {
      "line": "It is so bad",
      "annotations": {}
    },
    {
      "line": "Feeling this way",
      "annotations": {}
    },
    {
      "line": "I don’t know if i can take it no more",
      "annotations": {}
    },
    {
      "line": "It feels so bad, feeling this way",
      "annotations": {}
    },
    {
      "line": "I want pain, just till i feel something",
      "annotations": {}
    },
    {
      "line": "For starters",
      "annotations": {}
    },
    {
      "line": "I want to be free",
      "annotations": {}
    },
    {
      "line": "For starters",
      "annotations": {}
    },
    {
      "line": "Honey, i just wanna think clearly",
      "annotations": {}
    },
    {
      "line": "Nowadays",
      "annotations": {}
    },
    {
      "line": "Vanity in me increasing",
      "annotations": {}
    },
    {
      "line": "And it feels so bad",
      "annotations": {}
    },
    {
      "line": "Everything i ever held back",
      "annotations": {}
    },
    {
      "line": "Now it’s driving me to tears",
      "annotations": {}
    },
    {
      "line": "How can i get it out of there",
      "annotations": {}
    },
    {
      "line": "Push back, push back",
      "annotations": {}
    },
    {
      "line": "Writ her, reach out",
      "annotations": {}
    },
    {
      "line": "She says it will be fine",
      "annotations": {}
    },
    {
      "line": "",
      "annotations": {}
    },
    {
      "line": "[Outro]",
      "annotations": {}
    },
    {
      "line": "All i need to do",
      "annotations": {}
    },
    {
      "line": "Is to put my problems",
      "annotations": {}
    },
    {
      "line": "Where they serve in the thrash",
      "annotations": {}
    },
    {
      "line": "All i need to do",
      "annotations": {}
    },
    {
      "line": "Is to put my worries",
      "annotations": {}
    },
    {
      "line": "Where they serve right in the pain",
      "annotations": {}
    },
    {
      "line": "I’m not winning",
      "annotations": {}
    },
    {
      "line": "If you’re not here with me",
      "annotations": {}
    },
    {
      "line": "I need no validation but your love",
      "annotations": {}
    },
    {
      "line": "My tears on chime",
      "annotations": {}
    },
    {
      "line": "When i feel this way",
      "annotations": {}
    },
    {
      "line": "I may just go around and say",
      "annotations": {}
    },
    {
      "line": "I am waiting",
      "annotations": {}
    },
    {
      "line": "I am waiting here with a broken heart",
      "annotations": {}
    },
    {
      "line": "Ah!",
      "annotations": {}
    },
    {
      "line": "I am waiting here with a soured love",
      "annotations": {}
    },
    {
      "line": "Yeah, i am waiting",
      "annotations": {}
    },
    {
      "line": "I am waiting here with a bottle open",
      "annotations": {}
    },
    {
      "line": "And i am drowning every cork",
      "annotations": {}
    },
    {
      "line": "That i ever shot at",
      "annotations": {}
    },
    {
      "line": "Oh f ck",
      "annotations": {}
    }
  ]
}