{
  "lyrics": [
    {
      "line": "Whoa",
      "annotations": {}
    },
    {
      "line": "Yeah!",
      "annotations": {}
    },
    {
      "line": "My mind is here",
      "annotations": {}
    },
    {
      "line": "I don’t know",
      "annotations": {}
    },
    {
      "line": "If it feels right now",
      "annotations": {}
    },
    {
      "line": "I don’t know",
      "annotations": {}
    },
    {
      "line": "If it feels good right now",
      "annotations": {}
    },
    {
      "line": "Am going for it",
      "annotations": {}
    },
    {
      "line": "I’ma do it for it",
      "annotations": {}
    },
    {
      "line": "Pick my cup",
      "annotations": {}
    },
    {
      "line": "Took a sip part of it",
      "annotations": {}
    },
    {
      "line": "Putting on some crocs",
      "annotations": {}
    },
    {
      "line": "They fit",
      "annotations": {}
    },
    {
      "line": "Feel fine",
      "annotations": {}
    },
    {
      "line": "Some socks on",
      "annotations": {}
    },
    {
      "line": "I feel warmer a bit",
      "annotations": {}
    },
    {
      "line": "It’s morning",
      "annotations": {}
    },
    {
      "line": "It is dawn",
      "annotations": {}
    },
    {
      "line": "The sun is coming",
      "annotations": {}
    },
    {
      "line": "The birds are",
      "annotations": {}
    },
    {
      "line": "Tweeting",
      "annotations": {}
    },
    {
      "line": "I’m fine",
      "annotations": {}
    },
    {
      "line": "I know that i will be all right",
      "annotations": {}
    },
    {
      "line": "Money is coming",
      "annotations": {}
    },
    {
      "line": "I could feel it",
      "annotations": {}
    },
    {
      "line": "The day is rising",
      "annotations": {}
    },
    {
      "line": "It’s the season",
      "annotations": {}
    },
    {
      "line": "It springs my mind",
      "annotations": {}
    },
    {
      "line": "It’s on the sizzling",
      "annotations": {}
    },
    {
      "line": "Sizzling",
      "annotations": {}
    },
    {
      "line": "The note is on me",
      "annotations": {}
    },
    {
      "line": "Money on my mind",
      "annotations": {}
    },
    {
      "line": "He’s sovereign",
      "annotations": {}
    },
    {
      "line": "I ‘on’t give a f ck who is calling",
      "annotations": {}
    },
    {
      "line": "I just take my love",
      "annotations": {}
    },
    {
      "line": "And i put it on your oven",
      "annotations": {}
    },
    {
      "line": "And the mead is fine",
      "annotations": {}
    },
    {
      "line": "Looking at it a little often",
      "annotations": {}
    },
    {
      "line": "And the man is fine",
      "annotations": {}
    },
    {
      "line": "They be looking at him",
      "annotations": {}
    },
    {
      "line": "It is a malady",
      "annotations": {}
    },
    {
      "line": "And she’s asking for it",
      "annotations": {}
    },
    {
      "line": "Another hit",
      "annotations": {}
    },
    {
      "line": "Another herе",
      "annotations": {}
    },
    {
      "line": "It is a malady",
      "annotations": {}
    },
    {
      "line": "And she’s asking for it",
      "annotations": {}
    },
    {
      "line": "Another hit",
      "annotations": {}
    },
    {
      "line": "Another hеre",
      "annotations": {}
    },
    {
      "line": "It is toxic",
      "annotations": {}
    },
    {
      "line": "What is in my cup",
      "annotations": {}
    },
    {
      "line": "And i’m still sipping on",
      "annotations": {}
    },
    {
      "line": "I don’t give a f ck",
      "annotations": {}
    },
    {
      "line": "Who’s lurking or",
      "annotations": {}
    },
    {
      "line": "Who is talking",
      "annotations": {}
    },
    {
      "line": "Like my th rn",
      "annotations": {}
    },
    {
      "line": "It is no burden",
      "annotations": {}
    },
    {
      "line": "It is sodden",
      "annotations": {}
    },
    {
      "line": "This love on the roll",
      "annotations": {}
    },
    {
      "line": "And you know",
      "annotations": {}
    },
    {
      "line": "This is not my; cap him",
      "annotations": {}
    },
    {
      "line": "Talking about the",
      "annotations": {}
    },
    {
      "line": "Took a tip",
      "annotations": {}
    },
    {
      "line": "I took her love",
      "annotations": {}
    },
    {
      "line": "And i put it on a other din",
      "annotations": {}
    },
    {
      "line": "All my clothes on dank in the other bin",
      "annotations": {}
    },
    {
      "line": "Oh! oh! oh!",
      "annotations": {}
    },
    {
      "line": "(drinks more tea)",
      "annotations": {}
    },
    {
      "line": "Chi is getting the adjusted",
      "annotations": {}
    },
    {
      "line": "I’m still your man",
      "annotations": {}
    },
    {
      "line": "Not another cop",
      "annotations": {}
    },
    {
      "line": "Feel so good",
      "annotations": {}
    },
    {
      "line": "When i am enjoying this sh t",
      "annotations": {}
    },
    {
      "line": "It is cocoa and milk",
      "annotations": {}
    },
    {
      "line": "That’s what am on sh t",
      "annotations": {}
    },
    {
      "line": "Got no b tter",
      "annotations": {}
    },
    {
      "line": "But i’m fine with some",
      "annotations": {}
    },
    {
      "line": "J j j j jam",
      "annotations": {}
    },
    {
      "line": "Now i’m feeling this",
      "annotations": {}
    },
    {
      "line": "Got the jam",
      "annotations": {}
    },
    {
      "line": "Taylor hitting me",
      "annotations": {}
    },
    {
      "line": "Cheddar feeling on my .",
      "annotations": {}
    },
    {
      "line": "Uh huh!",
      "annotations": {}
    },
    {
      "line": "Cheque on the ceiling",
      "annotations": {}
    },
    {
      "line": "Like .",
      "annotations": {}
    },
    {
      "line": "Pr, pr pretty",
      "annotations": {}
    },
    {
      "line": "Uh oh",
      "annotations": {}
    }
  ]
}