{
  "lyrics": [
    {
      "line": "[Verse 1]",
      "annotations": {
        "1": "Annotation for 1]",
        "Verse": "Annotation for [Verse"
      }
    },
    {
      "line": "I’ve been taking it slow",
      "annotations": {}
    },
    {
      "line": "You should know",
      "annotations": {}
    },
    {
      "line": "Love can be so",
      "annotations": {}
    },
    {
      "line": "No invent goal",
      "annotations": {}
    },
    {
      "line": "That’s how we’ll grow",
      "annotations": {}
    },
    {
      "line": "Take the back road",
      "annotations": {}
    },
    {
      "line": "Tell them you came through the front",
      "annotations": {}
    },
    {
      "line": "But not the road",
      "annotations": {}
    },
    {
      "line": "Straight to my soul",
      "annotations": {}
    },
    {
      "line": "How you got that love, get go",
      "annotations": {}
    },
    {
      "line": "Working my love, letting go",
      "annotations": {}
    },
    {
      "line": "",
      "annotations": {}
    },
    {
      "line": "[Verse 2]",
      "annotations": {
        "2": "Annotation for 2]",
        "Verse": "Annotation for [Verse"
      }
    },
    {
      "line": "And i never could",
      "annotations": {}
    },
    {
      "line": "Play the role",
      "annotations": {}
    },
    {
      "line": "But everything changes",
      "annotations": {}
    },
    {
      "line": "Dad k!lls you",
      "annotations": {}
    },
    {
      "line": "How you make it easy",
      "annotations": {}
    },
    {
      "line": "I can’t feed it on my ed",
      "annotations": {}
    },
    {
      "line": "Beating devil over h lls",
      "annotations": {}
    },
    {
      "line": "My kiddy coat",
      "annotations": {}
    },
    {
      "line": "How you see, he saw",
      "annotations": {}
    },
    {
      "line": "And this love goes, never come back",
      "annotations": {}
    },
    {
      "line": "This love goes, it never comes back",
      "annotations": {}
    },
    {
      "line": "",
      "annotations": {}
    },
    {
      "line": "[Verse 3]",
      "annotations": {
        "3": "Annotation for 3]",
        "Verse": "Annotation for [Verse"
      }
    },
    {
      "line": "We could just havе it here",
      "annotations": {}
    },
    {
      "line": "Make it feel likе the air has changed",
      "annotations": {}
    },
    {
      "line": "Have me meek, have me feeling paired",
      "annotations": {}
    },
    {
      "line": "To you, not just how you see it",
      "annotations": {}
    },
    {
      "line": "Something better",
      "annotations": {}
    },
    {
      "line": "Not just how you can receive it",
      "annotations": {}
    },
    {
      "line": "Something i can touch",
      "annotations": {}
    },
    {
      "line": "How you make me feel",
      "annotations": {}
    },
    {
      "line": "Something i can swallow",
      "annotations": {}
    },
    {
      "line": "Likened to make me feel this good",
      "annotations": {}
    },
    {
      "line": "",
      "annotations": {}
    },
    {
      "line": "[Outro]",
      "annotations": {
        "Outro": "Annotation for [Outro]"
      }
    },
    {
      "line": "Turn lead out",
      "annotations": {}
    },
    {
      "line": "Make you feel out of the whole world",
      "annotations": {}
    },
    {
      "line": "Turn lead out",
      "annotations": {}
    },
    {
      "line": "Make you feel out of the whole world",
      "annotations": {}
    }
  ]
}