{
  "lyrics": [
    {
      "line": "[Intro]",
      "annotations": {
        "Intro": "Annotation for [Intro]"
      }
    },
    {
      "line": "It’s your boy theophil",
      "annotations": {}
    },
    {
      "line": "Oh oh",
      "annotations": {}
    },
    {
      "line": "",
      "annotations": {}
    },
    {
      "line": "[Bridge]",
      "annotations": {
        "Bridge": "Annotation for [Bridge]"
      }
    },
    {
      "line": "You know, you know",
      "annotations": {}
    },
    {
      "line": "How i feel for you though",
      "annotations": {}
    },
    {
      "line": "You know, you know",
      "annotations": {}
    },
    {
      "line": "How i feel for you though",
      "annotations": {}
    },
    {
      "line": "When i am alone",
      "annotations": {}
    },
    {
      "line": "I’ll be calling your phone",
      "annotations": {}
    },
    {
      "line": "",
      "annotations": {}
    },
    {
      "line": "[Verse 1]",
      "annotations": {
        "1": "Annotation for 1]",
        "Verse": "Annotation for [Verse"
      }
    },
    {
      "line": "She was in the spotlight from the start",
      "annotations": {}
    },
    {
      "line": "Headed for my heart with a dart",
      "annotations": {}
    },
    {
      "line": "Dozens of pictures got me nostalgic",
      "annotations": {}
    },
    {
      "line": "Love is pain",
      "annotations": {}
    },
    {
      "line": "Girl this is tragic",
      "annotations": {}
    },
    {
      "line": "I don’t want my heart back",
      "annotations": {}
    },
    {
      "line": "You are where my pulse at",
      "annotations": {}
    },
    {
      "line": "Got me thinking i’m bewitched",
      "annotations": {}
    },
    {
      "line": "It’s only you i wanna dial",
      "annotations": {}
    },
    {
      "line": "I’m behind bars for your love",
      "annotations": {}
    },
    {
      "line": "Behind bars for your love",
      "annotations": {}
    },
    {
      "line": "I ‘on’t love no one",
      "annotations": {}
    },
    {
      "line": "I can’t love no one but you",
      "annotations": {}
    },
    {
      "line": "And i can’t get you out of my mind",
      "annotations": {}
    },
    {
      "line": "I’m caught up in all these web of you",
      "annotations": {}
    },
    {
      "line": "",
      "annotations": {}
    },
    {
      "line": "[Chorus]",
      "annotations": {
        "Chorus": "Annotation for [Chorus]"
      }
    },
    {
      "line": "I want . .",
      "annotations": {}
    },
    {
      "line": "You! you! you! you! you! you! you! you!",
      "annotations": {}
    },
    {
      "line": "So far i’m with . .",
      "annotations": {}
    },
    {
      "line": "You! you! you! you! you! you! you!",
      "annotations": {}
    },
    {
      "line": "So far i’m with . .",
      "annotations": {}
    },
    {
      "line": "You! you! you! you! you! you! you! you!",
      "annotations": {}
    },
    {
      "line": "So far i’m with . .",
      "annotations": {}
    },
    {
      "line": "You! you! you! you! you! you! you!",
      "annotations": {}
    },
    {
      "line": "So far i’m with . . . i want you",
      "annotations": {}
    },
    {
      "line": "You! you! you! you! you! you! you!",
      "annotations": {}
    },
    {
      "line": "So far i’m with . .",
      "annotations": {}
    },
    {
      "line": "You! you! you! you! you! you! you!",
      "annotations": {}
    },
    {
      "line": "So far i’m with . .",
      "annotations": {}
    },
    {
      "line": "You! you! you! you! you! you! you!",
      "annotations": {}
    },
    {
      "line": "So far i’m with . .",
      "annotations": {}
    },
    {
      "line": "You! you! you! you! you! you! you!",
      "annotations": {}
    },
    {
      "line": "So far i’m with . . . i want you",
      "annotations": {}
    }
  ]
}