{
  "lyrics": [
    {
      "line": "I never had another one",
      "annotations": {}
    },
    {
      "line": "You were my patootie",
      "annotations": {}
    },
    {
      "line": "And you left before a huddler",
      "annotations": {}
    },
    {
      "line": "Now i’m lost with it all",
      "annotations": {}
    },
    {
      "line": "Lost in the drench of the words",
      "annotations": {}
    },
    {
      "line": "You were the one",
      "annotations": {}
    },
    {
      "line": "Never had another patootie",
      "annotations": {}
    },
    {
      "line": "Yeah! so if i took",
      "annotations": {}
    },
    {
      "line": "Tell me now if it feels better",
      "annotations": {}
    },
    {
      "line": "Now i took a slip",
      "annotations": {}
    },
    {
      "line": "Now i feel i earned a dip",
      "annotations": {}
    },
    {
      "line": "Whoa baby",
      "annotations": {}
    },
    {
      "line": "She’ll never speak ill",
      "annotations": {}
    },
    {
      "line": "Take my love and give it away",
      "annotations": {}
    },
    {
      "line": "She’ll never stay here",
      "annotations": {}
    },
    {
      "line": "Take my soul and shred it; the pages",
      "annotations": {}
    },
    {
      "line": "I read your words",
      "annotations": {}
    },
    {
      "line": "They weren’t for me",
      "annotations": {}
    },
    {
      "line": "Won’t you keep your lies",
      "annotations": {}
    },
    {
      "line": "I took your worth",
      "annotations": {}
    },
    {
      "line": "And all i feel is a mess away",
      "annotations": {}
    },
    {
      "line": "I couldn’t breathe; your pen",
      "annotations": {}
    },
    {
      "line": "Again and the word, are they meant for me?",
      "annotations": {}
    },
    {
      "line": "But you gave warning signs",
      "annotations": {}
    },
    {
      "line": "I’ll just fade away instead",
      "annotations": {}
    },
    {
      "line": "Reading, with it, leg in",
      "annotations": {}
    },
    {
      "line": "We got a forever moment",
      "annotations": {}
    },
    {
      "line": "And we lost it",
      "annotations": {}
    },
    {
      "line": "Reading, reading, reading",
      "annotations": {}
    },
    {
      "line": "We had her for a moment",
      "annotations": {}
    },
    {
      "line": "But we lost it",
      "annotations": {}
    },
    {
      "line": "Uh!",
      "annotations": {}
    },
    {
      "line": "Trip, trip",
      "annotations": {}
    },
    {
      "line": "It’s a trip eh!",
      "annotations": {}
    },
    {
      "line": "She get to be",
      "annotations": {}
    },
    {
      "line": "Don’t you be there",
      "annotations": {}
    },
    {
      "line": "I won’t hold you back",
      "annotations": {}
    },
    {
      "line": "We all out here",
      "annotations": {}
    },
    {
      "line": "We trying to do some loving",
      "annotations": {}
    },
    {
      "line": "Proving, you profane",
      "annotations": {}
    },
    {
      "line": "Been out here living",
      "annotations": {}
    },
    {
      "line": "Nothing comes bad at me",
      "annotations": {}
    },
    {
      "line": "So are your boys",
      "annotations": {}
    },
    {
      "line": "And you wh0re the girls; says you f cked",
      "annotations": {}
    },
    {
      "line": "Now i chide for it",
      "annotations": {}
    },
    {
      "line": "All the genders",
      "annotations": {}
    },
    {
      "line": "I won’t be acting like i ain’t got pulse",
      "annotations": {}
    },
    {
      "line": "To hold your f cking . .",
      "annotations": {}
    },
    {
      "line": "It smells out",
      "annotations": {}
    },
    {
      "line": "I ‘on’t really care",
      "annotations": {}
    },
    {
      "line": "Its all about it; my sin now",
      "annotations": {}
    }
  ]
}