{
  "lyrics": [
    {
      "line": "[Intro]",
      "annotations": {}
    },
    {
      "line": "Tell me what you see with the sh tty eyes",
      "annotations": {}
    },
    {
      "line": "Armed with a taser",
      "annotations": {}
    },
    {
      "line": "I’m calling but you’re not hearing",
      "annotations": {}
    },
    {
      "line": "The walls spell your years",
      "annotations": {}
    },
    {
      "line": "Say we sealing",
      "annotations": {}
    },
    {
      "line": "It was veel nine",
      "annotations": {}
    },
    {
      "line": "I see none",
      "annotations": {}
    },
    {
      "line": "How long are you holding on to this",
      "annotations": {}
    },
    {
      "line": "",
      "annotations": {}
    },
    {
      "line": "[Verse 1]",
      "annotations": {}
    },
    {
      "line": "My tears falling",
      "annotations": {}
    },
    {
      "line": "They don’t . . .",
      "annotations": {}
    },
    {
      "line": "Be here now",
      "annotations": {}
    },
    {
      "line": "Saying the year that they hold",
      "annotations": {}
    },
    {
      "line": "Homie the left i do",
      "annotations": {}
    },
    {
      "line": "And i know it hurts to feel low",
      "annotations": {}
    },
    {
      "line": "When it sucks still",
      "annotations": {}
    },
    {
      "line": "To be in love",
      "annotations": {}
    },
    {
      "line": "A call away",
      "annotations": {}
    },
    {
      "line": "It tears, veils, the day",
      "annotations": {}
    },
    {
      "line": "Tell me what you see with the street light",
      "annotations": {}
    },
    {
      "line": "Cos i don’t see",
      "annotations": {}
    },
    {
      "line": "Tell me what you still see with the street lights",
      "annotations": {}
    },
    {
      "line": "Is it that i don’t see",
      "annotations": {}
    },
    {
      "line": "",
      "annotations": {}
    },
    {
      "line": "[Verse 2]",
      "annotations": {}
    },
    {
      "line": "So it started with the familiar",
      "annotations": {}
    },
    {
      "line": "Wе just started from the:",
      "annotations": {}
    },
    {
      "line": "All thesе is bison",
      "annotations": {}
    },
    {
      "line": "And i was he rs ing",
      "annotations": {}
    },
    {
      "line": "Ignore the swap team",
      "annotations": {}
    },
    {
      "line": "It’s kissing in the h ll we are in",
      "annotations": {}
    },
    {
      "line": "I don’t really know",
      "annotations": {}
    },
    {
      "line": "How it goes",
      "annotations": {}
    },
    {
      "line": "If it is true",
      "annotations": {}
    },
    {
      "line": "Or it is wrong",
      "annotations": {}
    },
    {
      "line": "I just feel",
      "annotations": {}
    },
    {
      "line": "That i am here",
      "annotations": {}
    },
    {
      "line": "And i know",
      "annotations": {}
    },
    {
      "line": "How i’m goad",
      "annotations": {}
    },
    {
      "line": "You who is beta",
      "annotations": {}
    },
    {
      "line": "You who is better",
      "annotations": {}
    },
    {
      "line": "Her row better",
      "annotations": {}
    },
    {
      "line": "You will steer",
      "annotations": {}
    },
    {
      "line": "Handle your stool in",
      "annotations": {}
    },
    {
      "line": "And i feel that i’m better",
      "annotations": {}
    },
    {
      "line": "Doesn’t matter",
      "annotations": {}
    },
    {
      "line": "I’m a kong",
      "annotations": {}
    },
    {
      "line": "Happy betting",
      "annotations": {}
    },
    {
      "line": "Here they say",
      "annotations": {}
    },
    {
      "line": "Doesn’t matter",
      "annotations": {}
    },
    {
      "line": "How it goes",
      "annotations": {}
    },
    {
      "line": "How it goes",
      "annotations": {}
    },
    {
      "line": "How it goes",
      "annotations": {}
    },
    {
      "line": "Cosmic hull",
      "annotations": {}
    },
    {
      "line": "Does he still hurt",
      "annotations": {}
    },
    {
      "line": "Does he do",
      "annotations": {}
    },
    {
      "line": "My love always buying",
      "annotations": {}
    },
    {
      "line": "Give me a clue",
      "annotations": {}
    },
    {
      "line": "I don’t really know if it is true",
      "annotations": {}
    },
    {
      "line": "Means i ain’t laying on the best of me",
      "annotations": {}
    },
    {
      "line": "Failing the year i am not deceiving",
      "annotations": {}
    },
    {
      "line": "The calling, and praying that i take all the doors",
      "annotations": {}
    },
    {
      "line": "Zip in on her",
      "annotations": {}
    },
    {
      "line": "Dumb brain out here",
      "annotations": {}
    },
    {
      "line": "When it is no when i am busy",
      "annotations": {}
    },
    {
      "line": "To the day when i frock my head in known",
      "annotations": {}
    },
    {
      "line": "Hope you are the anecdote",
      "annotations": {}
    },
    {
      "line": "The naniq thaws",
      "annotations": {}
    },
    {
      "line": "Two worlds apart",
      "annotations": {}
    },
    {
      "line": "Two worlds, a prose",
      "annotations": {}
    },
    {
      "line": "I’m mowing my conscience",
      "annotations": {}
    },
    {
      "line": "Does he feast",
      "annotations": {}
    },
    {
      "line": "Does he riddle",
      "annotations": {}
    },
    {
      "line": "",
      "annotations": {}
    },
    {
      "line": "[Outro]",
      "annotations": {}
    },
    {
      "line": "(laughter)",
      "annotations": {}
    },
    {
      "line": "F ck this aux cord",
      "annotations": {}
    }
  ]
}