{
  "lyrics": [
    {
      "line": "[Verse 1]",
      "annotations": {}
    },
    {
      "line": "Tell me how i can",
      "annotations": {}
    },
    {
      "line": "Move myself",
      "annotations": {}
    },
    {
      "line": "I will try",
      "annotations": {}
    },
    {
      "line": "Get this out to my consciousness",
      "annotations": {}
    },
    {
      "line": "Say it out to the beating what i feel",
      "annotations": {}
    },
    {
      "line": "Tell some more words",
      "annotations": {}
    },
    {
      "line": "Words pour their rays on",
      "annotations": {}
    },
    {
      "line": "",
      "annotations": {}
    },
    {
      "line": "[Chorus]",
      "annotations": {}
    },
    {
      "line": "I think i know what pain is",
      "annotations": {}
    },
    {
      "line": "I think i know what it is",
      "annotations": {}
    },
    {
      "line": "I think i know what joy is",
      "annotations": {}
    },
    {
      "line": "I think i know what it is",
      "annotations": {}
    },
    {
      "line": "",
      "annotations": {}
    },
    {
      "line": "[Verse 2]",
      "annotations": {}
    },
    {
      "line": "Holy f ck",
      "annotations": {}
    },
    {
      "line": "(laughter)",
      "annotations": {}
    },
    {
      "line": "Okay, yeah",
      "annotations": {}
    },
    {
      "line": "Hmm",
      "annotations": {}
    },
    {
      "line": "Not much to say",
      "annotations": {}
    },
    {
      "line": "But i will say this though",
      "annotations": {}
    },
    {
      "line": "I have been in a place",
      "annotations": {}
    },
    {
      "line": "Where i’ve been down",
      "annotations": {}
    },
    {
      "line": "And i thought",
      "annotations": {}
    },
    {
      "line": "I’d never find a way out",
      "annotations": {}
    },
    {
      "line": "Yeah, i’ve been quite so sad oh",
      "annotations": {}
    },
    {
      "line": "Not for too long",
      "annotations": {}
    },
    {
      "line": "But i had to pull the jack fast",
      "annotations": {}
    },
    {
      "line": "Had to put the cut out fast",
      "annotations": {}
    },
    {
      "line": "Like, no light attaches",
      "annotations": {}
    },
    {
      "line": "Need to be out",
      "annotations": {}
    },
    {
      "line": "So i know what pain is",
      "annotations": {}
    },
    {
      "line": "And i know what it is",
      "annotations": {}
    },
    {
      "line": "When your thoughts keep going",
      "annotations": {}
    },
    {
      "line": "And they want also to be ended",
      "annotations": {}
    },
    {
      "line": "And i know when every reflex",
      "annotations": {}
    },
    {
      "line": "And every sign just says",
      "annotations": {}
    },
    {
      "line": "It has come to an еnd",
      "annotations": {}
    },
    {
      "line": "Yeah",
      "annotations": {}
    },
    {
      "line": "And you seek the end",
      "annotations": {}
    },
    {
      "line": "And you gеt to the end",
      "annotations": {}
    },
    {
      "line": "And you wake up",
      "annotations": {}
    },
    {
      "line": "And you’re still alive",
      "annotations": {}
    },
    {
      "line": "And you’re just mad",
      "annotations": {}
    },
    {
      "line": "Mad at the crazy substance you’ve got in your body",
      "annotations": {}
    },
    {
      "line": "Just, just wanted better",
      "annotations": {}
    },
    {
      "line": "And now you have to deal with it",
      "annotations": {}
    },
    {
      "line": "You’re back in life",
      "annotations": {}
    },
    {
      "line": "It’s the air out there",
      "annotations": {}
    },
    {
      "line": "Still electricity; it is still up",
      "annotations": {}
    },
    {
      "line": "It’s dark, the sun is out",
      "annotations": {}
    },
    {
      "line": "And, it just all sucks",
      "annotations": {}
    },
    {
      "line": "’cause now",
      "annotations": {}
    },
    {
      "line": "Death is more expensive",
      "annotations": {}
    },
    {
      "line": "Than you thought it was before",
      "annotations": {}
    },
    {
      "line": "And it isn’t much of pain",
      "annotations": {}
    },
    {
      "line": "You’re just stuck, stuck in life",
      "annotations": {}
    },
    {
      "line": "Just stuck, stuck",
      "annotations": {}
    },
    {
      "line": "F cking stuck",
      "annotations": {}
    }
  ]
}