{
  "lyrics": [
    {
      "line": "[Verse 1]",
      "annotations": {}
    },
    {
      "line": "Sipping, out it’s stormy",
      "annotations": {}
    },
    {
      "line": "With the right taste for your summit",
      "annotations": {}
    },
    {
      "line": "When you text",
      "annotations": {}
    },
    {
      "line": "I just want you on my bed",
      "annotations": {}
    },
    {
      "line": "Well, i ever care",
      "annotations": {}
    },
    {
      "line": "That i can’t be your dear",
      "annotations": {}
    },
    {
      "line": "Lover",
      "annotations": {}
    },
    {
      "line": "(teh who)",
      "annotations": {}
    },
    {
      "line": "Can i be your dear lover",
      "annotations": {}
    },
    {
      "line": "(lover)",
      "annotations": {}
    },
    {
      "line": "Well in on my thoughts",
      "annotations": {}
    },
    {
      "line": "It bothers",
      "annotations": {}
    },
    {
      "line": "(bothering me)",
      "annotations": {}
    },
    {
      "line": "If we’re on the third",
      "annotations": {}
    },
    {
      "line": "Well they’re in love, blah, lover",
      "annotations": {}
    },
    {
      "line": "(i just want your touch)",
      "annotations": {}
    },
    {
      "line": "And i’m trying to reach really closer",
      "annotations": {}
    },
    {
      "line": "So how you piece this spot like the other",
      "annotations": {}
    },
    {
      "line": "Ma ah ah ah",
      "annotations": {}
    },
    {
      "line": "Beating my collar phase",
      "annotations": {}
    }
  ]
}