{
  "lyrics": [
    {
      "line": "[Chorus]",
      "annotations": {}
    },
    {
      "line": "Waking up superficial",
      "annotations": {}
    },
    {
      "line": "It’s official, i’m full of vanity",
      "annotations": {}
    },
    {
      "line": "Waking up superficial",
      "annotations": {}
    },
    {
      "line": "It’s official, i’m full of vanity",
      "annotations": {}
    },
    {
      "line": "",
      "annotations": {}
    },
    {
      "line": "[Verse 1]",
      "annotations": {}
    },
    {
      "line": "And my mind don’t pull at the wish right",
      "annotations": {}
    },
    {
      "line": "And my love don’t say it; you through with tan?",
      "annotations": {}
    },
    {
      "line": "Oh oh, it is official",
      "annotations": {}
    },
    {
      "line": "Superficial, i’m filled with vanity",
      "annotations": {}
    },
    {
      "line": "I love a girl but i won’t say",
      "annotations": {}
    },
    {
      "line": "I love her body but i won’t tell",
      "annotations": {}
    },
    {
      "line": "I love her heart but it’s not on dell",
      "annotations": {}
    },
    {
      "line": "I’m not sure what is wrong now",
      "annotations": {}
    },
    {
      "line": "I just feel like i am lost, running on this lie",
      "annotations": {}
    },
    {
      "line": "Like up, up, men i need a fat seater",
      "annotations": {}
    },
    {
      "line": "I don’t give a f ck, fissured set",
      "annotations": {}
    },
    {
      "line": "That’s not right",
      "annotations": {}
    },
    {
      "line": "Beam my d mn phone, i don’t see",
      "annotations": {}
    },
    {
      "line": "Curses not right",
      "annotations": {}
    },
    {
      "line": "Pour my thoughts on you",
      "annotations": {}
    },
    {
      "line": "Something is not right",
      "annotations": {}
    },
    {
      "line": "Up",
      "annotations": {}
    },
    {
      "line": "I’ve been up, it’s for a while now",
      "annotations": {}
    },
    {
      "line": "Up",
      "annotations": {}
    },
    {
      "line": "Something is not right, nor right",
      "annotations": {}
    },
    {
      "line": "",
      "annotations": {}
    },
    {
      "line": "[Verse 2]",
      "annotations": {}
    },
    {
      "line": "He’s superficial, yes, it is official",
      "annotations": {}
    },
    {
      "line": "I’m on toodle oo",
      "annotations": {}
    },
    {
      "line": "What i want to say is i don’t miss you",
      "annotations": {}
    },
    {
      "line": "Oh no girl, i don’t miss you",
      "annotations": {}
    },
    {
      "line": "I just want you out my heart, it’s official",
      "annotations": {}
    },
    {
      "line": "Yeah, i am superficial, i don’t give a f ck",
      "annotations": {}
    },
    {
      "line": "I don’t give a f ck, i just want to cry myself to sleep",
      "annotations": {}
    },
    {
      "line": "I don’t want her ass, see thе pretty yeah?",
      "annotations": {}
    },
    {
      "line": "Only once? it’s a pity yеah",
      "annotations": {}
    },
    {
      "line": "I just want to cry myself to sleep",
      "annotations": {}
    },
    {
      "line": "But it’s too many thots in my head now",
      "annotations": {}
    },
    {
      "line": "Yeah, i see i better lose it",
      "annotations": {}
    },
    {
      "line": "So i top my love on a pudding",
      "annotations": {}
    },
    {
      "line": "Yeah, i let her; pretty",
      "annotations": {}
    },
    {
      "line": "I don’t care though",
      "annotations": {}
    },
    {
      "line": "I just did a f cking front line",
      "annotations": {}
    },
    {
      "line": "In the same place, the same scene",
      "annotations": {}
    },
    {
      "line": "The same problems and the same pain",
      "annotations": {}
    },
    {
      "line": "I don’t really know, what is his problem",
      "annotations": {}
    },
    {
      "line": "If he is seen zany",
      "annotations": {}
    },
    {
      "line": "Uh oh",
      "annotations": {}
    },
    {
      "line": "No i’m not insane, i just feel low",
      "annotations": {}
    },
    {
      "line": "",
      "annotations": {}
    },
    {
      "line": "[Chorus 2]",
      "annotations": {}
    },
    {
      "line": "It’s official, yeah, i am superficial",
      "annotations": {}
    },
    {
      "line": "Alone with your love",
      "annotations": {}
    },
    {
      "line": "If this is love, will she feel the same?",
      "annotations": {}
    },
    {
      "line": "",
      "annotations": {}
    },
    {
      "line": "[Outro]",
      "annotations": {}
    },
    {
      "line": "It’s official, i’m with your love girl",
      "annotations": {}
    },
    {
      "line": "My way superficial, help dissuade love",
      "annotations": {}
    },
    {
      "line": "No, it is official, i don’t want your love girl",
      "annotations": {}
    },
    {
      "line": "I don’t want your love, comma’s lost, superficial",
      "annotations": {}
    },
    {
      "line": "And i want your body",
      "annotations": {}
    },
    {
      "line": "We should party by objecting",
      "annotations": {}
    },
    {
      "line": "Every f cking time cos i am stuck in the tangle",
      "annotations": {}
    },
    {
      "line": "Of i don’t feel, but i don’t want to get caught up",
      "annotations": {}
    },
    {
      "line": "Oh men, i’m in a mess",
      "annotations": {}
    },
    {
      "line": "This is like my personal freestyle",
      "annotations": {}
    },
    {
      "line": "Yeah, i think i",
      "annotations": {}
    }
  ]
}