{
  "lyrics": [
    {
      "line": "[Verse 1]",
      "annotations": {
        "1": "Annotation for 1]",
        "Verse": "Annotation for [Verse"
      }
    },
    {
      "line": "I have spent a lot of time in darkness",
      "annotations": {}
    },
    {
      "line": "But this time it’s feeling really different",
      "annotations": {}
    },
    {
      "line": "Like something out there is not true",
      "annotations": {}
    },
    {
      "line": "And it is the right sense",
      "annotations": {}
    },
    {
      "line": "Of this bad tenses that i might choose",
      "annotations": {}
    },
    {
      "line": "But i don’t know if am i a choos",
      "annotations": {}
    },
    {
      "line": "And my rules on this cruises",
      "annotations": {}
    },
    {
      "line": "That i keep going on",
      "annotations": {}
    },
    {
      "line": "Like i got shoes to walk in them",
      "annotations": {}
    },
    {
      "line": "Boos to hold them down",
      "annotations": {}
    },
    {
      "line": "And i ain’t need a new good to hold me down",
      "annotations": {}
    },
    {
      "line": "But i’m feeling darker in here",
      "annotations": {}
    },
    {
      "line": "Like the lights is not real",
      "annotations": {}
    },
    {
      "line": "And it’s just fox in there",
      "annotations": {}
    },
    {
      "line": "And i don’t know what to take time for",
      "annotations": {}
    },
    {
      "line": "Maybe it’s this",
      "annotations": {}
    },
    {
      "line": "Or maybe it’s being i’d visit more",
      "annotations": {}
    },
    {
      "line": "Because every time it is nothing but crease",
      "annotations": {}
    },
    {
      "line": "I’m trying to look for a better plate",
      "annotations": {}
    },
    {
      "line": "Like a better view of my dress",
      "annotations": {}
    },
    {
      "line": "But it’s nothing else",
      "annotations": {}
    },
    {
      "line": "It’s just the mess",
      "annotations": {}
    },
    {
      "line": "And i’m hoping that",
      "annotations": {}
    },
    {
      "line": "I don’t get someone vexed",
      "annotations": {}
    },
    {
      "line": "",
      "annotations": {}
    },
    {
      "line": "[Verse 2]",
      "annotations": {
        "2": "Annotation for 2]",
        "Verse": "Annotation for [Verse"
      }
    },
    {
      "line": "Tell me that it’s not the rest of it",
      "annotations": {}
    },
    {
      "line": "Tell me that it’s not what i hope i’m best at",
      "annotations": {}
    },
    {
      "line": "Making a f cking address",
      "annotations": {}
    },
    {
      "line": "Of something that i should have not done in the first",
      "annotations": {}
    },
    {
      "line": "I better get my only girl out there",
      "annotations": {}
    },
    {
      "line": "Before i get myself in another weekend of regrets",
      "annotations": {}
    },
    {
      "line": "And i’m still hoping for the light",
      "annotations": {}
    },
    {
      "line": "Hoping that there is something",
      "annotations": {}
    },
    {
      "line": "That i can really take my time to you know fight men",
      "annotations": {}
    },
    {
      "line": "Nothing but myself that is the rights men",
      "annotations": {}
    },
    {
      "line": "And i know that it’s not only about myself",
      "annotations": {}
    },
    {
      "line": "But i just, it is tough to say it is me on the mic",
      "annotations": {}
    },
    {
      "line": "Like what else, oh my god",
      "annotations": {}
    },
    {
      "line": "And i’ve done nothing right",
      "annotations": {}
    },
    {
      "line": "Nothing on this beat right",
      "annotations": {}
    },
    {
      "line": "Isn’t even me",
      "annotations": {}
    },
    {
      "line": "Or dizzy this fight of this sh tes",
      "annotations": {}
    },
    {
      "line": "Of this girl that i really want to say that",
      "annotations": {}
    },
    {
      "line": "I’m lost in the darkness not the light",
      "annotations": {}
    },
    {
      "line": "And even when i’m looking out there",
      "annotations": {}
    },
    {
      "line": "It’s the darkness in my heart",
      "annotations": {}
    },
    {
      "line": "That is really holding me down",
      "annotations": {}
    },
    {
      "line": "And i’m wondering what is it i have done",
      "annotations": {}
    },
    {
      "line": "What is it i have done",
      "annotations": {}
    },
    {
      "line": "It is not so serious",
      "annotations": {}
    },
    {
      "line": "Maybe i should just get myself honour",
      "annotations": {}
    },
    {
      "line": "",
      "annotations": {}
    },
    {
      "line": "[Verse 3]",
      "annotations": {
        "3": "Annotation for 3]",
        "Verse": "Annotation for [Verse"
      }
    },
    {
      "line": "Put myself in front of a raven and you know",
      "annotations": {}
    },
    {
      "line": "Cut it off with a scissors",
      "annotations": {}
    },
    {
      "line": "Say i bought her a house",
      "annotations": {}
    },
    {
      "line": "Say i bought her something better",
      "annotations": {}
    },
    {
      "line": "Like girl you don’t need that",
      "annotations": {}
    },
    {
      "line": "We don’t need to be out",
      "annotations": {}
    },
    {
      "line": "Without a door and kneeling",
      "annotations": {}
    },
    {
      "line": "We can put it somewhere",
      "annotations": {}
    },
    {
      "line": "And say we washed them really clean",
      "annotations": {}
    },
    {
      "line": "Like no the dry cleaners had enough",
      "annotations": {}
    },
    {
      "line": "So we had to take it somewhere",
      "annotations": {}
    },
    {
      "line": "That babe and i could be like",
      "annotations": {}
    },
    {
      "line": "Sure we lit",
      "annotations": {}
    },
    {
      "line": "",
      "annotations": {}
    },
    {
      "line": "[Background music]",
      "annotations": {
        "Background": "Annotation for [Background",
        "music": "Annotation for music]"
      }
    },
    {
      "line": "If i was letting you go",
      "annotations": {}
    },
    {
      "line": "It would be forever",
      "annotations": {}
    },
    {
      "line": "Dancing like whatever",
      "annotations": {}
    },
    {
      "line": "If i was letting you go",
      "annotations": {}
    },
    {
      "line": "It would be forever",
      "annotations": {}
    },
    {
      "line": "I’d be dancing like whatever",
      "annotations": {}
    },
    {
      "line": "You should know",
      "annotations": {}
    },
    {
      "line": "Got a show",
      "annotations": {}
    },
    {
      "line": "Goes on",
      "annotations": {}
    },
    {
      "line": "I’m in the attic pondering what now",
      "annotations": {}
    },
    {
      "line": "Girl you should know",
      "annotations": {}
    },
    {
      "line": "My show goes on",
      "annotations": {}
    },
    {
      "line": "In the attic pondering",
      "annotations": {}
    },
    {
      "line": "Whether i’m still an addict",
      "annotations": {}
    },
    {
      "line": "Looking a mess",
      "annotations": {}
    },
    {
      "line": "Picking up tracts",
      "annotations": {}
    },
    {
      "line": "I feel that nothing i’ll feel should be undressed",
      "annotations": {}
    },
    {
      "line": "Taking my mind out",
      "annotations": {}
    },
    {
      "line": "Nothing comes out",
      "annotations": {}
    },
    {
      "line": "It’s this big mouth trying to be a lout",
      "annotations": {}
    },
    {
      "line": "And i’ve been the one",
      "annotations": {}
    },
    {
      "line": "Sleeping, so pained, sipping",
      "annotations": {}
    },
    {
      "line": "And i just ponder",
      "annotations": {}
    },
    {
      "line": "Do i feel they get the real picture",
      "annotations": {}
    },
    {
      "line": "Making me feel bad",
      "annotations": {}
    },
    {
      "line": "Making me feel like i don’t feel",
      "annotations": {}
    },
    {
      "line": "How do you feel about that",
      "annotations": {}
    },
    {
      "line": "My heart it’s not here no more",
      "annotations": {}
    },
    {
      "line": "Not with me no more",
      "annotations": {}
    },
    {
      "line": "Not how i want to",
      "annotations": {}
    }
  ]
}