{
  "lyrics": [
    {
      "line": "[Intro]",
      "annotations": {
        "Intro": "Annotation for [Intro]"
      }
    },
    {
      "line": "Molly here",
      "annotations": {}
    },
    {
      "line": "Liver love",
      "annotations": {}
    },
    {
      "line": "Whoa, whoa, whoa, whoa",
      "annotations": {}
    },
    {
      "line": "They want my soul",
      "annotations": {}
    },
    {
      "line": "But they ain’t ever getting it",
      "annotations": {}
    },
    {
      "line": "No o",
      "annotations": {}
    },
    {
      "line": "",
      "annotations": {}
    },
    {
      "line": "[Verse 1]",
      "annotations": {
        "1": "Annotation for 1]",
        "Verse": "Annotation for [Verse"
      }
    },
    {
      "line": "I put it in a f cking box",
      "annotations": {}
    },
    {
      "line": "And now i am unboxing",
      "annotations": {}
    },
    {
      "line": "Yeah, come on",
      "annotations": {}
    },
    {
      "line": "It’s your boy now a swan",
      "annotations": {}
    },
    {
      "line": "I’m feeling like a swan",
      "annotations": {}
    },
    {
      "line": "I’m out here swimming",
      "annotations": {}
    },
    {
      "line": "With these f cking girls",
      "annotations": {}
    },
    {
      "line": "But they ain’t got no panties on",
      "annotations": {}
    },
    {
      "line": "So that’s clever",
      "annotations": {}
    },
    {
      "line": "Cos i ain’t with no fervour",
      "annotations": {}
    },
    {
      "line": "So i’m not running around with hoes",
      "annotations": {}
    },
    {
      "line": "I’ll be on your f cking",
      "annotations": {}
    },
    {
      "line": "Sh t baby",
      "annotations": {}
    },
    {
      "line": "Don’t you say nothing, i’ll be on my",
      "annotations": {}
    },
    {
      "line": "Yeah, every other time",
      "annotations": {}
    },
    {
      "line": "They copying and sh t",
      "annotations": {}
    },
    {
      "line": "They rapping and sh t",
      "annotations": {}
    },
    {
      "line": "They stomp in me sh t",
      "annotations": {}
    },
    {
      "line": "Then they back in the f cking bold",
      "annotations": {}
    },
    {
      "line": "Annal spitting this sh t",
      "annotations": {}
    },
    {
      "line": "Every other rhyme",
      "annotations": {}
    },
    {
      "line": "Gotta end with a f cking",
      "annotations": {}
    },
    {
      "line": "You’re lit",
      "annotations": {}
    },
    {
      "line": "And you know we don’t takе no f cking splits",
      "annotations": {}
    },
    {
      "line": "They wanna do it 50",
      "annotations": {}
    },
    {
      "line": "We’re just homе made and sh t",
      "annotations": {}
    },
    {
      "line": "Cos i’m f cking with my homies and sh t",
      "annotations": {}
    },
    {
      "line": "And n0body comes around in this sh t",
      "annotations": {}
    },
    {
      "line": "And everyday it is a nave on this sh t",
      "annotations": {}
    },
    {
      "line": "And now i’m so evil",
      "annotations": {}
    },
    {
      "line": "D mn, i think i never ever lead",
      "annotations": {}
    },
    {
      "line": "Cos the only thing i f cking see",
      "annotations": {}
    },
    {
      "line": "Is my f cking conscience",
      "annotations": {}
    },
    {
      "line": "Za, the whole hurting",
      "annotations": {}
    },
    {
      "line": "Ought in",
      "annotations": {}
    },
    {
      "line": "They can’t f ck with my spleen",
      "annotations": {}
    },
    {
      "line": "I’m balling",
      "annotations": {}
    },
    {
      "line": "I’m burning",
      "annotations": {}
    },
    {
      "line": "Born in this weed",
      "annotations": {}
    },
    {
      "line": "They ain’t ever gonna take me down",
      "annotations": {}
    },
    {
      "line": "No, we don’t go with the robbers",
      "annotations": {}
    },
    {
      "line": "We just fool around like young seven",
      "annotations": {}
    },
    {
      "line": "Make a splash on",
      "annotations": {}
    },
    {
      "line": "I don’t give a f ck",
      "annotations": {}
    },
    {
      "line": "I just go feels",
      "annotations": {}
    },
    {
      "line": "I’m gonna make sure",
      "annotations": {}
    },
    {
      "line": "She’s gonna be on her",
      "annotations": {}
    },
    {
      "line": "On her way",
      "annotations": {}
    },
    {
      "line": "So how are my f cking cheese there",
      "annotations": {}
    },
    {
      "line": "Where are my f cking homies at",
      "annotations": {}
    },
    {
      "line": "We still do the f cking same thing",
      "annotations": {}
    },
    {
      "line": "Same thing",
      "annotations": {}
    },
    {
      "line": "Smoking on this f cking trees",
      "annotations": {}
    },
    {
      "line": "Zoe oh",
      "annotations": {}
    },
    {
      "line": "What’s the weather for homies there",
      "annotations": {}
    },
    {
      "line": "Hey",
      "annotations": {}
    },
    {
      "line": "And weather for my gs there",
      "annotations": {}
    },
    {
      "line": "We still smoking these trees everyday",
      "annotations": {}
    },
    {
      "line": "Cos we don’t give a f ck yeah",
      "annotations": {}
    },
    {
      "line": "Don’t give a f ck",
      "annotations": {}
    },
    {
      "line": "We don’t give a f ck",
      "annotations": {}
    },
    {
      "line": "It’s a knock, knock off",
      "annotations": {}
    },
    {
      "line": "I don’t say n0body",
      "annotations": {}
    },
    {
      "line": "So it’s no docking in this b tch",
      "annotations": {}
    },
    {
      "line": "I’m up in this",
      "annotations": {}
    },
    {
      "line": "Motherf cker how do you feel",
      "annotations": {}
    },
    {
      "line": "Still barking with the blings",
      "annotations": {}
    },
    {
      "line": "Yeah, yeah",
      "annotations": {}
    },
    {
      "line": "Still acting like i’m king",
      "annotations": {}
    },
    {
      "line": "Yeah, yeah",
      "annotations": {}
    },
    {
      "line": "I still swing on her",
      "annotations": {}
    },
    {
      "line": "Still swing on her",
      "annotations": {}
    },
    {
      "line": "Still swing on her",
      "annotations": {}
    },
    {
      "line": "Motherf cker swindler",
      "annotations": {}
    },
    {
      "line": "How do you feel when a n gga",
      "annotations": {}
    },
    {
      "line": "Never had nothing but the big picture",
      "annotations": {}
    },
    {
      "line": "Never is gone",
      "annotations": {}
    },
    {
      "line": "Never gone breach your soul",
      "annotations": {}
    },
    {
      "line": "F cking soothe my mind up",
      "annotations": {}
    },
    {
      "line": "My mind up",
      "annotations": {}
    },
    {
      "line": "Yeah",
      "annotations": {}
    }
  ]
}