{
  "lyrics": [
    {
      "line": "[Intro]",
      "annotations": {
        "Intro": "Annotation for [Intro]"
      }
    },
    {
      "line": "Fresh boy chilling",
      "annotations": {}
    },
    {
      "line": "",
      "annotations": {}
    },
    {
      "line": "[Chorus]",
      "annotations": {
        "Chorus": "Annotation for [Chorus]"
      }
    },
    {
      "line": "Telling lies i’m on my knee baby",
      "annotations": {}
    },
    {
      "line": "Is this how it’s gonna be my love",
      "annotations": {}
    },
    {
      "line": "You know i treat you right",
      "annotations": {}
    },
    {
      "line": "I’ll take a bullet for you",
      "annotations": {}
    },
    {
      "line": "Would you do the same for me",
      "annotations": {}
    },
    {
      "line": "Or am i",
      "annotations": {}
    },
    {
      "line": "Caught up in your lie",
      "annotations": {}
    },
    {
      "line": "Too caught up in your lies",
      "annotations": {}
    },
    {
      "line": "",
      "annotations": {}
    },
    {
      "line": "[Verse 1]",
      "annotations": {
        "1": "Annotation for 1]",
        "Verse": "Annotation for [Verse"
      }
    },
    {
      "line": "Can’t blame where we got off",
      "annotations": {}
    },
    {
      "line": "Where we are now",
      "annotations": {}
    },
    {
      "line": "I ever fear the distorted",
      "annotations": {}
    },
    {
      "line": "My face doesn’t care",
      "annotations": {}
    },
    {
      "line": "Though if i did",
      "annotations": {}
    },
    {
      "line": "Not from you",
      "annotations": {}
    },
    {
      "line": "And i call it the base of something new",
      "annotations": {}
    },
    {
      "line": "Do i lose my thoughts",
      "annotations": {}
    },
    {
      "line": "Do i lose my head",
      "annotations": {}
    },
    {
      "line": "I say for lies on me",
      "annotations": {}
    },
    {
      "line": "Heavy on me when i say that",
      "annotations": {}
    },
    {
      "line": "Love i got it",
      "annotations": {}
    },
    {
      "line": "Well, do i say",
      "annotations": {}
    },
    {
      "line": "Do i say",
      "annotations": {}
    },
    {
      "line": "You’re real nighing",
      "annotations": {}
    },
    {
      "line": "",
      "annotations": {}
    },
    {
      "line": "[Chorus]",
      "annotations": {
        "Chorus": "Annotation for [Chorus]"
      }
    },
    {
      "line": "Telling lies i’m on my knee baby",
      "annotations": {}
    },
    {
      "line": "Is this how it’s gonna be my love",
      "annotations": {}
    },
    {
      "line": "You know i treat you right",
      "annotations": {}
    },
    {
      "line": "I’ll take a bullet for you",
      "annotations": {}
    },
    {
      "line": "Would you do the same for me",
      "annotations": {}
    },
    {
      "line": "Or am i",
      "annotations": {}
    },
    {
      "line": "Caught up in your lie",
      "annotations": {}
    },
    {
      "line": "Too caught up in your lies",
      "annotations": {}
    },
    {
      "line": "",
      "annotations": {}
    },
    {
      "line": "[Verse 2]",
      "annotations": {
        "2": "Annotation for 2]",
        "Verse": "Annotation for [Verse"
      }
    },
    {
      "line": "No lies",
      "annotations": {}
    },
    {
      "line": "No replies",
      "annotations": {}
    },
    {
      "line": "It’s how you are already there fighting",
      "annotations": {}
    },
    {
      "line": "At the cost, it might be the deal",
      "annotations": {}
    },
    {
      "line": "Call the world frith",
      "annotations": {}
    },
    {
      "line": "A mile you’re calling",
      "annotations": {}
    },
    {
      "line": "Saving my time when you go around",
      "annotations": {}
    },
    {
      "line": "Because i thought, i know you got me",
      "annotations": {}
    },
    {
      "line": "",
      "annotations": {}
    },
    {
      "line": "[Chorus]",
      "annotations": {
        "Chorus": "Annotation for [Chorus]"
      }
    },
    {
      "line": "Telling lies i’m on my knee baby",
      "annotations": {}
    },
    {
      "line": "Is this how it’s gonna be my love",
      "annotations": {}
    },
    {
      "line": "You know i treat you right",
      "annotations": {}
    },
    {
      "line": "I’ll take a bullet for you",
      "annotations": {}
    },
    {
      "line": "Would you do the same for me",
      "annotations": {}
    },
    {
      "line": "Or am i",
      "annotations": {}
    },
    {
      "line": "Caught up in your lie",
      "annotations": {}
    },
    {
      "line": "Too caught up in your lies",
      "annotations": {}
    }
  ]
}