{
  "lyrics": [
    {
      "line": "[Intro]",
      "annotations": {}
    },
    {
      "line": "Fresh boy chilling",
      "annotations": {}
    },
    {
      "line": "I try to work it out myself",
      "annotations": {}
    },
    {
      "line": "But although i tame myself",
      "annotations": {}
    },
    {
      "line": "Not the one right next to you",
      "annotations": {}
    },
    {
      "line": "",
      "annotations": {}
    },
    {
      "line": "[Verse 1]",
      "annotations": {}
    },
    {
      "line": "Bail me",
      "annotations": {}
    },
    {
      "line": "Tell me that you’ll always be there",
      "annotations": {}
    },
    {
      "line": "I hear voices in my loud window",
      "annotations": {}
    },
    {
      "line": "Telling me i don’t care",
      "annotations": {}
    },
    {
      "line": "About you",
      "annotations": {}
    },
    {
      "line": "I mean me",
      "annotations": {}
    },
    {
      "line": "Now don’t i hear it right girl",
      "annotations": {}
    },
    {
      "line": "I could be a sad boy",
      "annotations": {}
    },
    {
      "line": "But i prefer just being a d mn bell boy",
      "annotations": {}
    },
    {
      "line": "Broken a lot of things at my heart",
      "annotations": {}
    },
    {
      "line": "Whole lot of things lying",
      "annotations": {}
    },
    {
      "line": "My love sold",
      "annotations": {}
    },
    {
      "line": "Believe my love sold out long time ago",
      "annotations": {}
    },
    {
      "line": "",
      "annotations": {}
    },
    {
      "line": "[Bridge]",
      "annotations": {}
    },
    {
      "line": "Well i’m shut off, a shard of",
      "annotations": {}
    },
    {
      "line": "F ck, now of a sort",
      "annotations": {}
    },
    {
      "line": "That i have in, that i haven’t",
      "annotations": {}
    },
    {
      "line": "That i have in mind",
      "annotations": {}
    },
    {
      "line": "That i am short of shy",
      "annotations": {}
    },
    {
      "line": "Help me for y’all i have in mind",
      "annotations": {}
    },
    {
      "line": "",
      "annotations": {}
    },
    {
      "line": "[Chorus]",
      "annotations": {}
    },
    {
      "line": "Whеre she’ll find my heart",
      "annotations": {}
    },
    {
      "line": "First callеr",
      "annotations": {}
    },
    {
      "line": "Now i’m lost in my heart",
      "annotations": {}
    },
    {
      "line": "Looking for gordon",
      "annotations": {}
    },
    {
      "line": "I need to find him",
      "annotations": {}
    },
    {
      "line": "",
      "annotations": {}
    },
    {
      "line": "[Verse 2]",
      "annotations": {}
    },
    {
      "line": "These days hoping",
      "annotations": {}
    },
    {
      "line": "Caregiver has gotten in the room",
      "annotations": {}
    },
    {
      "line": "Cult nigh in now",
      "annotations": {}
    },
    {
      "line": "Listen up, pay kid heed",
      "annotations": {}
    },
    {
      "line": "Is the taking it easy",
      "annotations": {}
    },
    {
      "line": "Take it easier",
      "annotations": {}
    },
    {
      "line": "And i feel d mn",
      "annotations": {}
    },
    {
      "line": "Might like her way better",
      "annotations": {}
    },
    {
      "line": "And i feel that i could like her holocaust",
      "annotations": {}
    },
    {
      "line": "Now they say your prayers",
      "annotations": {}
    },
    {
      "line": "Just take me somewhere",
      "annotations": {}
    },
    {
      "line": "I’ll say: ego her own",
      "annotations": {}
    },
    {
      "line": "Might get controlled",
      "annotations": {}
    },
    {
      "line": "I lose it on the floor",
      "annotations": {}
    },
    {
      "line": "I lose it on the floor",
      "annotations": {}
    },
    {
      "line": "",
      "annotations": {}
    },
    {
      "line": "[Outro]",
      "annotations": {}
    },
    {
      "line": "Take me out",
      "annotations": {}
    },
    {
      "line": "To meow",
      "annotations": {}
    },
    {
      "line": "Tell me how",
      "annotations": {}
    },
    {
      "line": "Tell me you know how to",
      "annotations": {}
    },
    {
      "line": "Take me out",
      "annotations": {}
    },
    {
      "line": "Tell me y’all",
      "annotations": {}
    },
    {
      "line": "Tell me y’all",
      "annotations": {}
    },
    {
      "line": "Tell me you’re out",
      "annotations": {}
    },
    {
      "line": "To me y’all",
      "annotations": {}
    },
    {
      "line": "To new york",
      "annotations": {}
    },
    {
      "line": "To new york",
      "annotations": {}
    },
    {
      "line": "Tell me",
      "annotations": {}
    },
    {
      "line": "To you all i owe",
      "annotations": {}
    },
    {
      "line": "Take me out",
      "annotations": {}
    },
    {
      "line": "Take me out",
      "annotations": {}
    },
    {
      "line": "Take me out",
      "annotations": {}
    }
  ]
}