{
  "lyrics": [
    {
      "line": "[Intro]",
      "annotations": {}
    },
    {
      "line": "Fresh boy chilling",
      "annotations": {}
    },
    {
      "line": "",
      "annotations": {}
    },
    {
      "line": "[Chorus]",
      "annotations": {}
    },
    {
      "line": "I should be taking you home",
      "annotations": {}
    },
    {
      "line": "And she knows it",
      "annotations": {}
    },
    {
      "line": "She’s saying when will i come around",
      "annotations": {}
    },
    {
      "line": "Take her home",
      "annotations": {}
    },
    {
      "line": "Let me know her parents, she says",
      "annotations": {}
    },
    {
      "line": "",
      "annotations": {}
    },
    {
      "line": "[Verse 1]",
      "annotations": {}
    },
    {
      "line": "Pretty girl, duty girl",
      "annotations": {}
    },
    {
      "line": "High you curve",
      "annotations": {}
    },
    {
      "line": "Winter’s frozen shoes on me",
      "annotations": {}
    },
    {
      "line": "I don’t know",
      "annotations": {}
    },
    {
      "line": "You got me dancing better than i ever did girl",
      "annotations": {}
    },
    {
      "line": "Speed it up, wrap it over me gush",
      "annotations": {}
    },
    {
      "line": "Shovel sugar",
      "annotations": {}
    },
    {
      "line": "Having me call your shoulder",
      "annotations": {}
    },
    {
      "line": "Cuddler, wanna make her my land annul",
      "annotations": {}
    },
    {
      "line": "All night long we gon’ make love to your songs",
      "annotations": {}
    },
    {
      "line": "I could put you on, just my own superstar",
      "annotations": {}
    },
    {
      "line": "",
      "annotations": {}
    },
    {
      "line": "[Outro]",
      "annotations": {}
    },
    {
      "line": "I should be taking you home and she knows it",
      "annotations": {}
    },
    {
      "line": "She’s saying whеn will i come around",
      "annotations": {}
    },
    {
      "line": "Take her homе",
      "annotations": {}
    },
    {
      "line": "Let me know her parents, she says",
      "annotations": {}
    },
    {
      "line": "She’s saying when will i come around",
      "annotations": {}
    },
    {
      "line": "Take her home",
      "annotations": {}
    },
    {
      "line": "Let me know her parents, she says",
      "annotations": {}
    }
  ]
}