{
  "lyrics": [
    {
      "line": "[Intro]",
      "annotations": {}
    },
    {
      "line": "I just gotta get it right out here",
      "annotations": {}
    },
    {
      "line": "",
      "annotations": {}
    },
    {
      "line": "[Verse 1]",
      "annotations": {}
    },
    {
      "line": "D mn",
      "annotations": {}
    },
    {
      "line": "I feel, fit all my love variance",
      "annotations": {}
    },
    {
      "line": "So loam",
      "annotations": {}
    },
    {
      "line": "Dump all my troubles on a stone",
      "annotations": {}
    },
    {
      "line": "I’ll be bare though",
      "annotations": {}
    },
    {
      "line": "What for fool",
      "annotations": {}
    },
    {
      "line": "For one year out",
      "annotations": {}
    },
    {
      "line": "For you",
      "annotations": {}
    },
    {
      "line": "There are shade in here",
      "annotations": {}
    },
    {
      "line": "I’m not failing",
      "annotations": {}
    },
    {
      "line": "Ransom your dooms",
      "annotations": {}
    },
    {
      "line": "I’m not all right",
      "annotations": {}
    },
    {
      "line": "Not gonna take this",
      "annotations": {}
    },
    {
      "line": "I’m a boon",
      "annotations": {}
    },
    {
      "line": "All my love, just for you",
      "annotations": {}
    },
    {
      "line": "I am",
      "annotations": {}
    },
    {
      "line": "I’m a boon",
      "annotations": {}
    },
    {
      "line": "All my love, just for you",
      "annotations": {}
    },
    {
      "line": "Tate jersey love",
      "annotations": {}
    },
    {
      "line": "I’m feeling like i can’t get enough",
      "annotations": {}
    },
    {
      "line": "Jade jade’s feel love",
      "annotations": {}
    },
    {
      "line": "I’m feeling i can’t get enough",
      "annotations": {}
    },
    {
      "line": "Ah!",
      "annotations": {}
    },
    {
      "line": "Hit your ball about me",
      "annotations": {}
    },
    {
      "line": "I’ve been feeling so cooked",
      "annotations": {}
    },
    {
      "line": "And it is rained up",
      "annotations": {}
    },
    {
      "line": "Ah! ah!",
      "annotations": {}
    },
    {
      "line": "Don’t you ball about me",
      "annotations": {}
    },
    {
      "line": "Had me feeling so good",
      "annotations": {}
    },
    {
      "line": "From this rain the loam",
      "annotations": {}
    },
    {
      "line": "I fill my love just for you",
      "annotations": {}
    },
    {
      "line": "",
      "annotations": {}
    },
    {
      "line": "[Verse 2]",
      "annotations": {}
    },
    {
      "line": "It will be there in the past",
      "annotations": {}
    },
    {
      "line": "I felt the same way without you",
      "annotations": {}
    },
    {
      "line": "Ah!",
      "annotations": {}
    },
    {
      "line": "I’m feeling like",
      "annotations": {}
    },
    {
      "line": "I can’t get to close you",
      "annotations": {}
    },
    {
      "line": "My lips don’t taste better without you",
      "annotations": {}
    },
    {
      "line": "Hey! hey!",
      "annotations": {}
    },
    {
      "line": "I’m feeling that i might the way",
      "annotations": {}
    },
    {
      "line": "It is a clue",
      "annotations": {}
    },
    {
      "line": "Clue, clue",
      "annotations": {}
    },
    {
      "line": "Me, you",
      "annotations": {}
    },
    {
      "line": "Feeling like that should be",
      "annotations": {}
    },
    {
      "line": "Boo, boo",
      "annotations": {}
    },
    {
      "line": "I’m end of my time",
      "annotations": {}
    },
    {
      "line": "But you know ace soul",
      "annotations": {}
    },
    {
      "line": "Do, do",
      "annotations": {}
    },
    {
      "line": "No hawk",
      "annotations": {}
    },
    {
      "line": "",
      "annotations": {}
    },
    {
      "line": "[Outro]",
      "annotations": {}
    },
    {
      "line": "If forever",
      "annotations": {}
    },
    {
      "line": "Then i’m loving you",
      "annotations": {}
    },
    {
      "line": "Till the death of me",
      "annotations": {}
    },
    {
      "line": "I just gotta get it right",
      "annotations": {}
    },
    {
      "line": "End the death of me",
      "annotations": {}
    },
    {
      "line": "Keep bludgeoning",
      "annotations": {}
    }
  ]
}