{
  "lyrics": [
    {
      "line": "[Chorus]",
      "annotations": {
        "Chorus": "Annotation for [Chorus]"
      }
    },
    {
      "line": "Is that the end of our fairy tale?",
      "annotations": {}
    },
    {
      "line": "Do we get it . . . a gale?",
      "annotations": {}
    },
    {
      "line": "Do we get a rerun?",
      "annotations": {}
    },
    {
      "line": "Does your heart go baulky?",
      "annotations": {}
    },
    {
      "line": "Do we get a rerun?",
      "annotations": {}
    },
    {
      "line": "Do i get an understudy?",
      "annotations": {}
    },
    {
      "line": "I’m rounded",
      "annotations": {}
    },
    {
      "line": "Come out running",
      "annotations": {}
    },
    {
      "line": "Tears to my heart",
      "annotations": {}
    },
    {
      "line": "They do a hundred a day",
      "annotations": {}
    },
    {
      "line": "",
      "annotations": {}
    },
    {
      "line": "[Verse 1]",
      "annotations": {
        "1": "Annotation for 1]",
        "Verse": "Annotation for [Verse"
      }
    },
    {
      "line": "Mulling, i’m mulling my neck",
      "annotations": {}
    },
    {
      "line": "This breakdown",
      "annotations": {}
    },
    {
      "line": "This wake crayon",
      "annotations": {}
    },
    {
      "line": "Heavy on",
      "annotations": {}
    },
    {
      "line": "Hurry on they say",
      "annotations": {}
    },
    {
      "line": "I cry, you cry",
      "annotations": {}
    },
    {
      "line": "Hurry on",
      "annotations": {}
    },
    {
      "line": "Oh, we humps, we say",
      "annotations": {}
    },
    {
      "line": "You cry, you cry",
      "annotations": {}
    },
    {
      "line": "I try, i try",
      "annotations": {}
    },
    {
      "line": "To buy my life",
      "annotations": {}
    },
    {
      "line": "",
      "annotations": {}
    },
    {
      "line": "[Chorus]",
      "annotations": {
        "Chorus": "Annotation for [Chorus]"
      }
    },
    {
      "line": "Is that the end of our fairy tale?",
      "annotations": {}
    },
    {
      "line": "Do we get it . . . a gale?",
      "annotations": {}
    },
    {
      "line": "Do we get a rerun?",
      "annotations": {}
    },
    {
      "line": "Does your heart go baulky?",
      "annotations": {}
    },
    {
      "line": "Do we gеt a rerun?",
      "annotations": {}
    },
    {
      "line": "Do i get an understudy?",
      "annotations": {}
    },
    {
      "line": "I’m roundеd",
      "annotations": {}
    },
    {
      "line": "Come out running",
      "annotations": {}
    },
    {
      "line": "Tears to my heart",
      "annotations": {}
    },
    {
      "line": "They do a hundred a day",
      "annotations": {}
    },
    {
      "line": "The horror",
      "annotations": {}
    },
    {
      "line": "",
      "annotations": {}
    },
    {
      "line": "[Verse 2]",
      "annotations": {
        "2": "Annotation for 2]",
        "Verse": "Annotation for [Verse"
      }
    },
    {
      "line": "Hi, a drop from the sky you’re on",
      "annotations": {}
    },
    {
      "line": "A cut",
      "annotations": {}
    },
    {
      "line": "Face in my hand you lover of vain",
      "annotations": {}
    },
    {
      "line": "Chase in the heart in the love of vain",
      "annotations": {}
    },
    {
      "line": "Tears in my whine and you love a cane",
      "annotations": {}
    },
    {
      "line": "Peek in my soul and you love a game",
      "annotations": {}
    },
    {
      "line": "Prix in my lane, ever enough of vain?",
      "annotations": {}
    },
    {
      "line": "Tears in my heart and you love a cam",
      "annotations": {}
    },
    {
      "line": "Check in my heart; can you love again?",
      "annotations": {}
    },
    {
      "line": "Shade in the high how you love a man",
      "annotations": {}
    },
    {
      "line": "Peg in my heart when you love again",
      "annotations": {}
    },
    {
      "line": "Tears in my heart; can you love again?",
      "annotations": {}
    },
    {
      "line": "Pain on the hurt, can you thaw again?",
      "annotations": {}
    },
    {
      "line": "If my peak on the sea, would you run again?",
      "annotations": {}
    },
    {
      "line": "Tune in, turning, tune in",
      "annotations": {}
    },
    {
      "line": "Holding, holding, holding",
      "annotations": {}
    },
    {
      "line": "Loving, loving, loving",
      "annotations": {}
    },
    {
      "line": "Whoa",
      "annotations": {}
    }
  ]
}