{
  "lyrics": [
    {
      "line": "[Chorus]",
      "annotations": {
        "Chorus": "Annotation for [Chorus]"
      }
    },
    {
      "line": "I found a girl",
      "annotations": {}
    },
    {
      "line": "Might say it open",
      "annotations": {}
    },
    {
      "line": "I found a girl",
      "annotations": {}
    },
    {
      "line": "Might say it’s the end",
      "annotations": {}
    },
    {
      "line": "But is it the way i will feel",
      "annotations": {}
    },
    {
      "line": "The way i’ll gain",
      "annotations": {}
    },
    {
      "line": "The way i’ll pay",
      "annotations": {}
    },
    {
      "line": "Burr day",
      "annotations": {}
    },
    {
      "line": "Sail, i did your way",
      "annotations": {}
    },
    {
      "line": "I will say",
      "annotations": {}
    },
    {
      "line": "I came",
      "annotations": {}
    },
    {
      "line": "For testa",
      "annotations": {}
    },
    {
      "line": "Oh comments, common best to her",
      "annotations": {}
    },
    {
      "line": "Someone better, someone better",
      "annotations": {}
    },
    {
      "line": "Someone best to us",
      "annotations": {}
    },
    {
      "line": "My cursive not holding this down",
      "annotations": {}
    },
    {
      "line": "",
      "annotations": {}
    },
    {
      "line": "[Verse 1]",
      "annotations": {
        "1": "Annotation for 1]",
        "Verse": "Annotation for [Verse"
      }
    },
    {
      "line": "I’m waning, i’m whining",
      "annotations": {}
    },
    {
      "line": "When i take my ends",
      "annotations": {}
    },
    {
      "line": "And i’m heavy on this",
      "annotations": {}
    },
    {
      "line": "Feeling, feeling",
      "annotations": {}
    },
    {
      "line": "I don’t know how to let it go",
      "annotations": {}
    },
    {
      "line": "",
      "annotations": {}
    },
    {
      "line": "[Verse 2]",
      "annotations": {
        "2": "Annotation for 2]",
        "Verse": "Annotation for [Verse"
      }
    },
    {
      "line": "Maybe this won’t come around again",
      "annotations": {}
    },
    {
      "line": "This pessimistic feeling",
      "annotations": {}
    },
    {
      "line": "Maybe baby i’ll save that i can let it go",
      "annotations": {}
    },
    {
      "line": "I’ll say i won’t fight it",
      "annotations": {}
    },
    {
      "line": "But i’m going to honing",
      "annotations": {}
    },
    {
      "line": "And i mean this . . .",
      "annotations": {}
    },
    {
      "line": "To on my ward",
      "annotations": {}
    },
    {
      "line": "I’m going to owning",
      "annotations": {}
    },
    {
      "line": "My mistakes, my phase of poverty in",
      "annotations": {}
    },
    {
      "line": "Brother i think i have it",
      "annotations": {}
    },
    {
      "line": "Nothing personal just above it",
      "annotations": {}
    },
    {
      "line": "Come on, we go check on her",
      "annotations": {}
    },
    {
      "line": "This picture",
      "annotations": {}
    },
    {
      "line": "I’m out this hung",
      "annotations": {}
    },
    {
      "line": "Easy here",
      "annotations": {}
    },
    {
      "line": "Beating in my heart",
      "annotations": {}
    },
    {
      "line": "Photo apart",
      "annotations": {}
    },
    {
      "line": "Would i give back",
      "annotations": {}
    },
    {
      "line": "What i’ve never never had",
      "annotations": {}
    },
    {
      "line": "Never never will i half",
      "annotations": {}
    },
    {
      "line": "Oh oh",
      "annotations": {}
    },
    {
      "line": "Still mode, too much effects",
      "annotations": {}
    },
    {
      "line": "That’s how she commands",
      "annotations": {}
    }
  ]
}