{
  "lyrics": [
    {
      "line": "[ verse 1 ]",
      "annotations": {
        "": "Annotation for ]"
      }
    },
    {
      "line": "When we first met",
      "annotations": {}
    },
    {
      "line": "I knew that we had it",
      "annotations": {}
    },
    {
      "line": "Love grows a spot",
      "annotations": {}
    },
    {
      "line": "It turns into a habit",
      "annotations": {}
    },
    {
      "line": "And i can’t understand it",
      "annotations": {}
    },
    {
      "line": "How our tinder",
      "annotations": {}
    },
    {
      "line": "Kindles with all these distance",
      "annotations": {}
    },
    {
      "line": "Shiveringly, shiveringly and it’s hot",
      "annotations": {}
    },
    {
      "line": "My heart can’t take this distraught",
      "annotations": {}
    },
    {
      "line": "If remote’s shut off what is it we’ve got",
      "annotations": {}
    },
    {
      "line": "I’m not honest and you’re not here next to me",
      "annotations": {}
    },
    {
      "line": "Lover, lover how we play undercover",
      "annotations": {}
    },
    {
      "line": "So far away and it’s got me bothered",
      "annotations": {}
    },
    {
      "line": "Loving a license away",
      "annotations": {}
    },
    {
      "line": "Your heart is never far just a dial easy",
      "annotations": {}
    },
    {
      "line": "",
      "annotations": {}
    },
    {
      "line": "[ chorus: breana marin ]",
      "annotations": {
        "": "Annotation for ]"
      }
    },
    {
      "line": "I’ll be lying",
      "annotations": {}
    },
    {
      "line": "If i said i didn’t miss you baby",
      "annotations": {}
    },
    {
      "line": "Cos it is differеnt",
      "annotations": {}
    },
    {
      "line": "When i’m with you baby",
      "annotations": {}
    },
    {
      "line": "You’re the onе i run to",
      "annotations": {}
    },
    {
      "line": "And i can’t help it",
      "annotations": {}
    },
    {
      "line": "I’ll be lying",
      "annotations": {}
    },
    {
      "line": "If i said i didn’t miss you baby",
      "annotations": {}
    },
    {
      "line": "It ain’t easy to be with you baby",
      "annotations": {}
    },
    {
      "line": "You’re the one i need",
      "annotations": {}
    },
    {
      "line": "Yeah",
      "annotations": {}
    },
    {
      "line": "You are the one",
      "annotations": {}
    },
    {
      "line": "",
      "annotations": {}
    },
    {
      "line": "[ verse 2 ]",
      "annotations": {
        "": "Annotation for ]"
      }
    },
    {
      "line": "Are you still the one for me",
      "annotations": {}
    },
    {
      "line": "I can’t get enough of this",
      "annotations": {}
    },
    {
      "line": "All this got me self conceited",
      "annotations": {}
    },
    {
      "line": "Can you perceive this",
      "annotations": {}
    },
    {
      "line": "I want more of this",
      "annotations": {}
    },
    {
      "line": "Can you feel the st  zy",
      "annotations": {}
    },
    {
      "line": "Riding through the city in my one wheeler",
      "annotations": {}
    },
    {
      "line": "D mning",
      "annotations": {}
    },
    {
      "line": "Hey, entire",
      "annotations": {}
    },
    {
      "line": "Everything you need",
      "annotations": {}
    },
    {
      "line": "Everything you need",
      "annotations": {}
    },
    {
      "line": "Diamond ring",
      "annotations": {}
    },
    {
      "line": "Girl you are the",
      "annotations": {}
    },
    {
      "line": "Girl you are",
      "annotations": {}
    },
    {
      "line": "",
      "annotations": {}
    },
    {
      "line": "[ chorus: breana marin ]",
      "annotations": {
        "": "Annotation for ]"
      }
    },
    {
      "line": "I’ll be lying",
      "annotations": {}
    },
    {
      "line": "If i said i didn’t miss you baby",
      "annotations": {}
    },
    {
      "line": "Cos it is different",
      "annotations": {}
    },
    {
      "line": "When i’m with you baby",
      "annotations": {}
    },
    {
      "line": "You’re the one i run to",
      "annotations": {}
    },
    {
      "line": "And i can’t help it",
      "annotations": {}
    },
    {
      "line": "I’ll be lying",
      "annotations": {}
    },
    {
      "line": "If i said i didn’t miss you baby",
      "annotations": {}
    },
    {
      "line": "It ain’t easy to be with you baby",
      "annotations": {}
    },
    {
      "line": "You’re the one i need",
      "annotations": {}
    },
    {
      "line": "Yeah",
      "annotations": {}
    },
    {
      "line": "You are the one",
      "annotations": {}
    }
  ]
}