{
  "lyrics": [
    {
      "line": "[Intro]",
      "annotations": {
        "Intro": "Annotation for [Intro]"
      }
    },
    {
      "line": "Fresh boy chilling",
      "annotations": {}
    },
    {
      "line": "",
      "annotations": {}
    },
    {
      "line": "[Verse 1]",
      "annotations": {
        "1": "Annotation for 1]",
        "Verse": "Annotation for [Verse"
      }
    },
    {
      "line": "And she should be what’s missing in my life",
      "annotations": {}
    },
    {
      "line": "When i try to get this out of the way",
      "annotations": {}
    },
    {
      "line": "I fail and i try again",
      "annotations": {}
    },
    {
      "line": "Not the first time this will come around and say",
      "annotations": {}
    },
    {
      "line": "",
      "annotations": {}
    },
    {
      "line": "[Bridge]",
      "annotations": {
        "Bridge": "Annotation for [Bridge]"
      }
    },
    {
      "line": "When will you be down",
      "annotations": {}
    },
    {
      "line": "Haven’t i showed you several times how to work it",
      "annotations": {}
    },
    {
      "line": "(work it)",
      "annotations": {}
    },
    {
      "line": "Talk to me with the right words",
      "annotations": {}
    },
    {
      "line": "Maybe i’ll come around",
      "annotations": {}
    },
    {
      "line": "Come around",
      "annotations": {}
    },
    {
      "line": "",
      "annotations": {}
    },
    {
      "line": "[Chorus]",
      "annotations": {
        "Chorus": "Annotation for [Chorus]"
      }
    },
    {
      "line": "And its just the game we play",
      "annotations": {}
    },
    {
      "line": "Down for it",
      "annotations": {}
    },
    {
      "line": "And she does her phantom of a move",
      "annotations": {}
    },
    {
      "line": "Its just the game we play",
      "annotations": {}
    },
    {
      "line": "Fanning dad’s candy all the time",
      "annotations": {}
    },
    {
      "line": "Ah, let it blow",
      "annotations": {}
    },
    {
      "line": "It’s hot",
      "annotations": {}
    },
    {
      "line": "Let it blow out",
      "annotations": {}
    },
    {
      "line": "Ooh",
      "annotations": {}
    },
    {
      "line": "Let it blow out",
      "annotations": {}
    },
    {
      "line": "How this sh t sparkle all the time",
      "annotations": {}
    },
    {
      "line": "",
      "annotations": {}
    },
    {
      "line": "[Verse 2]",
      "annotations": {
        "2": "Annotation for 2]",
        "Verse": "Annotation for [Verse"
      }
    },
    {
      "line": "It could be that i’m in love",
      "annotations": {}
    },
    {
      "line": "Oh, i’m stuck in this holding forever",
      "annotations": {}
    },
    {
      "line": "",
      "annotations": {}
    },
    {
      "line": "[Bridge]",
      "annotations": {
        "Bridge": "Annotation for [Bridge]"
      }
    },
    {
      "line": "Ah, let it blow",
      "annotations": {}
    },
    {
      "line": "Let it blow out",
      "annotations": {}
    },
    {
      "line": "When will you be down",
      "annotations": {}
    },
    {
      "line": "It’s hot",
      "annotations": {}
    },
    {
      "line": "Haven’t i showed you several times how to work it",
      "annotations": {}
    },
    {
      "line": "Let it blow out",
      "annotations": {}
    },
    {
      "line": "Talk to me with the right words",
      "annotations": {}
    },
    {
      "line": "Maybe i’ll come around",
      "annotations": {}
    },
    {
      "line": "Come around",
      "annotations": {}
    },
    {
      "line": "",
      "annotations": {}
    },
    {
      "line": "[Chorus]",
      "annotations": {
        "Chorus": "Annotation for [Chorus]"
      }
    },
    {
      "line": "And its just the game we play",
      "annotations": {}
    },
    {
      "line": "Down for it",
      "annotations": {}
    },
    {
      "line": "And she does her phantom of a move",
      "annotations": {}
    },
    {
      "line": "Its just the game we play",
      "annotations": {}
    },
    {
      "line": "Fanning dad’s candy all the time",
      "annotations": {}
    }
  ]
}