{
  "lyrics": [
    {
      "line": "[Intro]",
      "annotations": {
        "Intro": "Annotation for [Intro]"
      }
    },
    {
      "line": "Fresh boy chilling",
      "annotations": {}
    },
    {
      "line": "",
      "annotations": {}
    },
    {
      "line": "[Verse 1]",
      "annotations": {
        "1": "Annotation for 1]",
        "Verse": "Annotation for [Verse"
      }
    },
    {
      "line": "Reminiscing, can i beat it",
      "annotations": {}
    },
    {
      "line": "Now i got it",
      "annotations": {}
    },
    {
      "line": "End, no travelling",
      "annotations": {}
    },
    {
      "line": "Everything feels",
      "annotations": {}
    },
    {
      "line": "Cooler right here",
      "annotations": {}
    },
    {
      "line": "I’m better that i am right here",
      "annotations": {}
    },
    {
      "line": "When i get here",
      "annotations": {}
    },
    {
      "line": "I thought i had already",
      "annotations": {}
    },
    {
      "line": "",
      "annotations": {}
    },
    {
      "line": "[Bridge]",
      "annotations": {
        "Bridge": "Annotation for [Bridge]"
      }
    },
    {
      "line": "Swimming in a pond of sharks",
      "annotations": {}
    },
    {
      "line": "How can i lack",
      "annotations": {}
    },
    {
      "line": "When i was brought up how i was",
      "annotations": {}
    },
    {
      "line": "Bet i put my back",
      "annotations": {}
    },
    {
      "line": "Going dark every time when i hold a frown",
      "annotations": {}
    },
    {
      "line": "Am i the child with the calm",
      "annotations": {}
    },
    {
      "line": "Come on, lime checked",
      "annotations": {}
    },
    {
      "line": "So much spam on me",
      "annotations": {}
    },
    {
      "line": "When i look a calm on me",
      "annotations": {}
    },
    {
      "line": "So much spam on me",
      "annotations": {}
    },
    {
      "line": "Something like",
      "annotations": {}
    },
    {
      "line": "The only cam is for my ass",
      "annotations": {}
    },
    {
      "line": "",
      "annotations": {}
    },
    {
      "line": "[Verse 2]",
      "annotations": {
        "2": "Annotation for 2]",
        "Verse": "Annotation for [Verse"
      }
    },
    {
      "line": "And i am fine with that",
      "annotations": {}
    },
    {
      "line": "Feeling like i got another track",
      "annotations": {}
    },
    {
      "line": "Come on, come sniff it out",
      "annotations": {}
    },
    {
      "line": "I’m locking the safe",
      "annotations": {}
    },
    {
      "line": "Saving out all my debts",
      "annotations": {}
    },
    {
      "line": "If we work, we are reoccurring",
      "annotations": {}
    },
    {
      "line": "On my . . . say record",
      "annotations": {}
    },
    {
      "line": "And i feel that",
      "annotations": {}
    },
    {
      "line": "Feeling nothing",
      "annotations": {}
    },
    {
      "line": "Fear in nothing",
      "annotations": {}
    },
    {
      "line": "Seeing nothing",
      "annotations": {}
    },
    {
      "line": "Begging in none",
      "annotations": {}
    },
    {
      "line": "",
      "annotations": {}
    },
    {
      "line": "[Verse 3]",
      "annotations": {
        "3": "Annotation for 3]",
        "Verse": "Annotation for [Verse"
      }
    },
    {
      "line": "Where are your errors",
      "annotations": {}
    },
    {
      "line": "It’s dangling and you’re a noun",
      "annotations": {}
    },
    {
      "line": "Saying i was playing the scene",
      "annotations": {}
    },
    {
      "line": "You’re dead",
      "annotations": {}
    },
    {
      "line": "Feigning i know hope",
      "annotations": {}
    },
    {
      "line": "It ain’t dead",
      "annotations": {}
    },
    {
      "line": "Meaning in meme",
      "annotations": {}
    },
    {
      "line": "Is all i can grapple",
      "annotations": {}
    },
    {
      "line": "Is turned to trace",
      "annotations": {}
    },
    {
      "line": "Look in my face",
      "annotations": {}
    },
    {
      "line": "Bet she’s gonna be my favourite lady",
      "annotations": {}
    },
    {
      "line": "And i know what’s to say you’re good",
      "annotations": {}
    }
  ]
}