{
  "lyrics": [
    {
      "line": "[Intro]",
      "annotations": {}
    },
    {
      "line": "Fresh boy chilling",
      "annotations": {}
    },
    {
      "line": "Let us get out of this town",
      "annotations": {}
    },
    {
      "line": "We could say we wanna travel the world",
      "annotations": {}
    },
    {
      "line": "I don’t wanna be around town",
      "annotations": {}
    },
    {
      "line": "",
      "annotations": {}
    },
    {
      "line": "[Verse 1]",
      "annotations": {}
    },
    {
      "line": "Fly away",
      "annotations": {}
    },
    {
      "line": "Get the crown",
      "annotations": {}
    },
    {
      "line": "I get the frown",
      "annotations": {}
    },
    {
      "line": "Telling of a one",
      "annotations": {}
    },
    {
      "line": "That i don’t wanna leak you out",
      "annotations": {}
    },
    {
      "line": "How do i get another mound",
      "annotations": {}
    },
    {
      "line": "This ain’t better girl",
      "annotations": {}
    },
    {
      "line": "When i tickle by, it doesn’t feel the same",
      "annotations": {}
    },
    {
      "line": "Your heart reaching to his mind",
      "annotations": {}
    },
    {
      "line": "Now we’ll never say it",
      "annotations": {}
    },
    {
      "line": "I can read your love",
      "annotations": {}
    },
    {
      "line": "",
      "annotations": {}
    },
    {
      "line": "[Chorus]",
      "annotations": {}
    },
    {
      "line": "Weekends always feel the same",
      "annotations": {}
    },
    {
      "line": "Sundays, it’s all the same face",
      "annotations": {}
    },
    {
      "line": "I don’t ever see no one here",
      "annotations": {}
    },
    {
      "line": "Service, oh it’s all the same place",
      "annotations": {}
    },
    {
      "line": "Sunday it’s always the same day",
      "annotations": {}
    },
    {
      "line": "How i never ever see your face around here",
      "annotations": {}
    },
    {
      "line": "I could be the priest",
      "annotations": {}
    },
    {
      "line": "I could be the preacher",
      "annotations": {}
    },
    {
      "line": "I just don’t wanna be with you in the crowd",
      "annotations": {}
    },
    {
      "line": "I could be the priest",
      "annotations": {}
    },
    {
      "line": "I could be the preacher",
      "annotations": {}
    },
    {
      "line": "I just gotta find you",
      "annotations": {}
    },
    {
      "line": "",
      "annotations": {}
    },
    {
      "line": "[Verse 2]",
      "annotations": {}
    },
    {
      "line": "Loving on me",
      "annotations": {}
    },
    {
      "line": "How hard it is",
      "annotations": {}
    },
    {
      "line": "When you’re not fading",
      "annotations": {}
    },
    {
      "line": "Wishing on a star",
      "annotations": {}
    },
    {
      "line": "Wishing i keep it",
      "annotations": {}
    },
    {
      "line": "Oh i’m hanging on a loose rope",
      "annotations": {}
    },
    {
      "line": "Dating over the same memes",
      "annotations": {}
    },
    {
      "line": "And friendships don’t last",
      "annotations": {}
    },
    {
      "line": "When i need the pane",
      "annotations": {}
    },
    {
      "line": "How do i ever get out the window",
      "annotations": {}
    },
    {
      "line": "All i am",
      "annotations": {}
    },
    {
      "line": "",
      "annotations": {}
    },
    {
      "line": "[Chorus ii]",
      "annotations": {}
    },
    {
      "line": "Weekends are the same",
      "annotations": {}
    },
    {
      "line": "And sunday remains the same",
      "annotations": {}
    },
    {
      "line": "Looking for you in a crowd",
      "annotations": {}
    },
    {
      "line": "I see a better way",
      "annotations": {}
    },
    {
      "line": "I could be the preacher",
      "annotations": {}
    },
    {
      "line": "I could be the priest",
      "annotations": {}
    },
    {
      "line": "I just need to see you",
      "annotations": {}
    },
    {
      "line": "Winner face the crowd",
      "annotations": {}
    },
    {
      "line": "In a crowd of faces",
      "annotations": {}
    },
    {
      "line": "I just need to find you in a crowd of faces",
      "annotations": {}
    },
    {
      "line": "Weekends are the same",
      "annotations": {}
    },
    {
      "line": "And sunday it remains the same",
      "annotations": {}
    },
    {
      "line": "I just wanna be the preacher",
      "annotations": {}
    },
    {
      "line": "I just wanna be",
      "annotations": {}
    },
    {
      "line": "",
      "annotations": {}
    },
    {
      "line": "[Outro]",
      "annotations": {}
    },
    {
      "line": "(laughter)",
      "annotations": {}
    },
    {
      "line": "Man this guy is saying",
      "annotations": {}
    },
    {
      "line": "And you guys aren’t vibing if it’s from theo",
      "annotations": {}
    },
    {
      "line": "I ain’t deaf, i’m on some hurt there",
      "annotations": {}
    },
    {
      "line": "You know, like i could…",
      "annotations": {}
    },
    {
      "line": "Are you through",
      "annotations": {}
    },
    {
      "line": "We’re chewing chew",
      "annotations": {}
    },
    {
      "line": "Best behold",
      "annotations": {}
    },
    {
      "line": "Fresh boy chilling",
      "annotations": {}
    }
  ]
}