{
  "lyrics": [
    {
      "line": "[Verse 1]",
      "annotations": {
        "1": "Annotation for 1]",
        "Verse": "Annotation for [Verse"
      }
    },
    {
      "line": "Does it ever come down",
      "annotations": {}
    },
    {
      "line": "You pay to need",
      "annotations": {}
    },
    {
      "line": "The pain you need",
      "annotations": {}
    },
    {
      "line": "Is it heaven in that room then",
      "annotations": {}
    },
    {
      "line": "Does he ever come down",
      "annotations": {}
    },
    {
      "line": "You pay to need",
      "annotations": {}
    },
    {
      "line": "The pain you need",
      "annotations": {}
    },
    {
      "line": "Done with heaven now",
      "annotations": {}
    },
    {
      "line": "Does he ever come down",
      "annotations": {}
    },
    {
      "line": "The bay you need",
      "annotations": {}
    },
    {
      "line": "You’ve been near",
      "annotations": {}
    },
    {
      "line": "Here about asking the same questions",
      "annotations": {}
    },
    {
      "line": "Does he even know you are dinned",
      "annotations": {}
    },
    {
      "line": "Ever hail",
      "annotations": {}
    },
    {
      "line": "Does it ever",
      "annotations": {}
    },
    {
      "line": "Will you ever come down",
      "annotations": {}
    },
    {
      "line": "You pay to need",
      "annotations": {}
    },
    {
      "line": "The pain you need",
      "annotations": {}
    },
    {
      "line": "Pain in your ears",
      "annotations": {}
    },
    {
      "line": "Stay over",
      "annotations": {}
    },
    {
      "line": "Does it ever say enough then",
      "annotations": {}
    },
    {
      "line": "Is it over?",
      "annotations": {}
    },
    {
      "line": "Does it ever say, visiting",
      "annotations": {}
    },
    {
      "line": "I’m salient, meddling",
      "annotations": {}
    },
    {
      "line": "Losing it on bed",
      "annotations": {}
    },
    {
      "line": "All i ever had",
      "annotations": {}
    },
    {
      "line": "Was it? never enough in there (oh oh)",
      "annotations": {}
    },
    {
      "line": "Then i had a pay",
      "annotations": {}
    },
    {
      "line": "How i had her f cking down",
      "annotations": {}
    },
    {
      "line": "And i had a card",
      "annotations": {}
    },
    {
      "line": "And i swiped her level right",
      "annotations": {}
    },
    {
      "line": "Does it ever come down",
      "annotations": {}
    },
    {
      "line": "Does it bid to me?",
      "annotations": {}
    },
    {
      "line": "Does it reign on me",
      "annotations": {}
    },
    {
      "line": "Do i ever feel pain (pain)",
      "annotations": {}
    },
    {
      "line": "Will i ever know",
      "annotations": {}
    },
    {
      "line": "When he never",
      "annotations": {}
    },
    {
      "line": "He has a car",
      "annotations": {}
    },
    {
      "line": "Will i ever know",
      "annotations": {}
    },
    {
      "line": "Will he ever have an end?",
      "annotations": {}
    },
    {
      "line": "Right now i am lost in my head",
      "annotations": {}
    },
    {
      "line": "Doesn’t it mean it is the end",
      "annotations": {}
    },
    {
      "line": "When i hit the f cking end",
      "annotations": {}
    },
    {
      "line": "Doesn’t mean it’s not the car",
      "annotations": {}
    },
    {
      "line": "Ah!",
      "annotations": {}
    },
    {
      "line": "Will i ever get it right?",
      "annotations": {}
    },
    {
      "line": "How many questions",
      "annotations": {}
    },
    {
      "line": "That will never make it to the rhyme",
      "annotations": {}
    },
    {
      "line": "Will i ever get a pen",
      "annotations": {}
    },
    {
      "line": "So many questions that will never get . .",
      "annotations": {}
    },
    {
      "line": "Then leak a way",
      "annotations": {}
    },
    {
      "line": "Can i convince you",
      "annotations": {}
    },
    {
      "line": "Can hand you a chew",
      "annotations": {}
    },
    {
      "line": "Canary mark my tools",
      "annotations": {}
    },
    {
      "line": "Can i bet a dew",
      "annotations": {}
    },
    {
      "line": "Can a lever ever get a leak",
      "annotations": {}
    },
    {
      "line": "That i went for food",
      "annotations": {}
    },
    {
      "line": "If it was for real",
      "annotations": {}
    },
    {
      "line": "Wish she ever knew",
      "annotations": {}
    },
    {
      "line": "It is nothing new",
      "annotations": {}
    },
    {
      "line": "Nothing new",
      "annotations": {}
    },
    {
      "line": "My love for you",
      "annotations": {}
    },
    {
      "line": "Like a harpoon",
      "annotations": {}
    },
    {
      "line": "It is nothing new",
      "annotations": {}
    },
    {
      "line": "It is nothing new",
      "annotations": {}
    },
    {
      "line": "This ready gun",
      "annotations": {}
    },
    {
      "line": "If you’re repping",
      "annotations": {}
    }
  ]
}