{
  "lyrics": [
    {
      "line": "[Intro]",
      "annotations": {}
    },
    {
      "line": "Lies, they tell lies",
      "annotations": {}
    },
    {
      "line": "Ah oh oh",
      "annotations": {}
    },
    {
      "line": "Don’t sell you’re that now",
      "annotations": {}
    },
    {
      "line": "Don’t be that way",
      "annotations": {}
    },
    {
      "line": "Don’t say that now",
      "annotations": {}
    },
    {
      "line": "",
      "annotations": {}
    },
    {
      "line": "[Verse 1]",
      "annotations": {}
    },
    {
      "line": "Clue in",
      "annotations": {}
    },
    {
      "line": "Thoth in",
      "annotations": {}
    },
    {
      "line": "My head’s on me",
      "annotations": {}
    },
    {
      "line": "It’s not leaving",
      "annotations": {}
    },
    {
      "line": "I’m holding",
      "annotations": {}
    },
    {
      "line": "I’m feeling holy",
      "annotations": {}
    },
    {
      "line": "Don’t you give me that",
      "annotations": {}
    },
    {
      "line": "Give me that",
      "annotations": {}
    },
    {
      "line": "Touching my pain",
      "annotations": {}
    },
    {
      "line": "Oh oh",
      "annotations": {}
    },
    {
      "line": "Touch here my pain",
      "annotations": {}
    },
    {
      "line": "When you whisper in my ear",
      "annotations": {}
    },
    {
      "line": "I feel lot better",
      "annotations": {}
    },
    {
      "line": "Feel lot better",
      "annotations": {}
    },
    {
      "line": "When you call my name",
      "annotations": {}
    },
    {
      "line": "A filo wear on",
      "annotations": {}
    },
    {
      "line": "I found you",
      "annotations": {}
    },
    {
      "line": "My orbit from the start",
      "annotations": {}
    },
    {
      "line": "My thought than i ever could plot",
      "annotations": {}
    },
    {
      "line": "I front you",
      "annotations": {}
    },
    {
      "line": "Maybe from a dime",
      "annotations": {}
    },
    {
      "line": "I lost my centre",
      "annotations": {}
    },
    {
      "line": "Searing the best of you",
      "annotations": {}
    },
    {
      "line": "Could be stuck on a couple photos",
      "annotations": {}
    },
    {
      "line": "My h ll",
      "annotations": {}
    },
    {
      "line": "Mile lost away",
      "annotations": {}
    },
    {
      "line": "Now i’m feeling",
      "annotations": {}
    },
    {
      "line": "I’m not sure",
      "annotations": {}
    },
    {
      "line": "Currеnts bound to you",
      "annotations": {}
    },
    {
      "line": "Is it one or is it two",
      "annotations": {}
    },
    {
      "line": "What’s my bond in the zoo",
      "annotations": {}
    },
    {
      "line": "And em doors not on you",
      "annotations": {}
    }
  ]
}