{
  "lyrics": [
    {
      "line": "[Intro]",
      "annotations": {
        "Intro": "Annotation for [Intro]"
      }
    },
    {
      "line": "You know everything just seems to go really fast",
      "annotations": {}
    },
    {
      "line": "It sucks",
      "annotations": {}
    },
    {
      "line": "Fresh boy chilling",
      "annotations": {}
    },
    {
      "line": "",
      "annotations": {}
    },
    {
      "line": "[Verse 1]",
      "annotations": {
        "1": "Annotation for 1]",
        "Verse": "Annotation for [Verse"
      }
    },
    {
      "line": "When they talk, they say",
      "annotations": {}
    },
    {
      "line": "I wonder if they are ever getting back together",
      "annotations": {}
    },
    {
      "line": "Loving now when it’s cold",
      "annotations": {}
    },
    {
      "line": "Rudder off headed for your town",
      "annotations": {}
    },
    {
      "line": "With this heart",
      "annotations": {}
    },
    {
      "line": "It crawls, it never stops",
      "annotations": {}
    },
    {
      "line": "Hoping you know someday it will fly",
      "annotations": {}
    },
    {
      "line": "",
      "annotations": {}
    },
    {
      "line": "[Chorus]",
      "annotations": {
        "Chorus": "Annotation for [Chorus]"
      }
    },
    {
      "line": "To you",
      "annotations": {}
    },
    {
      "line": "Where it’s headed for the night",
      "annotations": {}
    },
    {
      "line": "To you, it’s where it’s headed for the night",
      "annotations": {}
    },
    {
      "line": "By your doorstep i will stand",
      "annotations": {}
    },
    {
      "line": "Say the words hoping you will see that",
      "annotations": {}
    },
    {
      "line": "My love comes down, still remaining i hope",
      "annotations": {}
    },
    {
      "line": "",
      "annotations": {}
    },
    {
      "line": "[Verse 2]",
      "annotations": {
        "2": "Annotation for 2]",
        "Verse": "Annotation for [Verse"
      }
    },
    {
      "line": "I promised myself i’ll try again",
      "annotations": {}
    },
    {
      "line": "Telling myself those same wanton tales",
      "annotations": {}
    },
    {
      "line": "Doesn’t hurt, it isn’t scary",
      "annotations": {}
    },
    {
      "line": "So this love shouldn’t be butchery",
      "annotations": {}
    },
    {
      "line": "Oh oh oh",
      "annotations": {}
    },
    {
      "line": "I think that this will never ring the same",
      "annotations": {}
    },
    {
      "line": "",
      "annotations": {}
    },
    {
      "line": "[Chorus]",
      "annotations": {
        "Chorus": "Annotation for [Chorus]"
      }
    },
    {
      "line": "To you",
      "annotations": {}
    },
    {
      "line": "Where it’s headed for the night",
      "annotations": {}
    },
    {
      "line": "To you, it’s where it’s headed for the night",
      "annotations": {}
    },
    {
      "line": "By your doorstep i will stand",
      "annotations": {}
    },
    {
      "line": "Say the words hoping you will see that",
      "annotations": {}
    },
    {
      "line": "My love comes down, still remaining i hope",
      "annotations": {}
    },
    {
      "line": "",
      "annotations": {}
    },
    {
      "line": "[Verse 3]",
      "annotations": {
        "3": "Annotation for 3]",
        "Verse": "Annotation for [Verse"
      }
    },
    {
      "line": "Still remaining i hope",
      "annotations": {}
    },
    {
      "line": "Seal our fate in",
      "annotations": {}
    },
    {
      "line": "In this fragrance of",
      "annotations": {}
    },
    {
      "line": "Something promising",
      "annotations": {}
    },
    {
      "line": "",
      "annotations": {}
    },
    {
      "line": "[Chorus]",
      "annotations": {
        "Chorus": "Annotation for [Chorus]"
      }
    },
    {
      "line": "To you",
      "annotations": {}
    },
    {
      "line": "Where it’s headed for the night",
      "annotations": {}
    },
    {
      "line": "To you, it’s where it’s headed for the night",
      "annotations": {}
    },
    {
      "line": "By your doorstep i will stand",
      "annotations": {}
    },
    {
      "line": "Say the words hoping you will see that",
      "annotations": {}
    },
    {
      "line": "My love comes down, still remaining i hope",
      "annotations": {}
    }
  ]
}