{
  "lyrics": [
    {
      "line": "[Intro]",
      "annotations": {}
    },
    {
      "line": "High key kirk",
      "annotations": {}
    },
    {
      "line": "Yeah!",
      "annotations": {}
    },
    {
      "line": "",
      "annotations": {}
    },
    {
      "line": "[Verse 1]",
      "annotations": {}
    },
    {
      "line": "Uh!",
      "annotations": {}
    },
    {
      "line": "Back to the past time",
      "annotations": {}
    },
    {
      "line": "How it feels i",
      "annotations": {}
    },
    {
      "line": "Can’t get it right",
      "annotations": {}
    },
    {
      "line": "I ‘on’t know if i am dreaming",
      "annotations": {}
    },
    {
      "line": "I got a beamer torch",
      "annotations": {}
    },
    {
      "line": "But that’s not what’s missing",
      "annotations": {}
    },
    {
      "line": "So i put my f cking mind on the pushing",
      "annotations": {}
    },
    {
      "line": "N ggers trying to put me on the f cking eleven",
      "annotations": {}
    },
    {
      "line": "I clock out when it’s time",
      "annotations": {}
    },
    {
      "line": "That’s seven",
      "annotations": {}
    },
    {
      "line": "I’ll be in the place",
      "annotations": {}
    },
    {
      "line": "I’ll be like . . .",
      "annotations": {}
    },
    {
      "line": "Tom! tom!",
      "annotations": {}
    },
    {
      "line": "It’s what i’m f cking thinking about",
      "annotations": {}
    },
    {
      "line": "My empty sores are no longer even sharp",
      "annotations": {}
    },
    {
      "line": "Rack a cut",
      "annotations": {}
    },
    {
      "line": "In a body of like who better?",
      "annotations": {}
    },
    {
      "line": "Oh oh",
      "annotations": {}
    },
    {
      "line": "I’m f cking trading out here",
      "annotations": {}
    },
    {
      "line": "Tryna duck a girl . . . disturb my life",
      "annotations": {}
    },
    {
      "line": "On a f cking wire",
      "annotations": {}
    },
    {
      "line": "But i’m not walking sober",
      "annotations": {}
    },
    {
      "line": "Too much in my f cking cup to give a f ck about:",
      "annotations": {}
    },
    {
      "line": "What is love?",
      "annotations": {}
    },
    {
      "line": "I like the vibе, but i like . . .",
      "annotations": {}
    }
  ]
}