{
  "lyrics": [
    {
      "line": "[Chorus]",
      "annotations": {
        "Chorus": "Annotation for [Chorus]"
      }
    },
    {
      "line": "Way in too deep in this to let it go",
      "annotations": {}
    },
    {
      "line": "How she gonna feel",
      "annotations": {}
    },
    {
      "line": "I might never know",
      "annotations": {}
    },
    {
      "line": "On the d mn road chasing money",
      "annotations": {}
    },
    {
      "line": "Dumb addict .",
      "annotations": {}
    },
    {
      "line": "Yeah",
      "annotations": {}
    },
    {
      "line": "Way in too deep in this to let it go",
      "annotations": {}
    },
    {
      "line": "How she gonna feel",
      "annotations": {}
    },
    {
      "line": "I might never know",
      "annotations": {}
    },
    {
      "line": "On the d mn road chasing money",
      "annotations": {}
    },
    {
      "line": "",
      "annotations": {}
    },
    {
      "line": "[Verse 1]",
      "annotations": {
        "1": "Annotation for 1]",
        "Verse": "Annotation for [Verse"
      }
    },
    {
      "line": "Been got it",
      "annotations": {}
    },
    {
      "line": "Dumb addict",
      "annotations": {}
    },
    {
      "line": "On the road",
      "annotations": {}
    },
    {
      "line": "Dumbing in the bathroom",
      "annotations": {}
    },
    {
      "line": "With a couple girls who ain’t got no intel on their ass",
      "annotations": {}
    },
    {
      "line": "(she teaches class)",
      "annotations": {}
    },
    {
      "line": "How’s that for facts",
      "annotations": {}
    },
    {
      "line": "She leaning and she rock that motto",
      "annotations": {}
    },
    {
      "line": "Lock her in for my entertainment",
      "annotations": {}
    },
    {
      "line": "And her back in for the waiters",
      "annotations": {}
    },
    {
      "line": "Am on it like .",
      "annotations": {}
    },
    {
      "line": "I vibe and rate her (vibrator)",
      "annotations": {}
    },
    {
      "line": "Catch a girl by her tail i",
      "annotations": {}
    },
    {
      "line": "Wipe her haters",
      "annotations": {}
    },
    {
      "line": "Watch she squeaks like thе wailers",
      "annotations": {}
    },
    {
      "line": "While am geeking onto taylor",
      "annotations": {}
    },
    {
      "line": "Detonator",
      "annotations": {}
    },
    {
      "line": "Spindlе exasperater",
      "annotations": {}
    },
    {
      "line": "A needle penetrator",
      "annotations": {}
    },
    {
      "line": "Sordid combinator",
      "annotations": {}
    },
    {
      "line": "For her sheer altercation (altercation)",
      "annotations": {}
    },
    {
      "line": "",
      "annotations": {}
    },
    {
      "line": "[Bridge]",
      "annotations": {
        "Bridge": "Annotation for [Bridge]"
      }
    },
    {
      "line": "I’m alive and its all right",
      "annotations": {}
    },
    {
      "line": "Surf my name and you find it",
      "annotations": {}
    },
    {
      "line": "I’m on mind",
      "annotations": {}
    },
    {
      "line": "Oh yeah",
      "annotations": {}
    },
    {
      "line": "I’m on mind (i’ve been a dumb addict)",
      "annotations": {}
    },
    {
      "line": "Dumb addict (dumb addict)",
      "annotations": {}
    },
    {
      "line": "",
      "annotations": {}
    },
    {
      "line": "[Chorus]",
      "annotations": {
        "Chorus": "Annotation for [Chorus]"
      }
    },
    {
      "line": "Way in too deep in this to let it go (oh oh)",
      "annotations": {}
    },
    {
      "line": "How she gonna feel",
      "annotations": {}
    },
    {
      "line": "I might never know (oh)",
      "annotations": {}
    },
    {
      "line": "On the d mn road chasing money",
      "annotations": {}
    },
    {
      "line": "Dumb addict (dumb addict)",
      "annotations": {}
    },
    {
      "line": "Way in too deep in this to let it go",
      "annotations": {}
    },
    {
      "line": "How she gonna feel",
      "annotations": {}
    },
    {
      "line": "I might never know",
      "annotations": {}
    },
    {
      "line": "On the d mn road chasing money",
      "annotations": {}
    },
    {
      "line": "",
      "annotations": {}
    },
    {
      "line": "[Verse 2]",
      "annotations": {
        "2": "Annotation for 2]",
        "Verse": "Annotation for [Verse"
      }
    },
    {
      "line": "Been got it",
      "annotations": {}
    },
    {
      "line": "Dumb addict",
      "annotations": {}
    },
    {
      "line": "And you know it’s bound on pre",
      "annotations": {}
    },
    {
      "line": "Theo you know frith",
      "annotations": {}
    },
    {
      "line": "Picking like a thing",
      "annotations": {}
    },
    {
      "line": "This ain’t no three",
      "annotations": {}
    },
    {
      "line": "Better dead!",
      "annotations": {}
    },
    {
      "line": "Ache in the ba",
      "annotations": {}
    },
    {
      "line": "Turpitude, cracker, primo",
      "annotations": {}
    },
    {
      "line": "Appellation winnow",
      "annotations": {}
    },
    {
      "line": "Potter’s field you go",
      "annotations": {}
    },
    {
      "line": "Emanated",
      "annotations": {}
    },
    {
      "line": "A man netted",
      "annotations": {}
    },
    {
      "line": "Barn erase scent",
      "annotations": {}
    },
    {
      "line": "Thought up",
      "annotations": {}
    },
    {
      "line": "Dated missive",
      "annotations": {}
    },
    {
      "line": "A man netted",
      "annotations": {}
    },
    {
      "line": "Barn erase scent",
      "annotations": {}
    },
    {
      "line": "Tot up",
      "annotations": {}
    },
    {
      "line": "",
      "annotations": {}
    },
    {
      "line": "[Chorus]",
      "annotations": {
        "Chorus": "Annotation for [Chorus]"
      }
    },
    {
      "line": "Way in too deep in this to let it go",
      "annotations": {}
    },
    {
      "line": "How she gonna feel",
      "annotations": {}
    },
    {
      "line": "I might never know",
      "annotations": {}
    },
    {
      "line": "On the d mn road chasing money",
      "annotations": {}
    },
    {
      "line": "(dumb addict, dumb addict)",
      "annotations": {}
    },
    {
      "line": "Dumb addict .",
      "annotations": {}
    },
    {
      "line": "Yeah",
      "annotations": {}
    },
    {
      "line": "Way in too deep in this to let it go",
      "annotations": {}
    },
    {
      "line": "How she gonna feel",
      "annotations": {}
    },
    {
      "line": "I might never know",
      "annotations": {}
    },
    {
      "line": "(on the road, on the road)",
      "annotations": {}
    },
    {
      "line": "On the d mn road chasing money",
      "annotations": {}
    },
    {
      "line": "Dumb addict, yes in there",
      "annotations": {}
    },
    {
      "line": "Been got it . . . jones",
      "annotations": {}
    },
    {
      "line": "Dumb addict, dumb addict",
      "annotations": {}
    },
    {
      "line": "Been got it, hands down",
      "annotations": {}
    },
    {
      "line": "It’s d mn jones boy",
      "annotations": {}
    }
  ]
}