{
  "lyrics": [
    {
      "line": "[Intro]",
      "annotations": {
        "Intro": "Annotation for [Intro]"
      }
    },
    {
      "line": "Silver, ah ah",
      "annotations": {}
    },
    {
      "line": "Taylor, the stave you’re on",
      "annotations": {}
    },
    {
      "line": "I don’t like myself being flood",
      "annotations": {}
    },
    {
      "line": "",
      "annotations": {}
    },
    {
      "line": "[Verse 1]",
      "annotations": {
        "1": "Annotation for 1]",
        "Verse": "Annotation for [Verse"
      }
    },
    {
      "line": "Lancing through it all",
      "annotations": {}
    },
    {
      "line": "My thoughts don’t hit it the way i want it",
      "annotations": {}
    },
    {
      "line": "I can’t choose when i don’t feel important",
      "annotations": {}
    },
    {
      "line": "Maybe it’s the problem",
      "annotations": {}
    },
    {
      "line": "It’s the problem",
      "annotations": {}
    },
    {
      "line": "Oh it is the thing",
      "annotations": {}
    },
    {
      "line": "The one thing",
      "annotations": {}
    },
    {
      "line": "I feel so flaky",
      "annotations": {}
    },
    {
      "line": "Saying this towards to you on a song",
      "annotations": {}
    },
    {
      "line": "But i gotta let it out",
      "annotations": {}
    },
    {
      "line": "Gotta let it out",
      "annotations": {}
    },
    {
      "line": "My heart weighing higher than a anvil",
      "annotations": {}
    },
    {
      "line": "And my thoughts will not hold it down",
      "annotations": {}
    },
    {
      "line": "D mn, i feel so new",
      "annotations": {}
    },
    {
      "line": "I feel so new to everything i am",
      "annotations": {}
    },
    {
      "line": "",
      "annotations": {}
    },
    {
      "line": "[Verse 2]",
      "annotations": {
        "2": "Annotation for 2]",
        "Verse": "Annotation for [Verse"
      }
    },
    {
      "line": "Alright, if you say so dear",
      "annotations": {}
    },
    {
      "line": "I never get it right",
      "annotations": {}
    },
    {
      "line": "I lose myself when i say i love her",
      "annotations": {}
    },
    {
      "line": "I’m right here",
      "annotations": {}
    },
    {
      "line": "Saying the words . . .",
      "annotations": {}
    },
    {
      "line": "Stuck",
      "annotations": {}
    },
    {
      "line": "You’re about",
      "annotations": {}
    },
    {
      "line": "I’m not who i feel",
      "annotations": {}
    },
    {
      "line": "",
      "annotations": {}
    },
    {
      "line": "[Outro]",
      "annotations": {
        "Outro": "Annotation for [Outro]"
      }
    },
    {
      "line": "It’s still the same",
      "annotations": {}
    },
    {
      "line": "Lost thе way i do",
      "annotations": {}
    },
    {
      "line": "I’m lost on everything that makes mе up",
      "annotations": {}
    }
  ]
}