{
  "lyrics": [
    {
      "line": "To her, i’m pooh",
      "annotations": {}
    },
    {
      "line": "I never wanna tell you how it goes",
      "annotations": {}
    },
    {
      "line": "Loving me",
      "annotations": {}
    },
    {
      "line": "You’re never wrong",
      "annotations": {}
    },
    {
      "line": "I never wanna tell you how it goes",
      "annotations": {}
    },
    {
      "line": "Never waiting on the walls",
      "annotations": {}
    },
    {
      "line": "Cos i’m f cked up",
      "annotations": {}
    },
    {
      "line": "Resting",
      "annotations": {}
    },
    {
      "line": "I’m right for it",
      "annotations": {}
    },
    {
      "line": "I already know",
      "annotations": {}
    },
    {
      "line": "F cked up?",
      "annotations": {}
    },
    {
      "line": "Rest on my fawn",
      "annotations": {}
    },
    {
      "line": "I’m ready",
      "annotations": {}
    },
    {
      "line": "I don’t want this success on my f cking pain",
      "annotations": {}
    },
    {
      "line": "I just want the love filling me up",
      "annotations": {}
    },
    {
      "line": "And i’m going away",
      "annotations": {}
    },
    {
      "line": "When i am going away",
      "annotations": {}
    },
    {
      "line": "Her",
      "annotations": {}
    },
    {
      "line": "You got me peeled on my cellphone",
      "annotations": {}
    },
    {
      "line": "Trying to reach you",
      "annotations": {}
    },
    {
      "line": "When you mind the closer",
      "annotations": {}
    },
    {
      "line": "I can’t get you",
      "annotations": {}
    },
    {
      "line": "You’re the spark",
      "annotations": {}
    },
    {
      "line": "Whizz",
      "annotations": {}
    },
    {
      "line": "This time mind’s appalled the asunder",
      "annotations": {}
    },
    {
      "line": "How it feels",
      "annotations": {}
    },
    {
      "line": "How it feels",
      "annotations": {}
    },
    {
      "line": "When you work the self",
      "annotations": {}
    },
    {
      "line": "How it feels",
      "annotations": {}
    },
    {
      "line": "How it feels",
      "annotations": {}
    },
    {
      "line": "When i feel",
      "annotations": {}
    },
    {
      "line": "I’m searching for your heart",
      "annotations": {}
    },
    {
      "line": "Is it the s x you says",
      "annotations": {}
    },
    {
      "line": "I don’t wanna be your lover",
      "annotations": {}
    },
    {
      "line": "Waste away",
      "annotations": {}
    },
    {
      "line": "Yeah",
      "annotations": {}
    },
    {
      "line": "If i distract two cs (cup)",
      "annotations": {}
    },
    {
      "line": "I don’t wanna be devastated in my head",
      "annotations": {}
    },
    {
      "line": "You should me fill up",
      "annotations": {}
    },
    {
      "line": "That does it better",
      "annotations": {}
    },
    {
      "line": "Whoa",
      "annotations": {}
    },
    {
      "line": "Whoa",
      "annotations": {}
    },
    {
      "line": "I don’t wanna her lorn",
      "annotations": {}
    },
    {
      "line": "I don’t want her a lone one",
      "annotations": {}
    },
    {
      "line": "I don’t want this sauce in my cuff",
      "annotations": {}
    },
    {
      "line": "I’m acting cordial to you in a while",
      "annotations": {}
    },
    {
      "line": "Valve",
      "annotations": {}
    },
    {
      "line": "I don’t want this sauce here",
      "annotations": {}
    },
    {
      "line": "You’ve been here",
      "annotations": {}
    },
    {
      "line": "Now she’s got my collar",
      "annotations": {}
    },
    {
      "line": "Whoa",
      "annotations": {}
    },
    {
      "line": "I’m reaching",
      "annotations": {}
    },
    {
      "line": "A valve",
      "annotations": {}
    },
    {
      "line": "I’m with your house",
      "annotations": {}
    },
    {
      "line": "It is fine when you’re attuned my lonely love",
      "annotations": {}
    },
    {
      "line": "Through it all",
      "annotations": {}
    },
    {
      "line": "She had me y’all",
      "annotations": {}
    },
    {
      "line": "She got me down",
      "annotations": {}
    },
    {
      "line": "When i was laid there",
      "annotations": {}
    },
    {
      "line": "She’d lie there by my side",
      "annotations": {}
    },
    {
      "line": "Triple to the x",
      "annotations": {}
    },
    {
      "line": "Triple to the plex (solar plexus)",
      "annotations": {}
    },
    {
      "line": "Triple to the:",
      "annotations": {}
    },
    {
      "line": "We had it all",
      "annotations": {}
    },
    {
      "line": "Now i’m feeling like",
      "annotations": {}
    },
    {
      "line": "I can’t get my self without it all",
      "annotations": {}
    },
    {
      "line": "No mime here",
      "annotations": {}
    },
    {
      "line": "And she said",
      "annotations": {}
    },
    {
      "line": "I’ll be out here",
      "annotations": {}
    },
    {
      "line": "Looking at the star",
      "annotations": {}
    },
    {
      "line": "Looking at the star",
      "annotations": {}
    },
    {
      "line": "Now",
      "annotations": {}
    },
    {
      "line": "When she said",
      "annotations": {}
    },
    {
      "line": "No map yet",
      "annotations": {}
    },
    {
      "line": "I’ll be out here",
      "annotations": {}
    },
    {
      "line": "I’ll be out here",
      "annotations": {}
    },
    {
      "line": "Looking at tomorrow",
      "annotations": {}
    },
    {
      "line": "Looking out for north",
      "annotations": {}
    }
  ]
}