{
  "lyrics": [
    {
      "line": "[Intro]",
      "annotations": {
        "Intro": "Annotation for [Intro]"
      }
    },
    {
      "line": "Two bad b tches in my house tryna . .",
      "annotations": {}
    },
    {
      "line": "Hey",
      "annotations": {}
    },
    {
      "line": "",
      "annotations": {}
    },
    {
      "line": "[Verse 1]",
      "annotations": {
        "1": "Annotation for 1]",
        "Verse": "Annotation for [Verse"
      }
    },
    {
      "line": "Two b tches in my house tryna get laid",
      "annotations": {}
    },
    {
      "line": "I’m wondering which of them i’m gonna take first",
      "annotations": {}
    },
    {
      "line": "Two b tches in my house tryna get laid",
      "annotations": {}
    },
    {
      "line": "I’m just wondering which one i’m gonna go first",
      "annotations": {}
    },
    {
      "line": "Like . . . hey! i’m the boy with the swag",
      "annotations": {}
    },
    {
      "line": "I’m the boy with the big ass d ck",
      "annotations": {}
    },
    {
      "line": "And i promise i’ma use it on you if you call me",
      "annotations": {}
    },
    {
      "line": "So, forgive me if i go abusing ties",
      "annotations": {}
    },
    {
      "line": "(electricity gets disconnected)",
      "annotations": {}
    },
    {
      "line": "But she . .",
      "annotations": {}
    },
    {
      "line": "Oh, d mn motherf cker!",
      "annotations": {}
    },
    {
      "line": "(they hate you . . . they hate you)",
      "annotations": {}
    },
    {
      "line": "I gotta shower",
      "annotations": {}
    },
    {
      "line": "Thank god i didn’t enter the shower bеfore the f cking n ggers took thе light",
      "annotations": {}
    },
    {
      "line": "Making me wonder what the f ck happened to this flight",
      "annotations": {}
    },
    {
      "line": "I’ve been in this place for days",
      "annotations": {}
    },
    {
      "line": "Tryna get my face in the phase",
      "annotations": {}
    },
    {
      "line": "Hey! hey?",
      "annotations": {}
    },
    {
      "line": "What’s my name?",
      "annotations": {}
    },
    {
      "line": "Boy you should know i’m the papa rein",
      "annotations": {}
    },
    {
      "line": "Yeah, i’m making it rain purple in this b tch",
      "annotations": {}
    },
    {
      "line": "I’m making it hmm . .",
      "annotations": {}
    },
    {
      "line": "Take it up to the ceiling",
      "annotations": {}
    },
    {
      "line": "Bring it back to the floor",
      "annotations": {}
    },
    {
      "line": "The way we keeping the basic",
      "annotations": {}
    },
    {
      "line": "Yeah, we keep it in the timbre",
      "annotations": {}
    },
    {
      "line": "Then i’m tryna go up, up, up, up, up, up, up, up, up, up",
      "annotations": {}
    },
    {
      "line": "But don’t get it twisted though",
      "annotations": {}
    },
    {
      "line": "Cos, she know i’ll ride for you",
      "annotations": {}
    },
    {
      "line": "I’ll ride for you",
      "annotations": {}
    },
    {
      "line": "I’ll ride for you",
      "annotations": {}
    },
    {
      "line": "Hey!",
      "annotations": {}
    },
    {
      "line": "Time to go and bath",
      "annotations": {}
    }
  ]
}