{
  "lyrics": [
    {
      "line": "[Intro]",
      "annotations": {
        "Intro": "Annotation for [Intro]"
      }
    },
    {
      "line": "Yeah",
      "annotations": {}
    },
    {
      "line": "Fresh boy chilling",
      "annotations": {}
    },
    {
      "line": "Plotting for this wide",
      "annotations": {}
    },
    {
      "line": "And i’m not gonna stop",
      "annotations": {}
    },
    {
      "line": "I got a d mn hide",
      "annotations": {}
    },
    {
      "line": "It’s all on the puff",
      "annotations": {}
    },
    {
      "line": "Hey",
      "annotations": {}
    },
    {
      "line": "",
      "annotations": {}
    },
    {
      "line": "[Chorus]",
      "annotations": {
        "Chorus": "Annotation for [Chorus]"
      }
    },
    {
      "line": "She got my heart in a box",
      "annotations": {}
    },
    {
      "line": "And she knows it",
      "annotations": {}
    },
    {
      "line": "She got my love where we go",
      "annotations": {}
    },
    {
      "line": "Where it surfaces",
      "annotations": {}
    },
    {
      "line": "And her mood is certain",
      "annotations": {}
    },
    {
      "line": "I’m undecided, undecided",
      "annotations": {}
    },
    {
      "line": "With these hours in",
      "annotations": {}
    },
    {
      "line": "She got my heart in a box",
      "annotations": {}
    },
    {
      "line": "She got my heart where it’s obvious",
      "annotations": {}
    },
    {
      "line": "And i’m right here",
      "annotations": {}
    },
    {
      "line": "I’m undecided, i’m undecided, i’m undecided",
      "annotations": {}
    },
    {
      "line": "",
      "annotations": {}
    },
    {
      "line": "[Verse 1]",
      "annotations": {
        "1": "Annotation for 1]",
        "Verse": "Annotation for [Verse"
      }
    },
    {
      "line": "With these hoes and thеse foes",
      "annotations": {}
    },
    {
      "line": "And thesе look at those",
      "annotations": {}
    },
    {
      "line": "I’m tryna get her hidden",
      "annotations": {}
    },
    {
      "line": "Like his evil morning",
      "annotations": {}
    },
    {
      "line": "How she holds",
      "annotations": {}
    },
    {
      "line": "She a whole zit",
      "annotations": {}
    },
    {
      "line": "A hoe said it’s for a lap",
      "annotations": {}
    },
    {
      "line": "Saying, nothing while i make a song now",
      "annotations": {}
    },
    {
      "line": "And i know that my is love not imposed",
      "annotations": {}
    },
    {
      "line": "And man know that my love is all hers",
      "annotations": {}
    },
    {
      "line": "All hers",
      "annotations": {}
    },
    {
      "line": "But i’m stuck on the side death, undecided",
      "annotations": {}
    },
    {
      "line": "Cos i still wanna hit that",
      "annotations": {}
    },
    {
      "line": "She got a ass that make a man",
      "annotations": {}
    },
    {
      "line": "Wanna pick the morning to the fall",
      "annotations": {}
    },
    {
      "line": "Mourning to the song",
      "annotations": {}
    },
    {
      "line": "Telling is it a fin or a haul",
      "annotations": {}
    },
    {
      "line": "",
      "annotations": {}
    },
    {
      "line": "[Verse 2]",
      "annotations": {
        "2": "Annotation for 2]",
        "Verse": "Annotation for [Verse"
      }
    },
    {
      "line": "Oh, i just had to go",
      "annotations": {}
    },
    {
      "line": "Oh, i just had to go",
      "annotations": {}
    },
    {
      "line": "With one on the side",
      "annotations": {}
    },
    {
      "line": "Often undecided",
      "annotations": {}
    },
    {
      "line": "With one on the side",
      "annotations": {}
    },
    {
      "line": "I’m often undecided",
      "annotations": {}
    },
    {
      "line": "I’m often undecided",
      "annotations": {}
    },
    {
      "line": "And i know where my heart lies",
      "annotations": {}
    },
    {
      "line": "I wanna be a d mn king",
      "annotations": {}
    },
    {
      "line": "I wanna be a d mn prince",
      "annotations": {}
    },
    {
      "line": "And i know where my love lie",
      "annotations": {}
    },
    {
      "line": "I wanna be a d mn king",
      "annotations": {}
    },
    {
      "line": "D mn, she’s so pretty",
      "annotations": {}
    },
    {
      "line": "",
      "annotations": {}
    },
    {
      "line": "[Outro]",
      "annotations": {
        "Outro": "Annotation for [Outro]"
      }
    },
    {
      "line": "Acting like a",
      "annotations": {}
    },
    {
      "line": "Yeah",
      "annotations": {}
    },
    {
      "line": "Sharing your summer",
      "annotations": {}
    }
  ]
}