{
  "lyrics": [
    {
      "line": "[Intro]",
      "annotations": {
        "Intro": "Annotation for [Intro]"
      }
    },
    {
      "line": "Mail it",
      "annotations": {}
    },
    {
      "line": "I made it",
      "annotations": {}
    },
    {
      "line": "Did you figure it out yet?",
      "annotations": {}
    },
    {
      "line": "I mean like i am really serious",
      "annotations": {}
    },
    {
      "line": "They could call me troubadour?",
      "annotations": {}
    },
    {
      "line": "",
      "annotations": {}
    },
    {
      "line": "[Verse 1]",
      "annotations": {
        "1": "Annotation for 1]",
        "Verse": "Annotation for [Verse"
      }
    },
    {
      "line": "Eh!",
      "annotations": {}
    },
    {
      "line": "Mind my manners",
      "annotations": {}
    },
    {
      "line": "But i’m still tryna find a course prettier",
      "annotations": {}
    },
    {
      "line": "Pity her",
      "annotations": {}
    },
    {
      "line": "I mean tidy her",
      "annotations": {}
    },
    {
      "line": "And to my tunnel",
      "annotations": {}
    },
    {
      "line": "The set he failed the year",
      "annotations": {}
    },
    {
      "line": "I look at the dates",
      "annotations": {}
    },
    {
      "line": "Like this could be hideous",
      "annotations": {}
    },
    {
      "line": "Yeah i am the critter",
      "annotations": {}
    },
    {
      "line": "Stalling on your love",
      "annotations": {}
    },
    {
      "line": "Tryna get it right",
      "annotations": {}
    },
    {
      "line": "Like it was not enough",
      "annotations": {}
    },
    {
      "line": "I wish he could be nice yeah?",
      "annotations": {}
    },
    {
      "line": "I could be the finest",
      "annotations": {}
    },
    {
      "line": "But leeches gotta let me know",
      "annotations": {}
    },
    {
      "line": "Who is to fight this",
      "annotations": {}
    },
    {
      "line": "Titus",
      "annotations": {}
    },
    {
      "line": "The sinning on the righteous",
      "annotations": {}
    },
    {
      "line": "Overall you should keep with the minors",
      "annotations": {}
    },
    {
      "line": "Yes!",
      "annotations": {}
    },
    {
      "line": "For my vices",
      "annotations": {}
    },
    {
      "line": "I’ve been tryna get you right",
      "annotations": {}
    },
    {
      "line": "But i’m not lead",
      "annotations": {}
    },
    {
      "line": "I’ve been missing classes",
      "annotations": {}
    },
    {
      "line": "Just to get the thesis",
      "annotations": {}
    },
    {
      "line": "Living on my testes",
      "annotations": {}
    },
    {
      "line": "Leaving all my head list",
      "annotations": {}
    },
    {
      "line": "I gotta get this",
      "annotations": {}
    },
    {
      "line": "See you when you get this",
      "annotations": {}
    },
    {
      "line": "Cpu will get this",
      "annotations": {}
    },
    {
      "line": "B tches gotta get us like",
      "annotations": {}
    },
    {
      "line": "Uh!",
      "annotations": {}
    },
    {
      "line": "Yeah!",
      "annotations": {}
    },
    {
      "line": "",
      "annotations": {}
    },
    {
      "line": "[Verse 2]",
      "annotations": {
        "2": "Annotation for 2]",
        "Verse": "Annotation for [Verse"
      }
    },
    {
      "line": "Still the same apperception",
      "annotations": {}
    },
    {
      "line": "Living . .",
      "annotations": {}
    },
    {
      "line": "Yeah",
      "annotations": {}
    },
    {
      "line": "I’m the weaving box",
      "annotations": {}
    },
    {
      "line": "Thinking with this nut",
      "annotations": {}
    },
    {
      "line": "I never had a lot of stocks",
      "annotations": {}
    },
    {
      "line": "I just had a lot of crocs",
      "annotations": {}
    },
    {
      "line": "Sticking on my l sting",
      "annotations": {}
    },
    {
      "line": "Still he never called it love",
      "annotations": {}
    },
    {
      "line": "Just caught my tux",
      "annotations": {}
    },
    {
      "line": "And i put it on the . .",
      "annotations": {}
    },
    {
      "line": "But you know what’s up",
      "annotations": {}
    },
    {
      "line": "Yeah, tip on my . .",
      "annotations": {}
    },
    {
      "line": "Trip live",
      "annotations": {}
    },
    {
      "line": "Save it",
      "annotations": {}
    }
  ]
}