{
  "lyrics": [
    {
      "line": "[Intro]",
      "annotations": {
        "Intro": "Annotation for [Intro]"
      }
    },
    {
      "line": "Fresh boy chilling",
      "annotations": {}
    },
    {
      "line": "",
      "annotations": {}
    },
    {
      "line": "[Chorus]",
      "annotations": {
        "Chorus": "Annotation for [Chorus]"
      }
    },
    {
      "line": "I’m so unwilling to go on with this love",
      "annotations": {}
    },
    {
      "line": "After the cart, i see there is nothing in here",
      "annotations": {}
    },
    {
      "line": "I’m unwilling to go on with this loam",
      "annotations": {}
    },
    {
      "line": "I’d severe the bare pain",
      "annotations": {}
    },
    {
      "line": "I see there is nothing here",
      "annotations": {}
    },
    {
      "line": "",
      "annotations": {}
    },
    {
      "line": "[Verse 1]",
      "annotations": {
        "1": "Annotation for 1]",
        "Verse": "Annotation for [Verse"
      }
    },
    {
      "line": "You got my heart so devastated",
      "annotations": {}
    },
    {
      "line": "How you make me feel",
      "annotations": {}
    },
    {
      "line": "So underrated",
      "annotations": {}
    },
    {
      "line": "Feeling this way",
      "annotations": {}
    },
    {
      "line": "I can feel sated",
      "annotations": {}
    },
    {
      "line": "Get out of my world",
      "annotations": {}
    },
    {
      "line": "Is often praised",
      "annotations": {}
    },
    {
      "line": "I can go for my lie, incels",
      "annotations": {}
    },
    {
      "line": "",
      "annotations": {}
    },
    {
      "line": "[Verse 2]",
      "annotations": {
        "2": "Annotation for 2]",
        "Verse": "Annotation for [Verse"
      }
    },
    {
      "line": "How do i get to me?",
      "annotations": {}
    },
    {
      "line": "How do i get to me?",
      "annotations": {}
    },
    {
      "line": "I say often times",
      "annotations": {}
    },
    {
      "line": "When you take my soul away from me",
      "annotations": {}
    },
    {
      "line": "Telling me i don’t own it anymore",
      "annotations": {}
    },
    {
      "line": "How do i get to me?",
      "annotations": {}
    },
    {
      "line": "How do i get to me?",
      "annotations": {}
    },
    {
      "line": "When you take my soul away",
      "annotations": {}
    },
    {
      "line": "And you say it’s not mine anymore",
      "annotations": {}
    },
    {
      "line": "",
      "annotations": {}
    },
    {
      "line": "[Bridge]",
      "annotations": {
        "Bridge": "Annotation for [Bridge]"
      }
    },
    {
      "line": "All these d mn ones and zeros",
      "annotations": {}
    },
    {
      "line": "All these d mn computers",
      "annotations": {}
    },
    {
      "line": "Got me feeling, it’s zeros",
      "annotations": {}
    },
    {
      "line": "So you’re the warden",
      "annotations": {}
    },
    {
      "line": "Each stop, of the boss send bills",
      "annotations": {}
    },
    {
      "line": "All these d mn ones and zeros",
      "annotations": {}
    },
    {
      "line": "All these d mn computers",
      "annotations": {}
    },
    {
      "line": "Got me feeling like keys",
      "annotations": {}
    },
    {
      "line": "So you’re lingering",
      "annotations": {}
    },
    {
      "line": "",
      "annotations": {}
    },
    {
      "line": "[Chorus]",
      "annotations": {
        "Chorus": "Annotation for [Chorus]"
      }
    },
    {
      "line": "I’m so unwilling to go on with this love",
      "annotations": {}
    },
    {
      "line": "(i can’t go with this, i’m getting off now)",
      "annotations": {}
    },
    {
      "line": "After the cart, i see there is nothing in here",
      "annotations": {}
    },
    {
      "line": "(even if it’s us now)",
      "annotations": {}
    },
    {
      "line": "I’m unwilling to go on with this loam",
      "annotations": {}
    },
    {
      "line": "(i can’t go with this, i’m getting off now)",
      "annotations": {}
    },
    {
      "line": "I’d severe the bare pain",
      "annotations": {}
    },
    {
      "line": "(no, heart taking no press down)",
      "annotations": {}
    },
    {
      "line": "I see there is nothing here",
      "annotations": {}
    },
    {
      "line": "",
      "annotations": {}
    },
    {
      "line": "[Outro]",
      "annotations": {
        "Outro": "Annotation for [Outro]"
      }
    },
    {
      "line": "Cos it’s obvious",
      "annotations": {}
    },
    {
      "line": "I’m the one with no soul",
      "annotations": {}
    },
    {
      "line": "It’s obvious",
      "annotations": {}
    }
  ]
}