{
  "lyrics": [
    {
      "line": "[Intro]",
      "annotations": {
        "Intro": "Annotation for [Intro]"
      }
    },
    {
      "line": "Come on, cos i don’t talk about patek and designers don’t mean i never bought some girl some. you know, trip it in, all that sh t, it cost a lot.",
      "annotations": {}
    },
    {
      "line": "But it don’t cost nothing to say sh t about me except you’re putting on tmz.",
      "annotations": {}
    },
    {
      "line": "",
      "annotations": {}
    },
    {
      "line": "[Verse 1]",
      "annotations": {
        "1": "Annotation for 1]",
        "Verse": "Annotation for [Verse"
      }
    },
    {
      "line": "Yeah, i wanted to fly away",
      "annotations": {}
    },
    {
      "line": "I just want to take a vacation",
      "annotations": {}
    },
    {
      "line": "I just want to fly away",
      "annotations": {}
    },
    {
      "line": "I just want to take a vacation",
      "annotations": {}
    },
    {
      "line": "But i have got too much work over here",
      "annotations": {}
    },
    {
      "line": "My girl is not down",
      "annotations": {}
    },
    {
      "line": "She say the hustle is real",
      "annotations": {}
    },
    {
      "line": "Too real",
      "annotations": {}
    },
    {
      "line": "It is the money coming in",
      "annotations": {}
    },
    {
      "line": "It’s d mn too real",
      "annotations": {}
    },
    {
      "line": "",
      "annotations": {}
    },
    {
      "line": "[Chorus]",
      "annotations": {
        "Chorus": "Annotation for [Chorus]"
      }
    },
    {
      "line": "So i’m staying in my own way",
      "annotations": {}
    },
    {
      "line": "Till i get a vacation",
      "annotations": {}
    },
    {
      "line": "I am fapping my head out",
      "annotations": {}
    },
    {
      "line": "Till i get a donation",
      "annotations": {}
    },
    {
      "line": "Summer come",
      "annotations": {}
    },
    {
      "line": "Summer car",
      "annotations": {}
    },
    {
      "line": "Summer cum",
      "annotations": {}
    },
    {
      "line": "(i get the laud)",
      "annotations": {}
    },
    {
      "line": "She could be",
      "annotations": {}
    },
    {
      "line": "But now it’s time passed our check",
      "annotations": {}
    },
    {
      "line": "She could be, she could be",
      "annotations": {}
    },
    {
      "line": "But now it’s time passed our check",
      "annotations": {}
    },
    {
      "line": "(but not letting go)",
      "annotations": {}
    },
    {
      "line": "",
      "annotations": {}
    },
    {
      "line": "[Verse 2]",
      "annotations": {
        "2": "Annotation for 2]",
        "Verse": "Annotation for [Verse"
      }
    },
    {
      "line": "I feel at times that my attitude is not",
      "annotations": {}
    },
    {
      "line": "On key",
      "annotations": {}
    },
    {
      "line": "Mama told me",
      "annotations": {}
    },
    {
      "line": "Please you know, you are somebody",
      "annotations": {}
    },
    {
      "line": "So i guess i need a vacation",
      "annotations": {}
    },
    {
      "line": "We should talk about our fornications",
      "annotations": {}
    },
    {
      "line": "I don’t know if i’m on this; the right station",
      "annotations": {}
    },
    {
      "line": "But i know that yes i need a vacation",
      "annotations": {}
    },
    {
      "line": "I know i need a vacation",
      "annotations": {}
    },
    {
      "line": "My girl told me the hustle is real",
      "annotations": {}
    },
    {
      "line": "Hold on boy, you need to hit this deal",
      "annotations": {}
    },
    {
      "line": "",
      "annotations": {}
    },
    {
      "line": "[Outro]",
      "annotations": {
        "Outro": "Annotation for [Outro]"
      }
    },
    {
      "line": "Hey, so if you’re talking, make sure you’re spending money on that, cos at the end of the day, no one’s listening like? who is listening? hey! who is listening right? i could be smoking weed and doing drugs on the beach from a girl like, sommer ray is not too far from here, she’ll probably be one of the first to listen to this track, and that’s a tender care, if you know what i mean, and if you are looking for a princess, yes, you’re not looking too far, because you are listening to a prince. so, in the end it’s all about life being a vacation",
      "annotations": {}
    }
  ]
}