{
  "lyrics": [
    {
      "line": "[Intro]",
      "annotations": {}
    },
    {
      "line": "Toodle(oo)",
      "annotations": {}
    },
    {
      "line": "I don’t want no dullards",
      "annotations": {}
    },
    {
      "line": "I don’t want dullards",
      "annotations": {}
    },
    {
      "line": "Ah ah",
      "annotations": {}
    },
    {
      "line": "I want no dullards",
      "annotations": {}
    },
    {
      "line": "I just want dollars",
      "annotations": {}
    },
    {
      "line": "Ah!",
      "annotations": {}
    },
    {
      "line": "",
      "annotations": {}
    },
    {
      "line": "[Verse 1]",
      "annotations": {}
    },
    {
      "line": "All my life i thought i had it",
      "annotations": {}
    },
    {
      "line": "I thought i had it figured out",
      "annotations": {}
    },
    {
      "line": "All my life i thought i had it",
      "annotations": {}
    },
    {
      "line": "But now i think i gotta figure with . . .",
      "annotations": {}
    },
    {
      "line": "My man say: you got till the end of the month",
      "annotations": {}
    },
    {
      "line": "Soon i’m erasing all this sh t",
      "annotations": {}
    },
    {
      "line": "Like i . . .",
      "annotations": {}
    },
    {
      "line": "I’ve got faces",
      "annotations": {}
    },
    {
      "line": "I’m just tryna count the frames",
      "annotations": {}
    },
    {
      "line": "Oh my lord",
      "annotations": {}
    },
    {
      "line": "I’m screening on this b tch",
      "annotations": {}
    },
    {
      "line": "Ain’t n0body telling me how to move my cellular closer than i ever",
      "annotations": {}
    },
    {
      "line": "Got that girl like",
      "annotations": {}
    },
    {
      "line": "Oh!",
      "annotations": {}
    },
    {
      "line": "Talking like you ever had this cell",
      "annotations": {}
    },
    {
      "line": "Now i’m putting him where he, the f cking n ggers belong",
      "annotations": {}
    },
    {
      "line": "Don’t count the f cking house",
      "annotations": {}
    },
    {
      "line": "I’m switching up on all my regular reasons",
      "annotations": {}
    },
    {
      "line": "I’m tryna find out why i never f cking pity",
      "annotations": {}
    },
    {
      "line": "I’m so pinned on my sheet",
      "annotations": {}
    },
    {
      "line": "I might just take my tache",
      "annotations": {}
    },
    {
      "line": "Tell chantеl",
      "annotations": {}
    },
    {
      "line": "She got me on another lovе",
      "annotations": {}
    },
    {
      "line": "All my reasons got me feeling so sober",
      "annotations": {}
    },
    {
      "line": "And i’m still feeling older",
      "annotations": {}
    },
    {
      "line": "And i’m still feeling bothered",
      "annotations": {}
    },
    {
      "line": "He’s never had a rudder",
      "annotations": {}
    },
    {
      "line": "All we ever had was a oar",
      "annotations": {}
    },
    {
      "line": "So we moving",
      "annotations": {}
    },
    {
      "line": "So we moving",
      "annotations": {}
    },
    {
      "line": "Now we moving on",
      "annotations": {}
    },
    {
      "line": "Ain’t n0body steering at my f cking stern",
      "annotations": {}
    },
    {
      "line": "Ain’t n0body balling my f cking bowl",
      "annotations": {}
    },
    {
      "line": "So i told them i’ma be d mn bold",
      "annotations": {}
    },
    {
      "line": "You ain’t never gonna man me up",
      "annotations": {}
    },
    {
      "line": "Feeling like you ever had the f cking rowdy up",
      "annotations": {}
    },
    {
      "line": "I’m always f cking all the rimae",
      "annotations": {}
    },
    {
      "line": "With my f cking, okay i c ck",
      "annotations": {}
    },
    {
      "line": "Ca (u)cu(s) circle",
      "annotations": {}
    },
    {
      "line": "Act like her?",
      "annotations": {}
    },
    {
      "line": "She wasn’t even caught",
      "annotations": {}
    },
    {
      "line": "Put my freak on you",
      "annotations": {}
    },
    {
      "line": "You like talk spam",
      "annotations": {}
    },
    {
      "line": "We so close",
      "annotations": {}
    },
    {
      "line": "Feeling cute . . . you were co umpteen?",
      "annotations": {}
    },
    {
      "line": "Laevu(lose) aura",
      "annotations": {}
    },
    {
      "line": "Ah!",
      "annotations": {}
    },
    {
      "line": "At this!",
      "annotations": {}
    },
    {
      "line": "She didn’t mail my sh t",
      "annotations": {}
    },
    {
      "line": "And i bought her",
      "annotations": {}
    },
    {
      "line": "(into her distractions)",
      "annotations": {}
    },
    {
      "line": "Drugs are my sh t",
      "annotations": {}
    },
    {
      "line": "And i want out",
      "annotations": {}
    },
    {
      "line": "I’m not even in for your sober",
      "annotations": {}
    },
    {
      "line": "",
      "annotations": {}
    },
    {
      "line": "[Outro]",
      "annotations": {}
    },
    {
      "line": "As i say like a f cking outro",
      "annotations": {}
    },
    {
      "line": "Chilling with my voice like a f cking cackle",
      "annotations": {}
    },
    {
      "line": "You can come around if you’re f cking",
      "annotations": {}
    },
    {
      "line": "In the f cking handle",
      "annotations": {}
    },
    {
      "line": "I’m still acting like i got no f cking handle",
      "annotations": {}
    },
    {
      "line": "But you can find me on valenceeve if you got a bundle",
      "annotations": {}
    },
    {
      "line": "Oh boy!",
      "annotations": {}
    },
    {
      "line": "I’m feeling fondue",
      "annotations": {}
    },
    {
      "line": "Rondeau is a poem i wrote like hands do",
      "annotations": {}
    },
    {
      "line": "You ain’t never gonna find me outside",
      "annotations": {}
    },
    {
      "line": "My girl see betty get ready",
      "annotations": {}
    },
    {
      "line": "I’ma f cking hit you with a cl!ck",
      "annotations": {}
    }
  ]
}