{
  "lyrics": [
    {
      "line": "[Verse 1]",
      "annotations": {
        "1": "Annotation for 1]",
        "Verse": "Annotation for [Verse"
      }
    },
    {
      "line": "I ‘on’t need no stop",
      "annotations": {}
    },
    {
      "line": "You can steal the family if you’re neater",
      "annotations": {}
    },
    {
      "line": "My mind is like a roller coaster",
      "annotations": {}
    },
    {
      "line": "I can spin it with these wills",
      "annotations": {}
    },
    {
      "line": "I can never stop",
      "annotations": {}
    },
    {
      "line": "Hop it",
      "annotations": {}
    },
    {
      "line": "Up it",
      "annotations": {}
    },
    {
      "line": "Step in like a popping",
      "annotations": {}
    },
    {
      "line": "Uh huh!",
      "annotations": {}
    },
    {
      "line": "I’m pulse in",
      "annotations": {}
    },
    {
      "line": "Pulsing",
      "annotations": {}
    },
    {
      "line": "Took into the rein",
      "annotations": {}
    },
    {
      "line": "I’m creeping on your love",
      "annotations": {}
    },
    {
      "line": "Who’s there?",
      "annotations": {}
    },
    {
      "line": "It is the parley",
      "annotations": {}
    },
    {
      "line": "She used to be my shorty",
      "annotations": {}
    },
    {
      "line": "Tryna find",
      "annotations": {}
    },
    {
      "line": "Who’s gonna cook your lobbying",
      "annotations": {}
    },
    {
      "line": "Who’s there?",
      "annotations": {}
    },
    {
      "line": "N0body",
      "annotations": {}
    },
    {
      "line": "Just me and my shorty",
      "annotations": {}
    },
    {
      "line": "Tryna find who’s gonna creep on your lobby like",
      "annotations": {}
    },
    {
      "line": "Trapping lit",
      "annotations": {}
    },
    {
      "line": "Bel air crib",
      "annotations": {}
    },
    {
      "line": "She got a face that makes you wanna puke",
      "annotations": {}
    },
    {
      "line": "Never heard the one",
      "annotations": {}
    },
    {
      "line": "Something like a mute",
      "annotations": {}
    },
    {
      "line": "So i put thе f cking gold on the deal",
      "annotations": {}
    },
    {
      "line": "Duty",
      "annotations": {}
    },
    {
      "line": "Something not so hеavy",
      "annotations": {}
    },
    {
      "line": "My love on the conduit you headed",
      "annotations": {}
    },
    {
      "line": "Hover over it",
      "annotations": {}
    },
    {
      "line": "Over it",
      "annotations": {}
    },
    {
      "line": "",
      "annotations": {}
    },
    {
      "line": "[Outro]",
      "annotations": {
        "Outro": "Annotation for [Outro]"
      }
    },
    {
      "line": "I love it",
      "annotations": {}
    },
    {
      "line": "And it ends like",
      "annotations": {}
    },
    {
      "line": "Yeah",
      "annotations": {}
    },
    {
      "line": "I like that breath thing",
      "annotations": {}
    },
    {
      "line": "Just warn me you’re ready",
      "annotations": {}
    }
  ]
}