{
  "lyrics": [
    {
      "line": "[Intro]",
      "annotations": {
        "Intro": "Annotation for [Intro]"
      }
    },
    {
      "line": "I suddenly became hyper aware of my body",
      "annotations": {}
    },
    {
      "line": "I don’t know what music that is",
      "annotations": {}
    },
    {
      "line": "That music is all they have",
      "annotations": {}
    },
    {
      "line": "You want me to turn it off",
      "annotations": {}
    },
    {
      "line": "",
      "annotations": {}
    },
    {
      "line": "[Verse 1]",
      "annotations": {
        "1": "Annotation for 1]",
        "Verse": "Annotation for [Verse"
      }
    },
    {
      "line": "Hey",
      "annotations": {}
    },
    {
      "line": "Take a dive down",
      "annotations": {}
    },
    {
      "line": "I get it all the time",
      "annotations": {}
    },
    {
      "line": "Am i or you’re here",
      "annotations": {}
    },
    {
      "line": "Take the old bye",
      "annotations": {}
    },
    {
      "line": "And put it in a box and say",
      "annotations": {}
    },
    {
      "line": "You will bear it with your hands",
      "annotations": {}
    },
    {
      "line": "",
      "annotations": {}
    },
    {
      "line": "[Verse 2]",
      "annotations": {
        "2": "Annotation for 2]",
        "Verse": "Annotation for [Verse"
      }
    },
    {
      "line": "Dozen like here",
      "annotations": {}
    },
    {
      "line": "Does he ever think of more than",
      "annotations": {}
    },
    {
      "line": "He could ever take",
      "annotations": {}
    },
    {
      "line": "He could ever brace",
      "annotations": {}
    },
    {
      "line": "",
      "annotations": {}
    },
    {
      "line": "[Verse 3]",
      "annotations": {
        "3": "Annotation for 3]",
        "Verse": "Annotation for [Verse"
      }
    },
    {
      "line": "Light in my eye",
      "annotations": {}
    },
    {
      "line": "Biting my pie",
      "annotations": {}
    },
    {
      "line": "I don’t give a f ck",
      "annotations": {}
    },
    {
      "line": "What they say about me",
      "annotations": {}
    },
    {
      "line": "Light in my eye",
      "annotations": {}
    },
    {
      "line": "Biting my pie",
      "annotations": {}
    },
    {
      "line": "I won’t give it to you",
      "annotations": {}
    },
    {
      "line": "It’s there in new york",
      "annotations": {}
    },
    {
      "line": "",
      "annotations": {}
    },
    {
      "line": "[Bridge]",
      "annotations": {
        "Bridge": "Annotation for [Bridge]"
      }
    },
    {
      "line": "No to anyone but you",
      "annotations": {}
    },
    {
      "line": "My lover say nothing",
      "annotations": {}
    },
    {
      "line": "No to no one but you",
      "annotations": {}
    },
    {
      "line": "My lover say nothing",
      "annotations": {}
    },
    {
      "line": "",
      "annotations": {}
    },
    {
      "line": "[Verse 4]",
      "annotations": {
        "4": "Annotation for 4]",
        "Verse": "Annotation for [Verse"
      }
    },
    {
      "line": "Pretty, are my kisses on me",
      "annotations": {}
    },
    {
      "line": "More kisses on me",
      "annotations": {}
    },
    {
      "line": "Pretty, would kisses on me",
      "annotations": {}
    },
    {
      "line": "More kisses on me",
      "annotations": {}
    },
    {
      "line": "I can feel it not now",
      "annotations": {}
    },
    {
      "line": "I can see it, but how",
      "annotations": {}
    },
    {
      "line": "I can feel it not now",
      "annotations": {}
    },
    {
      "line": "I can see it, but how",
      "annotations": {}
    },
    {
      "line": "I can see it, but how",
      "annotations": {}
    },
    {
      "line": "",
      "annotations": {}
    },
    {
      "line": "[Chorus]",
      "annotations": {
        "Chorus": "Annotation for [Chorus]"
      }
    },
    {
      "line": "Wasting away",
      "annotations": {}
    },
    {
      "line": "Waste me away",
      "annotations": {}
    },
    {
      "line": "Do we ever feign",
      "annotations": {}
    },
    {
      "line": "Waste me away",
      "annotations": {}
    },
    {
      "line": "Waste me away",
      "annotations": {}
    },
    {
      "line": "Do we ever feign how we’re feeling",
      "annotations": {}
    },
    {
      "line": "Healing leaving",
      "annotations": {}
    },
    {
      "line": "When you’re not here",
      "annotations": {}
    },
    {
      "line": "Feeling, feeling leaving",
      "annotations": {}
    },
    {
      "line": "Waste me away",
      "annotations": {}
    },
    {
      "line": "Waste me away",
      "annotations": {}
    },
    {
      "line": "Do we ever feign how we’re feeling",
      "annotations": {}
    },
    {
      "line": "Waste me away",
      "annotations": {}
    },
    {
      "line": "Waste me away",
      "annotations": {}
    },
    {
      "line": "Do we ever feign how we’re feeling",
      "annotations": {}
    },
    {
      "line": "",
      "annotations": {}
    },
    {
      "line": "[Outro]",
      "annotations": {
        "Outro": "Annotation for [Outro]"
      }
    },
    {
      "line": "Say you’re here",
      "annotations": {}
    },
    {
      "line": "But how",
      "annotations": {}
    }
  ]
}