{
  "lyrics": [
    {
      "line": "[Intro]",
      "annotations": {
        "Intro": "Annotation for [Intro]"
      }
    },
    {
      "line": "Oh!",
      "annotations": {}
    },
    {
      "line": "Time passes",
      "annotations": {}
    },
    {
      "line": "And the strangeness of our dreams",
      "annotations": {}
    },
    {
      "line": "Fades into the page",
      "annotations": {}
    },
    {
      "line": "And it is mottled",
      "annotations": {}
    },
    {
      "line": "With a lot of colours",
      "annotations": {}
    },
    {
      "line": "There is green",
      "annotations": {}
    },
    {
      "line": "There is blue",
      "annotations": {}
    },
    {
      "line": "There is orange",
      "annotations": {}
    },
    {
      "line": "There is so much you know",
      "annotations": {}
    },
    {
      "line": "It just has to be in design",
      "annotations": {}
    },
    {
      "line": "",
      "annotations": {}
    },
    {
      "line": "[Chorus]",
      "annotations": {
        "Chorus": "Annotation for [Chorus]"
      }
    },
    {
      "line": "Always waste the time",
      "annotations": {}
    },
    {
      "line": "Never hit rewind",
      "annotations": {}
    },
    {
      "line": "Me and my friends never did the drop",
      "annotations": {}
    },
    {
      "line": "Hit the drop to the spot",
      "annotations": {}
    },
    {
      "line": "Light another one up",
      "annotations": {}
    },
    {
      "line": "Always waste the time",
      "annotations": {}
    },
    {
      "line": "Never hit rewind",
      "annotations": {}
    },
    {
      "line": "Me and my friends never did the drop",
      "annotations": {}
    },
    {
      "line": "Hit the drop to the spot",
      "annotations": {}
    },
    {
      "line": "Light another one up",
      "annotations": {}
    },
    {
      "line": "",
      "annotations": {}
    },
    {
      "line": "[Verse 1]",
      "annotations": {
        "1": "Annotation for 1]",
        "Verse": "Annotation for [Verse"
      }
    },
    {
      "line": "Cos we never gave a f ck",
      "annotations": {}
    },
    {
      "line": "That’s a f cking duck",
      "annotations": {}
    },
    {
      "line": "Surf of shots",
      "annotations": {}
    },
    {
      "line": "Thats our f cking lot",
      "annotations": {}
    },
    {
      "line": "Now my car packed up in the freaking lot",
      "annotations": {}
    },
    {
      "line": "Halo on all my brothers",
      "annotations": {}
    },
    {
      "line": "Barriers for all em suckers",
      "annotations": {}
    },
    {
      "line": "Nuts for em haters",
      "annotations": {}
    },
    {
      "line": "Switching pages maybe i meet u later",
      "annotations": {}
    },
    {
      "line": "",
      "annotations": {}
    },
    {
      "line": "[Bridge]",
      "annotations": {
        "Bridge": "Annotation for [Bridge]"
      }
    },
    {
      "line": "Pretty mots wanna ride my way",
      "annotations": {}
    },
    {
      "line": "I ‘on’t give a f ck what is it you ate today",
      "annotations": {}
    },
    {
      "line": "Like my haircut",
      "annotations": {}
    },
    {
      "line": "That’s no worry on no mother dawdler day",
      "annotations": {}
    },
    {
      "line": "I’m just trekking with my girl",
      "annotations": {}
    },
    {
      "line": "It is feeling like i got a billion in my account",
      "annotations": {}
    },
    {
      "line": "Everything is fine",
      "annotations": {}
    },
    {
      "line": "(fine, fine, fine, fine)",
      "annotations": {}
    },
    {
      "line": "",
      "annotations": {}
    },
    {
      "line": "[Chorus]",
      "annotations": {
        "Chorus": "Annotation for [Chorus]"
      }
    },
    {
      "line": "Always waste the time",
      "annotations": {}
    },
    {
      "line": "Never hit rewind",
      "annotations": {}
    },
    {
      "line": "Me and my friends never did the drop",
      "annotations": {}
    },
    {
      "line": "Hit the drop to the spot",
      "annotations": {}
    },
    {
      "line": "Light another one up",
      "annotations": {}
    },
    {
      "line": "",
      "annotations": {}
    },
    {
      "line": "[Verse 2]",
      "annotations": {
        "2": "Annotation for 2]",
        "Verse": "Annotation for [Verse"
      }
    },
    {
      "line": "And it goes this way",
      "annotations": {}
    },
    {
      "line": "Never hit a girl",
      "annotations": {}
    },
    {
      "line": "With a blind spot",
      "annotations": {}
    },
    {
      "line": "Be on top watch",
      "annotations": {}
    },
    {
      "line": "When i’m burning",
      "annotations": {}
    },
    {
      "line": "I hold a frieze gaze",
      "annotations": {}
    },
    {
      "line": "Till my tall vase",
      "annotations": {}
    },
    {
      "line": "That’s a touring",
      "annotations": {}
    },
    {
      "line": "Now my nuff is on the rim",
      "annotations": {}
    },
    {
      "line": "They could afford that",
      "annotations": {}
    }
  ]
}