{
  "lyrics": [
    {
      "line": "[Intro]",
      "annotations": {
        "Intro": "Annotation for [Intro]"
      }
    },
    {
      "line": "Family still indifferent",
      "annotations": {}
    },
    {
      "line": "In pastime i’m feeling like me time",
      "annotations": {}
    },
    {
      "line": "(laughing)",
      "annotations": {}
    },
    {
      "line": "I just laugh when i see people dreaming of old money",
      "annotations": {}
    },
    {
      "line": "To me it’s like whistling",
      "annotations": {}
    },
    {
      "line": "But i’m being inspired by so many people",
      "annotations": {}
    },
    {
      "line": "And my family has changed",
      "annotations": {}
    },
    {
      "line": "That isn’t bad",
      "annotations": {}
    },
    {
      "line": "",
      "annotations": {}
    },
    {
      "line": "[Verse 1]",
      "annotations": {
        "1": "Annotation for 1]",
        "Verse": "Annotation for [Verse"
      }
    },
    {
      "line": "Dancing with a mop",
      "annotations": {}
    },
    {
      "line": "That’s a romp you better stop",
      "annotations": {}
    },
    {
      "line": "When the beat comes up",
      "annotations": {}
    },
    {
      "line": "It’s a thud not a whump",
      "annotations": {}
    },
    {
      "line": "Switching shifts still i had the chassis loose",
      "annotations": {}
    },
    {
      "line": "Sleeping slips",
      "annotations": {}
    },
    {
      "line": "P ss slits",
      "annotations": {}
    },
    {
      "line": "It’s a missed hit",
      "annotations": {}
    },
    {
      "line": "Mating bagels, mind my microphone",
      "annotations": {}
    },
    {
      "line": "Loser pitch",
      "annotations": {}
    },
    {
      "line": "That’s my stitch",
      "annotations": {}
    },
    {
      "line": "Still plying with receipts",
      "annotations": {}
    },
    {
      "line": "Impatient that makes it stick",
      "annotations": {}
    },
    {
      "line": "Reek ditch",
      "annotations": {}
    },
    {
      "line": "Frith back",
      "annotations": {}
    },
    {
      "line": "Whist! whist!",
      "annotations": {}
    },
    {
      "line": "Frith back",
      "annotations": {}
    },
    {
      "line": "Wish! wish!",
      "annotations": {}
    },
    {
      "line": "Missing time so precedent",
      "annotations": {}
    },
    {
      "line": "Far gone how callous",
      "annotations": {}
    },
    {
      "line": "Me, myself, and i",
      "annotations": {}
    },
    {
      "line": "I say bye byе",
      "annotations": {}
    },
    {
      "line": "Piety that’s what’s time",
      "annotations": {}
    },
    {
      "line": "Falling in and out of memе",
      "annotations": {}
    },
    {
      "line": "It’s time to let it in",
      "annotations": {}
    },
    {
      "line": "Myriad of wants",
      "annotations": {}
    },
    {
      "line": "Bottle for sports",
      "annotations": {}
    },
    {
      "line": "Instinct, mental prison",
      "annotations": {}
    },
    {
      "line": "Period, see saw",
      "annotations": {}
    },
    {
      "line": "Looking like i got a girl from the seashore",
      "annotations": {}
    },
    {
      "line": "You should have seen what she saw",
      "annotations": {}
    },
    {
      "line": "Brows off that pasture",
      "annotations": {}
    },
    {
      "line": "Meshed in shark get the picture",
      "annotations": {}
    },
    {
      "line": "Dui, an assurance that i’m still myself",
      "annotations": {}
    },
    {
      "line": "Probity bucks like who’s ever worked that shelf",
      "annotations": {}
    },
    {
      "line": "Make it rain like april",
      "annotations": {}
    },
    {
      "line": "Mines in store like reek of ill",
      "annotations": {}
    },
    {
      "line": "Thoughts off foe like dream of this",
      "annotations": {}
    },
    {
      "line": "Still rocking with the boom bap",
      "annotations": {}
    },
    {
      "line": "Parity live and let live",
      "annotations": {}
    },
    {
      "line": "Sip till i f cking get to breathe",
      "annotations": {}
    },
    {
      "line": "Me on a jesus piece",
      "annotations": {}
    },
    {
      "line": "That’s a sleeve ease",
      "annotations": {}
    },
    {
      "line": "Till i hit the slit",
      "annotations": {}
    },
    {
      "line": "I’ma still hold every form remain lit",
      "annotations": {}
    }
  ]
}