{
  "lyrics": [
    {
      "line": "[Intro]",
      "annotations": {
        "Intro": "Annotation for [Intro]"
      }
    },
    {
      "line": "Yeah!",
      "annotations": {}
    },
    {
      "line": "Now",
      "annotations": {}
    },
    {
      "line": "(dog barking)",
      "annotations": {}
    },
    {
      "line": "Hmm",
      "annotations": {}
    },
    {
      "line": "",
      "annotations": {}
    },
    {
      "line": "[Chorus]",
      "annotations": {
        "Chorus": "Annotation for [Chorus]"
      }
    },
    {
      "line": "Say it’s the same",
      "annotations": {}
    },
    {
      "line": "But we loved in different ways",
      "annotations": {}
    },
    {
      "line": "Say it’s the same",
      "annotations": {}
    },
    {
      "line": "But we loved in different ways",
      "annotations": {}
    },
    {
      "line": "You make it rain",
      "annotations": {}
    },
    {
      "line": "Out the wall whoa whoa whoa",
      "annotations": {}
    },
    {
      "line": "You make it rain",
      "annotations": {}
    },
    {
      "line": "Outta control",
      "annotations": {}
    },
    {
      "line": "Leave it all low",
      "annotations": {}
    },
    {
      "line": "Leave it all in the past",
      "annotations": {}
    },
    {
      "line": "Leave it all laying girl",
      "annotations": {}
    },
    {
      "line": "Leave it all in the past",
      "annotations": {}
    },
    {
      "line": "",
      "annotations": {}
    },
    {
      "line": "[Verse 1]",
      "annotations": {
        "1": "Annotation for 1]",
        "Verse": "Annotation for [Verse"
      }
    },
    {
      "line": "A smear",
      "annotations": {}
    },
    {
      "line": "Hides in the past",
      "annotations": {}
    },
    {
      "line": "Seething there’s another way",
      "annotations": {}
    },
    {
      "line": "It’s another day",
      "annotations": {}
    },
    {
      "line": "Seething it’s another day",
      "annotations": {}
    },
    {
      "line": "It’s another page of disaster",
      "annotations": {}
    },
    {
      "line": "She came back with me after",
      "annotations": {}
    },
    {
      "line": "And i told her i got anothеr mrs",
      "annotations": {}
    },
    {
      "line": "Bathing all my wishes all red",
      "annotations": {}
    },
    {
      "line": "Ah!",
      "annotations": {}
    },
    {
      "line": "Well with hеr eff fame",
      "annotations": {}
    },
    {
      "line": "",
      "annotations": {}
    },
    {
      "line": "[Chorus]",
      "annotations": {
        "Chorus": "Annotation for [Chorus]"
      }
    },
    {
      "line": "Say it’s the same",
      "annotations": {}
    },
    {
      "line": "But we loved in different ways",
      "annotations": {}
    },
    {
      "line": "Say it’s the same",
      "annotations": {}
    },
    {
      "line": "But we loved in different ways",
      "annotations": {}
    },
    {
      "line": "You make it rain",
      "annotations": {}
    },
    {
      "line": "Out the wall whoa whoa whoa",
      "annotations": {}
    },
    {
      "line": "You make it rain",
      "annotations": {}
    },
    {
      "line": "Outta control",
      "annotations": {}
    },
    {
      "line": "Leave it all low",
      "annotations": {}
    },
    {
      "line": "Leave it all in the past",
      "annotations": {}
    },
    {
      "line": "Leave it all laying girl",
      "annotations": {}
    },
    {
      "line": "Leave it all in the past",
      "annotations": {}
    },
    {
      "line": "A smear",
      "annotations": {}
    },
    {
      "line": "Hides in the past",
      "annotations": {}
    }
  ]
}