{
  "lyrics": [
    {
      "line": "[Verse 1]",
      "annotations": {}
    },
    {
      "line": "I greased the windows of heaven’s walls",
      "annotations": {}
    },
    {
      "line": "So let all springs just shower free",
      "annotations": {}
    },
    {
      "line": "From our heart in where we act",
      "annotations": {}
    },
    {
      "line": "Seek perfection for the helpless path",
      "annotations": {}
    },
    {
      "line": "If that’s all we can give them",
      "annotations": {}
    },
    {
      "line": "It will only show how much we care",
      "annotations": {}
    },
    {
      "line": "From all around in our world",
      "annotations": {}
    },
    {
      "line": "",
      "annotations": {}
    },
    {
      "line": "[Verse 2]",
      "annotations": {}
    },
    {
      "line": "Make this love we have be still",
      "annotations": {}
    },
    {
      "line": "Tomorrow changes not",
      "annotations": {}
    },
    {
      "line": "Make this love we have remain",
      "annotations": {}
    },
    {
      "line": "From “west to west” for everyone",
      "annotations": {}
    },
    {
      "line": "",
      "annotations": {}
    },
    {
      "line": "[Verse 3]",
      "annotations": {}
    },
    {
      "line": "I greased the windows of heaven’s walls",
      "annotations": {}
    },
    {
      "line": "So let all springs just shower free",
      "annotations": {}
    },
    {
      "line": "From all around in our world",
      "annotations": {}
    },
    {
      "line": "Make this love we have be still, remain",
      "annotations": {}
    },
    {
      "line": "From “west to west” for everyone",
      "annotations": {}
    }
  ]
}