{
  "lyrics": [
    {
      "line": "[Intro]",
      "annotations": {}
    },
    {
      "line": "Oh! no! pole",
      "annotations": {}
    },
    {
      "line": "Pokémon, yellow cabs",
      "annotations": {}
    },
    {
      "line": "Zebra crossings",
      "annotations": {}
    },
    {
      "line": "I’m in the city",
      "annotations": {}
    },
    {
      "line": "Addy on, my anon",
      "annotations": {}
    },
    {
      "line": "Have a taste",
      "annotations": {}
    },
    {
      "line": "I say so, it’s your reason",
      "annotations": {}
    },
    {
      "line": "",
      "annotations": {}
    },
    {
      "line": "[Chorus]",
      "annotations": {}
    },
    {
      "line": "On a corny sieving",
      "annotations": {}
    },
    {
      "line": "I’m waving it’s my reason",
      "annotations": {}
    },
    {
      "line": "In sieving",
      "annotations": {}
    },
    {
      "line": "She knows that i’m not leaving",
      "annotations": {}
    },
    {
      "line": "Can’t she see",
      "annotations": {}
    },
    {
      "line": "That she’s still here",
      "annotations": {}
    },
    {
      "line": "She’s still having the share",
      "annotations": {}
    },
    {
      "line": "Can’t she see",
      "annotations": {}
    },
    {
      "line": "That she still makes me",
      "annotations": {}
    },
    {
      "line": "Wake up in the morning",
      "annotations": {}
    },
    {
      "line": "Looking for . .",
      "annotations": {}
    },
    {
      "line": "What if cell like",
      "annotations": {}
    },
    {
      "line": "",
      "annotations": {}
    },
    {
      "line": "[Verse 1]",
      "annotations": {}
    },
    {
      "line": "This isn’t it",
      "annotations": {}
    },
    {
      "line": "This is zany",
      "annotations": {}
    },
    {
      "line": "Woke up in here",
      "annotations": {}
    },
    {
      "line": "Duvet is on you",
      "annotations": {}
    },
    {
      "line": "Disses ain’t it",
      "annotations": {}
    },
    {
      "line": "This is the zenith",
      "annotations": {}
    },
    {
      "line": "What could it be",
      "annotations": {}
    },
    {
      "line": "If it isn’t you",
      "annotations": {}
    },
    {
      "line": "Pokémon, yellow cabs",
      "annotations": {}
    },
    {
      "line": "Selling us on a lamb",
      "annotations": {}
    },
    {
      "line": "I don’t really know",
      "annotations": {}
    },
    {
      "line": "If this whets",
      "annotations": {}
    },
    {
      "line": "Positive, you’re my queen",
      "annotations": {}
    },
    {
      "line": "I don’t really know",
      "annotations": {}
    },
    {
      "line": "If she’s press",
      "annotations": {}
    },
    {
      "line": "But she’s my green",
      "annotations": {}
    },
    {
      "line": "I don’t know whose pot",
      "annotations": {}
    },
    {
      "line": "But it’s enough raining",
      "annotations": {}
    },
    {
      "line": "It’s no feigning",
      "annotations": {}
    },
    {
      "line": "She’s my baby",
      "annotations": {}
    },
    {
      "line": "Today, come next",
      "annotations": {}
    },
    {
      "line": "It’s her run",
      "annotations": {}
    },
    {
      "line": "It’s her run",
      "annotations": {}
    },
    {
      "line": "It’s her run",
      "annotations": {}
    },
    {
      "line": "Soul run",
      "annotations": {}
    },
    {
      "line": "",
      "annotations": {}
    },
    {
      "line": "[Chorus]",
      "annotations": {}
    },
    {
      "line": "On a corny sieving",
      "annotations": {}
    },
    {
      "line": "I’m waving it’s my reason",
      "annotations": {}
    },
    {
      "line": "In sieving",
      "annotations": {}
    },
    {
      "line": "She knows that i’m not leaving",
      "annotations": {}
    },
    {
      "line": "Can’t she see",
      "annotations": {}
    },
    {
      "line": "That she’s still here",
      "annotations": {}
    },
    {
      "line": "She’s still having the share",
      "annotations": {}
    },
    {
      "line": "Can’t she see",
      "annotations": {}
    },
    {
      "line": "That she still makes me",
      "annotations": {}
    },
    {
      "line": "Wake up in the morning",
      "annotations": {}
    },
    {
      "line": "Looking for . .",
      "annotations": {}
    },
    {
      "line": "What if cell like",
      "annotations": {}
    },
    {
      "line": "",
      "annotations": {}
    },
    {
      "line": "[Verse 2]",
      "annotations": {}
    },
    {
      "line": "Halo holding",
      "annotations": {}
    },
    {
      "line": "Oh what now?",
      "annotations": {}
    },
    {
      "line": "Pillow holding",
      "annotations": {}
    },
    {
      "line": "All day hurting",
      "annotations": {}
    },
    {
      "line": "Every quarters hurting in the mind",
      "annotations": {}
    },
    {
      "line": "You had to get your ass singing guileless like",
      "annotations": {}
    },
    {
      "line": "How you never see a man",
      "annotations": {}
    }
  ]
}