{
  "lyrics": [
    {
      "line": "[Intro]",
      "annotations": {
        "Intro": "Annotation for [Intro]"
      }
    },
    {
      "line": "Hey",
      "annotations": {}
    },
    {
      "line": "Am i real?",
      "annotations": {}
    },
    {
      "line": "Tell me am i real?",
      "annotations": {}
    },
    {
      "line": "Is it real?",
      "annotations": {}
    },
    {
      "line": "Eh!",
      "annotations": {}
    },
    {
      "line": "",
      "annotations": {}
    },
    {
      "line": "[Verse 1]",
      "annotations": {
        "1": "Annotation for 1]",
        "Verse": "Annotation for [Verse"
      }
    },
    {
      "line": "Am i real?",
      "annotations": {}
    },
    {
      "line": "Please tell me really am i real?",
      "annotations": {}
    },
    {
      "line": "Can someone tell me . .",
      "annotations": {}
    },
    {
      "line": "Am i real?",
      "annotations": {}
    },
    {
      "line": "Yeah",
      "annotations": {}
    },
    {
      "line": "Eh!",
      "annotations": {}
    },
    {
      "line": "All these pain i feel inside my heart",
      "annotations": {}
    },
    {
      "line": "Got me f cking questioning",
      "annotations": {}
    },
    {
      "line": "How it really feels",
      "annotations": {}
    },
    {
      "line": "What is real?",
      "annotations": {}
    },
    {
      "line": "I say",
      "annotations": {}
    },
    {
      "line": "All these pain in my heart",
      "annotations": {}
    },
    {
      "line": "Got me questioning",
      "annotations": {}
    },
    {
      "line": "What is real?",
      "annotations": {}
    },
    {
      "line": "Am i real?",
      "annotations": {}
    },
    {
      "line": "Are you real?",
      "annotations": {}
    },
    {
      "line": "Eh!",
      "annotations": {}
    },
    {
      "line": "I was faded on the gasoline",
      "annotations": {}
    },
    {
      "line": "Working on the miles on miles on miles on miles",
      "annotations": {}
    },
    {
      "line": "Have been down this road before",
      "annotations": {}
    },
    {
      "line": "Oh oh oh",
      "annotations": {}
    },
    {
      "line": "Tell me am i real?",
      "annotations": {}
    },
    {
      "line": "Cos i don’t feel like they know more",
      "annotations": {}
    },
    {
      "line": "My heart won’t beat, won’t feel nothing no more",
      "annotations": {}
    },
    {
      "line": "So tell me, tell me am i real?",
      "annotations": {}
    },
    {
      "line": "Love hurts",
      "annotations": {}
    },
    {
      "line": "Huddling my ducks and tossing",
      "annotations": {}
    },
    {
      "line": "All these arrows",
      "annotations": {}
    },
    {
      "line": "We’ve got love before",
      "annotations": {}
    },
    {
      "line": "Love and ashes",
      "annotations": {}
    },
    {
      "line": "Gas and passes",
      "annotations": {}
    },
    {
      "line": "I’ve been tryna get myself right",
      "annotations": {}
    },
    {
      "line": "Faded, faded and i lose focus",
      "annotations": {}
    },
    {
      "line": "I’m focused, focused and i lose",
      "annotations": {}
    },
    {
      "line": "What’s really matters",
      "annotations": {}
    },
    {
      "line": "Girl would you take my mind off it",
      "annotations": {}
    },
    {
      "line": "So, can somebody tell me am i real?",
      "annotations": {}
    },
    {
      "line": "Can you please tell me am i real?",
      "annotations": {}
    },
    {
      "line": "Tell me what is real",
      "annotations": {}
    },
    {
      "line": "Can you tell me what is real?",
      "annotations": {}
    },
    {
      "line": "Cos my heart won’t feel no more",
      "annotations": {}
    },
    {
      "line": "And i gotta savour this to the end of the week so",
      "annotations": {}
    },
    {
      "line": "Can you tell me . .",
      "annotations": {}
    },
    {
      "line": "What is real?",
      "annotations": {}
    },
    {
      "line": "Down this road before",
      "annotations": {}
    },
    {
      "line": "I say, we’ve all been down this road before",
      "annotations": {}
    },
    {
      "line": "Down this road",
      "annotations": {}
    },
    {
      "line": "We’ve all been down this road before",
      "annotations": {}
    },
    {
      "line": "I could have sold myself to your feelings",
      "annotations": {}
    },
    {
      "line": "Filled me last night",
      "annotations": {}
    },
    {
      "line": "I say i’ve been down this road before",
      "annotations": {}
    },
    {
      "line": "I’ve been down this road before",
      "annotations": {}
    },
    {
      "line": "So, tell me what is real",
      "annotations": {}
    },
    {
      "line": "Cos my life don’t matter",
      "annotations": {}
    },
    {
      "line": "And you wanna see me really suffer",
      "annotations": {}
    },
    {
      "line": "I gotta do it before i lose my mind",
      "annotations": {}
    },
    {
      "line": "So tell me is it really love that set you free?",
      "annotations": {}
    },
    {
      "line": "Cos it evolve to this money spree",
      "annotations": {}
    },
    {
      "line": "Spend it just to feel what you really relay but you f cking let go",
      "annotations": {}
    },
    {
      "line": "So tell me am i real?",
      "annotations": {}
    },
    {
      "line": "Can you tell me what is f cking real?",
      "annotations": {}
    },
    {
      "line": "Prodding am i real?",
      "annotations": {}
    },
    {
      "line": "Can you tell me what is f cking real?",
      "annotations": {}
    },
    {
      "line": "Cos could have sworn that i’ve been down this road before",
      "annotations": {}
    },
    {
      "line": "So tell me am i real?",
      "annotations": {}
    },
    {
      "line": "Can you tell me are we f cking real?",
      "annotations": {}
    },
    {
      "line": "Real in here",
      "annotations": {}
    },
    {
      "line": "Yeah",
      "annotations": {}
    },
    {
      "line": "Real sh t!",
      "annotations": {}
    }
  ]
}