{
  "lyrics": [
    {
      "line": "[Intro]",
      "annotations": {}
    },
    {
      "line": "Yeah",
      "annotations": {}
    },
    {
      "line": "Hmm, whoa",
      "annotations": {}
    },
    {
      "line": "Sometimes it feels so sad",
      "annotations": {}
    },
    {
      "line": "I ‘on’t know how i am feeling",
      "annotations": {}
    },
    {
      "line": "I’m feeling the higher no healing",
      "annotations": {}
    },
    {
      "line": "I ‘on’t know how i am feeling",
      "annotations": {}
    },
    {
      "line": "It feels lion lying on the ceiling",
      "annotations": {}
    },
    {
      "line": "",
      "annotations": {}
    },
    {
      "line": "[Verse 1]",
      "annotations": {}
    },
    {
      "line": "Prattle pearls",
      "annotations": {}
    },
    {
      "line": "I thought i’d be used to this now",
      "annotations": {}
    },
    {
      "line": "I thought i . . .",
      "annotations": {}
    },
    {
      "line": "Hmm",
      "annotations": {}
    },
    {
      "line": "My mind is not right",
      "annotations": {}
    },
    {
      "line": "My mind’s not right",
      "annotations": {}
    },
    {
      "line": "I thought i had it all",
      "annotations": {}
    },
    {
      "line": "Now it feels like i can’t get it all like",
      "annotations": {}
    },
    {
      "line": "Back to the past",
      "annotations": {}
    },
    {
      "line": "Thought that i had a girl",
      "annotations": {}
    },
    {
      "line": "She spoke to me now and it feels like am",
      "annotations": {}
    },
    {
      "line": "Going round and picking crumbs",
      "annotations": {}
    },
    {
      "line": "And lighting drums",
      "annotations": {}
    },
    {
      "line": "Trying to sing her: they will all lie",
      "annotations": {}
    },
    {
      "line": "That’s her f cking tick",
      "annotations": {}
    },
    {
      "line": "Put my self in a f cking kite",
      "annotations": {}
    },
    {
      "line": "Now it feels that i’ma burn it all wired",
      "annotations": {}
    },
    {
      "line": "N ggers never had it all",
      "annotations": {}
    },
    {
      "line": "So i’m on fire",
      "annotations": {}
    },
    {
      "line": "I never put it down",
      "annotations": {}
    },
    {
      "line": "So i go higher",
      "annotations": {}
    },
    {
      "line": "Higher, in my own f cking mind",
      "annotations": {}
    },
    {
      "line": "Now i’m putting this sh t",
      "annotations": {}
    },
    {
      "line": "Lasso sort the bout",
      "annotations": {}
    },
    {
      "line": "Had a f cking girl she was so d mn rogue",
      "annotations": {}
    },
    {
      "line": "Had to put her back where i f cking took my clothes",
      "annotations": {}
    },
    {
      "line": "In the f cking closet",
      "annotations": {}
    },
    {
      "line": "Better get used to it",
      "annotations": {}
    },
    {
      "line": "I ‘on’t give a f ck about n0body",
      "annotations": {}
    },
    {
      "line": "It is you in",
      "annotations": {}
    },
    {
      "line": "I’m now f ck . . . n gga you’re scr w ng",
      "annotations": {}
    },
    {
      "line": "Meh . . . sh t!",
      "annotations": {}
    },
    {
      "line": "All right",
      "annotations": {}
    },
    {
      "line": "Yeah, i am back",
      "annotations": {}
    },
    {
      "line": "And this n ggers better get it right",
      "annotations": {}
    },
    {
      "line": "I won’t ever f ck with the f cking wise",
      "annotations": {}
    },
    {
      "line": "I’m on that f cking",
      "annotations": {}
    },
    {
      "line": "You are a lie",
      "annotations": {}
    },
    {
      "line": "N gga had to put that sh t in my own",
      "annotations": {}
    },
    {
      "line": "My own, my omen",
      "annotations": {}
    },
    {
      "line": "Meds",
      "annotations": {}
    },
    {
      "line": "Bro! my own f cking meds",
      "annotations": {}
    },
    {
      "line": "Now i’m doing all right",
      "annotations": {}
    },
    {
      "line": "That’s the f cking best vibe",
      "annotations": {}
    },
    {
      "line": "I’ll ever get",
      "annotations": {}
    },
    {
      "line": "That’s what they said",
      "annotations": {}
    },
    {
      "line": "Now i’m better with this sh t",
      "annotations": {}
    },
    {
      "line": "That’s what is next",
      "annotations": {}
    },
    {
      "line": "I am",
      "annotations": {}
    },
    {
      "line": "I should go on this sh t one more time",
      "annotations": {}
    },
    {
      "line": "How do you feel about that?",
      "annotations": {}
    },
    {
      "line": "Let’s go",
      "annotations": {}
    },
    {
      "line": "Come on",
      "annotations": {}
    },
    {
      "line": "",
      "annotations": {}
    },
    {
      "line": "[Chorus]",
      "annotations": {}
    },
    {
      "line": "I got a harpoon",
      "annotations": {}
    },
    {
      "line": "I might shoot at you",
      "annotations": {}
    },
    {
      "line": "I got a harpoon",
      "annotations": {}
    },
    {
      "line": "I might shoot at you",
      "annotations": {}
    },
    {
      "line": "Cos i’m in love with you",
      "annotations": {}
    },
    {
      "line": "Love with you",
      "annotations": {}
    },
    {
      "line": "Wanna sing it out to you",
      "annotations": {}
    },
    {
      "line": "Gotta know it’s true",
      "annotations": {}
    },
    {
      "line": "True, true",
      "annotations": {}
    },
    {
      "line": "I swear this is just the intro",
      "annotations": {}
    },
    {
      "line": "I ain’t even started yet",
      "annotations": {}
    },
    {
      "line": "Wanna say i f cking love you",
      "annotations": {}
    },
    {
      "line": "Better know ’cause",
      "annotations": {}
    },
    {
      "line": "I might, might",
      "annotations": {}
    },
    {
      "line": "Might shoot at you",
      "annotations": {}
    },
    {
      "line": "Ah!",
      "annotations": {}
    },
    {
      "line": "It’s just the intro",
      "annotations": {}
    },
    {
      "line": "Yeah i am cooking it up",
      "annotations": {}
    },
    {
      "line": "In my own d mn lab",
      "annotations": {}
    }
  ]
}