{
  "lyrics": [
    {
      "line": "[Verse 1]",
      "annotations": {}
    },
    {
      "line": "Ice",
      "annotations": {}
    },
    {
      "line": "She asks what’s the price",
      "annotations": {}
    },
    {
      "line": "She asks what’s the price",
      "annotations": {}
    },
    {
      "line": "She always asks what’s the price",
      "annotations": {}
    },
    {
      "line": "Za!",
      "annotations": {}
    },
    {
      "line": "I told her baby keep quiet",
      "annotations": {}
    },
    {
      "line": "I could tell lil mama dance",
      "annotations": {}
    },
    {
      "line": "I could tell lil mama how to ball",
      "annotations": {}
    },
    {
      "line": "I told lil mama i’ll call the plug",
      "annotations": {}
    },
    {
      "line": "Told her i call the shots around here",
      "annotations": {}
    },
    {
      "line": "Baby i’m the man",
      "annotations": {}
    },
    {
      "line": "Maybe you should know i am the man",
      "annotations": {}
    },
    {
      "line": "Yeah, i’ll call the plug when it’s time",
      "annotations": {}
    },
    {
      "line": "Baby i’ll call the plug, plug, plug",
      "annotations": {}
    },
    {
      "line": "I’m the man",
      "annotations": {}
    },
    {
      "line": "It’s all on god",
      "annotations": {}
    },
    {
      "line": "Baby don’t you worry, we’ll be fine",
      "annotations": {}
    },
    {
      "line": "We gonna take it all to the dance",
      "annotations": {}
    },
    {
      "line": "Dance",
      "annotations": {}
    },
    {
      "line": "Yoga, yoga",
      "annotations": {}
    },
    {
      "line": "Baby tell me waddup",
      "annotations": {}
    },
    {
      "line": "I’m gonna get your breast sucked",
      "annotations": {}
    },
    {
      "line": "You gonna bе alright",
      "annotations": {}
    },
    {
      "line": "Hey . . . ice",
      "annotations": {}
    },
    {
      "line": "Baby yes was thе price",
      "annotations": {}
    },
    {
      "line": "Ice, ice, ice",
      "annotations": {}
    },
    {
      "line": "She always wanna know what’s the price, price",
      "annotations": {}
    },
    {
      "line": "Lil mummy has, she has a price, price",
      "annotations": {}
    },
    {
      "line": "So many tears in my head",
      "annotations": {}
    },
    {
      "line": "This f cking sh t is gonna f cking k!ll my vibe",
      "annotations": {}
    },
    {
      "line": "Oh",
      "annotations": {}
    },
    {
      "line": "No, i can’t f cking k!ll my vibe",
      "annotations": {}
    },
    {
      "line": "All you lil boys are f cking dumb",
      "annotations": {}
    },
    {
      "line": "And your lil mama are gonna perish on them all",
      "annotations": {}
    },
    {
      "line": "What’s the price?",
      "annotations": {}
    }
  ]
}