{
  "lyrics": [
    {
      "line": "[Intro]",
      "annotations": {
        "Intro": "Annotation for [Intro]"
      }
    },
    {
      "line": "Woah!",
      "annotations": {}
    },
    {
      "line": "Never seen an ass like that",
      "annotations": {}
    },
    {
      "line": "Girl rehe rs  like that",
      "annotations": {}
    },
    {
      "line": "Never seen a good girl with a phat ass",
      "annotations": {}
    },
    {
      "line": "The way you move it",
      "annotations": {}
    },
    {
      "line": "Girl, you gotta be mine",
      "annotations": {}
    },
    {
      "line": "What you holding on",
      "annotations": {}
    },
    {
      "line": "Girl you gotta be mine",
      "annotations": {}
    },
    {
      "line": "",
      "annotations": {}
    },
    {
      "line": "[Chorus]",
      "annotations": {
        "Chorus": "Annotation for [Chorus]"
      }
    },
    {
      "line": "There is no scene in the reel",
      "annotations": {}
    },
    {
      "line": "That ass don’t end with me tonight",
      "annotations": {}
    },
    {
      "line": "Chiefly cos i don’t see a way to end me here",
      "annotations": {}
    },
    {
      "line": "There is no pretty face that’s still evincing me tonight",
      "annotations": {}
    },
    {
      "line": "That ass got me",
      "annotations": {}
    },
    {
      "line": "That ass got me",
      "annotations": {}
    },
    {
      "line": "Woah",
      "annotations": {}
    },
    {
      "line": "That ass got me",
      "annotations": {}
    },
    {
      "line": "Woah",
      "annotations": {}
    },
    {
      "line": "",
      "annotations": {}
    },
    {
      "line": "[Verse 1]",
      "annotations": {
        "1": "Annotation for 1]",
        "Verse": "Annotation for [Verse"
      }
    },
    {
      "line": "Bad, i’ve been bad but i’ve never been this bad",
      "annotations": {}
    },
    {
      "line": "Woah",
      "annotations": {}
    },
    {
      "line": "Loving every part in my class like",
      "annotations": {}
    },
    {
      "line": "I’ve got no time for these packs yeah",
      "annotations": {}
    },
    {
      "line": "I’ma fake my sh t like",
      "annotations": {}
    },
    {
      "line": "Is it not a ghetto",
      "annotations": {}
    },
    {
      "line": "Is not a bet up",
      "annotations": {}
    },
    {
      "line": "I’m in a  rs nal",
      "annotations": {}
    },
    {
      "line": "With my partner",
      "annotations": {}
    },
    {
      "line": "And she’s got more ammo",
      "annotations": {}
    },
    {
      "line": "Than anyone who comes with the bag boss",
      "annotations": {}
    },
    {
      "line": "I’m looking like i’ve got no where bad buns",
      "annotations": {}
    },
    {
      "line": "Everywhere i go, it’s a mean knee in",
      "annotations": {}
    },
    {
      "line": "I’m coming with woah, lo!",
      "annotations": {}
    },
    {
      "line": "",
      "annotations": {}
    },
    {
      "line": "[Verse 2]",
      "annotations": {
        "2": "Annotation for 2]",
        "Verse": "Annotation for [Verse"
      }
    },
    {
      "line": "(lover in comparison to a hoe)",
      "annotations": {}
    },
    {
      "line": "Thicko down, cos we came for a blow",
      "annotations": {}
    },
    {
      "line": "It’s in your eyes",
      "annotations": {}
    },
    {
      "line": "Where the d mn goods at?",
      "annotations": {}
    },
    {
      "line": "She got my back?",
      "annotations": {}
    },
    {
      "line": "No, she got her back with the back in",
      "annotations": {}
    },
    {
      "line": "Backed up, back up to that girl",
      "annotations": {}
    },
    {
      "line": "Feeling like it’s never gonna be given unless the near bar done",
      "annotations": {}
    },
    {
      "line": "Urn",
      "annotations": {}
    },
    {
      "line": "Pray to god to send me a pretty woah",
      "annotations": {}
    },
    {
      "line": "Pray to god to send me the best in her heaven call",
      "annotations": {}
    },
    {
      "line": "",
      "annotations": {}
    },
    {
      "line": "[Verse 3]",
      "annotations": {
        "3": "Annotation for 3]",
        "Verse": "Annotation for [Verse"
      }
    },
    {
      "line": "I bet that ass will be good with my money",
      "annotations": {}
    },
    {
      "line": "Eh!",
      "annotations": {}
    },
    {
      "line": "These days i’ll be acting like i don’t go for no buns are duds",
      "annotations": {}
    },
    {
      "line": "Eh!",
      "annotations": {}
    },
    {
      "line": "D mn, i say abundance",
      "annotations": {}
    },
    {
      "line": "I tick in her grandness",
      "annotations": {}
    },
    {
      "line": "I’m winning her ground, i’m fisting",
      "annotations": {}
    },
    {
      "line": "And i’m tickled before i kiss it",
      "annotations": {}
    },
    {
      "line": "I don’t leg it, i’m with a cleat with it",
      "annotations": {}
    },
    {
      "line": "I’m seating harm",
      "annotations": {}
    },
    {
      "line": "With this",
      "annotations": {}
    },
    {
      "line": "Is it in now",
      "annotations": {}
    },
    {
      "line": "I don’t see a way this is zing gun",
      "annotations": {}
    },
    {
      "line": "I don’t see a way this is my lover",
      "annotations": {}
    },
    {
      "line": "I don’t see a way this is not our log in",
      "annotations": {}
    },
    {
      "line": "",
      "annotations": {}
    },
    {
      "line": "[Outro]",
      "annotations": {
        "Outro": "Annotation for [Outro]"
      }
    },
    {
      "line": "That pretty ass is coming with me tonight",
      "annotations": {}
    },
    {
      "line": "Fresh boy chilling",
      "annotations": {}
    }
  ]
}