{
  "lyrics": [
    {
      "line": "[Intro]",
      "annotations": {
        "Intro": "Annotation for [Intro]"
      }
    },
    {
      "line": "Fresh boy chilling",
      "annotations": {}
    },
    {
      "line": "You are something special",
      "annotations": {}
    },
    {
      "line": "Find it in my mind",
      "annotations": {}
    },
    {
      "line": "When i’m on here",
      "annotations": {}
    },
    {
      "line": "You’re heaven than ever",
      "annotations": {}
    },
    {
      "line": "Over that, i’ll bitch, i could",
      "annotations": {}
    },
    {
      "line": "Could wonder",
      "annotations": {}
    },
    {
      "line": "",
      "annotations": {}
    },
    {
      "line": "[Verse 1]",
      "annotations": {
        "1": "Annotation for 1]",
        "Verse": "Annotation for [Verse"
      }
    },
    {
      "line": "Nothing changes",
      "annotations": {}
    },
    {
      "line": "We could be two birds flying",
      "annotations": {}
    },
    {
      "line": "Alone",
      "annotations": {}
    },
    {
      "line": "Nothing changes",
      "annotations": {}
    },
    {
      "line": "We could be lovers forever",
      "annotations": {}
    },
    {
      "line": "Tell me when he’ll never resent you",
      "annotations": {}
    },
    {
      "line": "I vary here",
      "annotations": {}
    },
    {
      "line": "",
      "annotations": {}
    },
    {
      "line": "[Bridge]",
      "annotations": {
        "Bridge": "Annotation for [Bridge]"
      }
    },
    {
      "line": "Tender heart is here with me",
      "annotations": {}
    },
    {
      "line": "No matter how far from the way hе …",
      "annotations": {}
    },
    {
      "line": "Love keeps hold of this cold out here",
      "annotations": {}
    },
    {
      "line": "",
      "annotations": {}
    },
    {
      "line": "[Verse 2]",
      "annotations": {
        "2": "Annotation for 2]",
        "Verse": "Annotation for [Verse"
      }
    },
    {
      "line": "You makе me whole again",
      "annotations": {}
    },
    {
      "line": "Don’t pay mind to how it feels at times",
      "annotations": {}
    },
    {
      "line": "You make me whole again",
      "annotations": {}
    },
    {
      "line": "Don’t pay mind to how it feels at times",
      "annotations": {}
    },
    {
      "line": "",
      "annotations": {}
    },
    {
      "line": "[Bridge 2]",
      "annotations": {
        "2": "Annotation for 2]",
        "Bridge": "Annotation for [Bridge"
      }
    },
    {
      "line": "Love comes knocking on your door again",
      "annotations": {}
    },
    {
      "line": "And it says, i’m here with frith",
      "annotations": {}
    },
    {
      "line": "Love comes knocking again",
      "annotations": {}
    },
    {
      "line": "And it says don’t you wait",
      "annotations": {}
    },
    {
      "line": "Let me in lover",
      "annotations": {}
    },
    {
      "line": "",
      "annotations": {}
    },
    {
      "line": "[Verse 3]",
      "annotations": {
        "3": "Annotation for 3]",
        "Verse": "Annotation for [Verse"
      }
    },
    {
      "line": "When this goes away",
      "annotations": {}
    },
    {
      "line": "Don’t you keep the calendar out",
      "annotations": {}
    },
    {
      "line": "Cos we gotta meet for our tryst",
      "annotations": {}
    },
    {
      "line": "When this flows like nothing can take it out",
      "annotations": {}
    },
    {
      "line": "Tell me that you’ll be yahoo",
      "annotations": {}
    },
    {
      "line": "",
      "annotations": {}
    },
    {
      "line": "[Bridge 3]",
      "annotations": {
        "3": "Annotation for 3]",
        "Bridge": "Annotation for [Bridge"
      }
    },
    {
      "line": "Nothing changes",
      "annotations": {}
    },
    {
      "line": "We could be two birds flying",
      "annotations": {}
    },
    {
      "line": "Nothing changes",
      "annotations": {}
    },
    {
      "line": "We could be lovers forever",
      "annotations": {}
    },
    {
      "line": "",
      "annotations": {}
    },
    {
      "line": "[Outro]",
      "annotations": {
        "Outro": "Annotation for [Outro]"
      }
    },
    {
      "line": "Love comes knocking again",
      "annotations": {}
    },
    {
      "line": "And it says don’t you wait",
      "annotations": {}
    },
    {
      "line": "Let me in lover",
      "annotations": {}
    },
    {
      "line": "When this goes away",
      "annotations": {}
    },
    {
      "line": "Don’t you keep the calendar out",
      "annotations": {}
    },
    {
      "line": "Cos we gotta meet for our tryst",
      "annotations": {}
    },
    {
      "line": "When this flows like nothing can take it out",
      "annotations": {}
    },
    {
      "line": "Tell me that you’ll be yahoo",
      "annotations": {}
    },
    {
      "line": "Ooh",
      "annotations": {}
    },
    {
      "line": "Tell me that you’ll be yahoo",
      "annotations": {}
    }
  ]
}