{
  "lyrics": [
    {
      "line": "[Intro]",
      "annotations": {
        "Intro": "Annotation for [Intro]"
      }
    },
    {
      "line": "Hmm, i’m proceeding",
      "annotations": {}
    },
    {
      "line": "I get really pensive with my thoughts",
      "annotations": {}
    },
    {
      "line": "When i want to talk to you",
      "annotations": {}
    },
    {
      "line": "But it’s fine",
      "annotations": {}
    },
    {
      "line": "This is a birthday take",
      "annotations": {}
    },
    {
      "line": "It is to . . . just ah",
      "annotations": {}
    },
    {
      "line": "Warm you to the new beginning",
      "annotations": {}
    },
    {
      "line": "",
      "annotations": {}
    },
    {
      "line": "[Bridge]",
      "annotations": {
        "Bridge": "Annotation for [Bridge]"
      }
    },
    {
      "line": "Angler without a buck",
      "annotations": {}
    },
    {
      "line": "That’s me on hanging on to luck",
      "annotations": {}
    },
    {
      "line": "Pulling on a lead",
      "annotations": {}
    },
    {
      "line": "That’s it, enough with the risk",
      "annotations": {}
    },
    {
      "line": "Lame to the bee",
      "annotations": {}
    },
    {
      "line": "Can i have you no passing to him",
      "annotations": {}
    },
    {
      "line": "A nose cheetah",
      "annotations": {}
    },
    {
      "line": "Whose cheating",
      "annotations": {}
    },
    {
      "line": "It’s no sh tting",
      "annotations": {}
    },
    {
      "line": "I’m on it",
      "annotations": {}
    },
    {
      "line": "Her mileage on",
      "annotations": {}
    },
    {
      "line": "Bet i have her for the bonk",
      "annotations": {}
    },
    {
      "line": "When she has a writ",
      "annotations": {}
    },
    {
      "line": "Tell her it’s about marking off the beat",
      "annotations": {}
    },
    {
      "line": "My hearts on gild",
      "annotations": {}
    },
    {
      "line": "Making it quick to a page of poses",
      "annotations": {}
    },
    {
      "line": "Off with my moaning",
      "annotations": {}
    },
    {
      "line": "I’m closing in",
      "annotations": {}
    },
    {
      "line": "It’s hawking",
      "annotations": {}
    },
    {
      "line": "",
      "annotations": {}
    },
    {
      "line": "[Chorus]",
      "annotations": {
        "Chorus": "Annotation for [Chorus]"
      }
    },
    {
      "line": "Tell this off then",
      "annotations": {}
    },
    {
      "line": "To tell this often",
      "annotations": {}
    },
    {
      "line": "Can you tell this off thеn",
      "annotations": {}
    },
    {
      "line": "My love i’m yearning",
      "annotations": {}
    },
    {
      "line": "Will you tell this off thеn",
      "annotations": {}
    },
    {
      "line": "When you tell this often",
      "annotations": {}
    },
    {
      "line": "Can you tell this off then",
      "annotations": {}
    },
    {
      "line": "My love in a moment in the vain",
      "annotations": {}
    },
    {
      "line": "",
      "annotations": {}
    },
    {
      "line": "[Verse 1]",
      "annotations": {
        "1": "Annotation for 1]",
        "Verse": "Annotation for [Verse"
      }
    },
    {
      "line": "Then they tape it off",
      "annotations": {}
    },
    {
      "line": "We mark it up with our wins",
      "annotations": {}
    },
    {
      "line": "A crime scene",
      "annotations": {}
    },
    {
      "line": "He ascended to an early boggle win",
      "annotations": {}
    },
    {
      "line": "In her shoes",
      "annotations": {}
    },
    {
      "line": "He f cked her",
      "annotations": {}
    },
    {
      "line": "And they never had a cause to wrestle",
      "annotations": {}
    },
    {
      "line": "They had it",
      "annotations": {}
    },
    {
      "line": "The tattoos, the cars too",
      "annotations": {}
    },
    {
      "line": "Made an early brag too",
      "annotations": {}
    },
    {
      "line": "My d stroking",
      "annotations": {}
    },
    {
      "line": "If you were here",
      "annotations": {}
    },
    {
      "line": "It’d be re plugging",
      "annotations": {}
    },
    {
      "line": "It’s my mind talking",
      "annotations": {}
    },
    {
      "line": "If you were here",
      "annotations": {}
    },
    {
      "line": "That’d be your lips talking",
      "annotations": {}
    },
    {
      "line": "",
      "annotations": {}
    },
    {
      "line": "[Bridge]",
      "annotations": {
        "Bridge": "Annotation for [Bridge]"
      }
    },
    {
      "line": "Angler without a buck",
      "annotations": {}
    },
    {
      "line": "That’s me on hanging on to luck",
      "annotations": {}
    },
    {
      "line": "Pulling on a lead",
      "annotations": {}
    },
    {
      "line": "That’s it, enough with the risk",
      "annotations": {}
    },
    {
      "line": "Lame to the bee",
      "annotations": {}
    },
    {
      "line": "Can i have you no passing to him",
      "annotations": {}
    },
    {
      "line": "A nose cheetah",
      "annotations": {}
    },
    {
      "line": "Whose cheating",
      "annotations": {}
    },
    {
      "line": "It’s no sh tting",
      "annotations": {}
    },
    {
      "line": "I’m on it",
      "annotations": {}
    },
    {
      "line": "Her mileage on",
      "annotations": {}
    },
    {
      "line": "Bet i have her for the bonk",
      "annotations": {}
    },
    {
      "line": "When she has a writ",
      "annotations": {}
    },
    {
      "line": "Tell her it’s about marking off the beat",
      "annotations": {}
    },
    {
      "line": "My hearts on gild",
      "annotations": {}
    },
    {
      "line": "Making it quick to a page of poses",
      "annotations": {}
    },
    {
      "line": "Off with my moaning",
      "annotations": {}
    },
    {
      "line": "I’m closing in",
      "annotations": {}
    },
    {
      "line": "It’s hawking",
      "annotations": {}
    },
    {
      "line": "",
      "annotations": {}
    },
    {
      "line": "[Chorus]",
      "annotations": {
        "Chorus": "Annotation for [Chorus]"
      }
    },
    {
      "line": "Tell this off then",
      "annotations": {}
    },
    {
      "line": "To tell this often",
      "annotations": {}
    },
    {
      "line": "Can you tell this off then",
      "annotations": {}
    },
    {
      "line": "My love i’m yearning",
      "annotations": {}
    },
    {
      "line": "Will you tell this off then",
      "annotations": {}
    },
    {
      "line": "When you tell this often",
      "annotations": {}
    },
    {
      "line": "Can you tell this off then",
      "annotations": {}
    },
    {
      "line": "My love in a moment in the vain",
      "annotations": {}
    }
  ]
}