{
  "lyrics": [
    {
      "line": "[Intro]",
      "annotations": {
        "Intro": "Annotation for [Intro]"
      }
    },
    {
      "line": "It comes down",
      "annotations": {}
    },
    {
      "line": "It comes down",
      "annotations": {}
    },
    {
      "line": "Plane",
      "annotations": {}
    },
    {
      "line": "Crashing down",
      "annotations": {}
    },
    {
      "line": "My bones",
      "annotations": {}
    },
    {
      "line": "Not crushing now",
      "annotations": {}
    },
    {
      "line": "",
      "annotations": {}
    },
    {
      "line": "[Verse 1]",
      "annotations": {
        "1": "Annotation for 1]",
        "Verse": "Annotation for [Verse"
      }
    },
    {
      "line": "It’s the weaker",
      "annotations": {}
    },
    {
      "line": "Trailing with bun",
      "annotations": {}
    },
    {
      "line": "Oh my past",
      "annotations": {}
    },
    {
      "line": "Don’t let me down now",
      "annotations": {}
    },
    {
      "line": "It’s a knit",
      "annotations": {}
    },
    {
      "line": "It’s a beat",
      "annotations": {}
    },
    {
      "line": "I just chill",
      "annotations": {}
    },
    {
      "line": "I do it for my alarm",
      "annotations": {}
    },
    {
      "line": "I’m not carrying this you know",
      "annotations": {}
    },
    {
      "line": "I can riffle it out",
      "annotations": {}
    },
    {
      "line": "My name is a nave you know",
      "annotations": {}
    },
    {
      "line": "My love still a let in now",
      "annotations": {}
    },
    {
      "line": "My tongue is ready now",
      "annotations": {}
    },
    {
      "line": "To her love it is written now",
      "annotations": {}
    },
    {
      "line": "I’m coming with this sh t low",
      "annotations": {}
    },
    {
      "line": "Let me down for a show",
      "annotations": {}
    },
    {
      "line": "My friends book if you live around",
      "annotations": {}
    },
    {
      "line": "It is my name on the d mn beat",
      "annotations": {}
    },
    {
      "line": "I could throw her away",
      "annotations": {}
    },
    {
      "line": "He’s terrible; a stalker",
      "annotations": {}
    },
    {
      "line": "Never on the same",
      "annotations": {}
    },
    {
      "line": "List . . . always bidding",
      "annotations": {}
    },
    {
      "line": "And she ever knows that i am on",
      "annotations": {}
    },
    {
      "line": "I’m writing a book",
      "annotations": {}
    },
    {
      "line": "Over you i’m yodelling",
      "annotations": {}
    },
    {
      "line": "I got her, i got еverything",
      "annotations": {}
    },
    {
      "line": "Say nothing",
      "annotations": {}
    },
    {
      "line": "I want my mind stuck",
      "annotations": {}
    },
    {
      "line": "Ill mace in this beat",
      "annotations": {}
    },
    {
      "line": "Alissa i got no kеttle factory sh t",
      "annotations": {}
    },
    {
      "line": "I’m wrought for this beat",
      "annotations": {}
    },
    {
      "line": "And they know he’s not ending that",
      "annotations": {}
    },
    {
      "line": "It is coming up",
      "annotations": {}
    },
    {
      "line": "The test is not a tonnage",
      "annotations": {}
    },
    {
      "line": "Love on soul",
      "annotations": {}
    },
    {
      "line": "And you know you better get it",
      "annotations": {}
    },
    {
      "line": "Cos it is ten vici (ssitude) mal",
      "annotations": {}
    },
    {
      "line": "F ck it, you better get it right",
      "annotations": {}
    },
    {
      "line": "I keep going like",
      "annotations": {}
    },
    {
      "line": "I never yodel in a vial",
      "annotations": {}
    },
    {
      "line": "",
      "annotations": {}
    },
    {
      "line": "[Verse 2]",
      "annotations": {
        "2": "Annotation for 2]",
        "Verse": "Annotation for [Verse"
      }
    },
    {
      "line": "You can never get a revival",
      "annotations": {}
    },
    {
      "line": "My dad’s soul body it’s on mine",
      "annotations": {}
    },
    {
      "line": "But i get it umpire",
      "annotations": {}
    },
    {
      "line": "Machiavelli’s devil get it in a sigh",
      "annotations": {}
    },
    {
      "line": "They always try and get on for a ride",
      "annotations": {}
    },
    {
      "line": "While i’m still stuck in here",
      "annotations": {}
    },
    {
      "line": "Tryna blight this sh t",
      "annotations": {}
    },
    {
      "line": "I’m the barn this year",
      "annotations": {}
    },
    {
      "line": "It is no milk on these n ggers",
      "annotations": {}
    },
    {
      "line": "Yes it is d mn all these n ggers",
      "annotations": {}
    },
    {
      "line": "It is zero love for these n ggers",
      "annotations": {}
    },
    {
      "line": "It is what i’ll give for these n ggers",
      "annotations": {}
    },
    {
      "line": "I’m just living on my soul",
      "annotations": {}
    },
    {
      "line": "Why he’s never turned a man",
      "annotations": {}
    },
    {
      "line": "He’s been on a hike",
      "annotations": {}
    },
    {
      "line": "You can never turn me on",
      "annotations": {}
    },
    {
      "line": "Not even with a play b tton",
      "annotations": {}
    },
    {
      "line": "I keep sewing all my sh t",
      "annotations": {}
    },
    {
      "line": "Like d mn i’m the ram",
      "annotations": {}
    },
    {
      "line": "The soul way, you’re out",
      "annotations": {}
    },
    {
      "line": "It is still my team",
      "annotations": {}
    },
    {
      "line": "That is siri",
      "annotations": {}
    },
    {
      "line": "Got it ya?",
      "annotations": {}
    },
    {
      "line": "I got a table on my d mn head",
      "annotations": {}
    },
    {
      "line": "That is what is scalp that is open",
      "annotations": {}
    },
    {
      "line": "Why you all are suckers that are slithering around my theine",
      "annotations": {}
    },
    {
      "line": "It is no bothers",
      "annotations": {}
    },
    {
      "line": "I am alive in that sim",
      "annotations": {}
    },
    {
      "line": "I’m just curt in all my love",
      "annotations": {}
    },
    {
      "line": "Like he is seen roving",
      "annotations": {}
    },
    {
      "line": "He is uncouth and motherf ckers know",
      "annotations": {}
    },
    {
      "line": "Brollies",
      "annotations": {}
    },
    {
      "line": "I’m still combing my fee, not towing this",
      "annotations": {}
    },
    {
      "line": "I lock all my teams, it is no bothers",
      "annotations": {}
    },
    {
      "line": "That means never call on me",
      "annotations": {}
    },
    {
      "line": "Just be a tourist",
      "annotations": {}
    },
    {
      "line": "Oh gawd it is no bother on me",
      "annotations": {}
    },
    {
      "line": "I’m still looking for the nova who is cumming on me",
      "annotations": {}
    },
    {
      "line": "I’m just sh ll in",
      "annotations": {}
    },
    {
      "line": "Sheila",
      "annotations": {}
    },
    {
      "line": "K!lling",
      "annotations": {}
    },
    {
      "line": "Worst this time, they’re all about their feeling",
      "annotations": {}
    }
  ]
}